face,fold,human_mean,rater_count,reference_linear,reference_isotonic,mean_ensemble,best_single,ridge,lasso,evolved_ridge
1.jpg,4,0.19277810301248202,34,0.36374508425958796,0.2933252582007164,0.3230661821559584,0.3983869361750855,0.2830935111123438,0.28313837065632375,0.2803514017302586
2.jpg,1,0.755162649495261,35,0.7125849385866418,0.6703138009528102,0.8196792509064357,0.8292293040098401,0.8243157805576171,0.8258879856767116,0.8196674563427493
3.jpg,4,0.23401123852896932,37,0.2544942486524443,0.24965819154067612,0.12186364802160776,0.12971038010229297,0.1465322689056221,0.14543281253499718,0.14371003277142974
4.jpg,1,0.5943199521616885,38,0.5654945485460874,0.5979475141669043,0.6439970675852291,0.7129475762155355,0.6935906462220014,0.6943230522981625,0.6815955055225299
5.jpg,4,0.8227722746985299,35,0.6617764137192836,0.6629208573263737,0.7068608843240396,0.6918089262015671,0.7414078819049625,0.7424699352784145,0.7391478742151317
6.jpg,3,0.3282959886679524,38,0.33586050777835763,0.274402216941554,0.2661960796992434,0.2972648373449607,0.3077359912182105,0.3118378315668273,0.31225793874356045
7.jpg,4,0.388613860679066,36,0.47375137998638733,0.46463483502953734,0.3759304739639967,0.4184901331445356,0.47050112876965655,0.4712940011520039,0.46791744102413313
8.jpg,1,0.7727983327288377,38,0.7394003104439992,0.6890516122751108,0.6478987089614509,0.5794791496984208,0.7519448980800002,0.7486084049314272,0.7464367691229743
9.jpg,0,0.700120008353031,33,0.4418722651237258,0.3857695869294708,0.48462685563030466,0.4710374371767149,0.6546840318514152,0.6532630409884845,0.6447574931136334
10.jpg,3,0.24387701996602118,38,0.4523021308904895,0.3979867832982218,0.40816648648214576,0.4268748269590235,0.34580951014899053,0.3489290250431528,0.3493913320720708
11.jpg,8,0.6491336580365896,32,0.47495175945538654,0.45781505263783656,0.5935920089635234,0.6329890218629436,0.6228892803340786,0.6226416614657011,0.618632450736874
12.jpg,7,0.682343237929874,36,0.7309630244878319,0.6925119957342815,0.6881629623549601,0.624642103957725,0.7039182978259952,0.7097584977086359,0.7094201574938545
13.jpg,6,0.7154134310580589,37,0.627396955623235,0.6541603195966402,0.6703459255334867,0.6933769770758302,0.657486656379629,0.6589610924182732,0.6588930749590293
14.jpg,3,0.7718758357537759,37,0.6640481873426234,0.6650596673970122,0.7407677826661733,0.7917377489608136,0.7616835569593677,0.7596249766043014,0.7540546867005363
15.jpg,9,0.28921313293425266,38,0.5500275745033527,0.5842279907608974,0.4751961983734226,0.4263649250085834,0.285843648869799,0.2894635099907447,0.28873315311881703
16.jpg,7,0.20346534680575132,40,0.313137309448438,0.2538822720784918,0.25739473660625345,0.25458650872321886,0.2203597670770298,0.22487851351474114,0.22635033957497458
17.jpg,1,0.3480905253972326,35,0.535598253031665,0.5831883179064062,0.45553814548532906,0.4492661842491845,0.3719129906848805,0.36758987829722833,0.3742764811481625
18.jpg,5,0.6050782492083888,31,0.5326807741515921,0.5783524373811708,0.6050917663986619,0.6491043331978448,0.6468368867305281,0.6482902726747793,0.6571072137325704
19.jpg,5,0.6750911897734592,38,0.5484879164702785,0.5783524373811708,0.6228145279856444,0.6745992801204782,0.6764992002969912,0.6754266361315018,0.677489793638106
20.jpg,7,0.6763446604883349,37,0.5578672242703745,0.5968977719312591,0.5705634067944274,0.6488961789951577,0.6351439247489481,0.6365091382988511,0.6368722215754699
21.jpg,3,0.4896039579063654,40,0.5858080007228086,0.6564975545950875,0.6517339484638945,0.6320947851480627,0.5492080752612498,0.54803833166668,0.5472701005614425
22.jpg,5,0.6624297580203494,37,0.642854296148776,0.6539998308834252,0.7020736161829131,0.7256030615605432,0.6719512356200017,0.6707048496202215,0.6774041809773548
23.jpg,3,0.555728428704398,35,0.5568318020579688,0.5985290068948184,0.5525273332703895,0.5169201504986425,0.5775837563118873,0.5779627155117912,0.5747855379899272
24.jpg,5,0.4301719649841911,38,0.5097027676957777,0.5541265599748301,0.3972874130124232,0.2956842456038943,0.35363365109413114,0.35597998290979227,0.3544252163927473
25.jpg,6,0.6956114543450845,37,0.5888393828845899,0.6492064101464289,0.6625841718687258,0.640891683725181,0.7398586196761817,0.7426536171580517,0.7403595691747595
26.jpg,7,0.5602087233517621,37,0.5166405652614118,0.5314201452634091,0.5005531789892815,0.44615132441158317,0.5126578371295218,0.5093924292172812,0.5062681402842155
27.jpg,2,0.7698727011680603,35,0.6032661840018316,0.6537644610221381,0.7395085456235834,0.739801348404516,0.7584126712618897,0.7575743929226009,0.7616611034777498
28.jpg,7,0.4028321428354396,43,0.3828251347830892,0.3356824076684029,0.353210962306745,0.3963702811219298,0.275769320268353,0.2761541432400256,0.27750013911680793
29.jpg,7,0.5498049810077205,33,0.5952766482080976,0.6529911730053147,0.6259598854868005,0.6436280625745627,0.5498901922215413,0.5517819824509791,0.5524877442901515
30.jpg,9,0.8215216241384807,38,0.7016636056009731,0.6653564641083346,0.7810485071942425,0.769314580638017,0.7516391363557771,0.7545018507823369,0.7553518896373197
31.jpg,0,0.35544554250580923,35,0.4349908568327157,0.3857695869294708,0.34097050958506936,0.3982076433574797,0.3345886237244303,0.33632378770104665,0.33552381770450246
32.jpg,6,0.7615945778395,38,0.6180971723721944,0.6541603195966402,0.7659485949823622,0.8502289776714758,0.7868298378248875,0.7875960988516346,0.7860423679446336
33.jpg,8,0.547631785676286,37,0.7087804870937202,0.673215557960659,0.589682222476779,0.4260475284166264,0.6203956192669229,0.6203715897303655,0.6131668149099951
34.jpg,4,0.8702449139795805,38,0.7366143668031206,0.6899131467349947,0.8536952261989691,0.8760664788511374,0.8188152486830694,0.8200254992019254,0.819741595033971
35.jpg,7,0.2636138616944663,32,0.5882309614874883,0.6526093488646079,0.48978696958900064,0.4525963286104684,0.4238397819433093,0.4286775889721991,0.42376062455008734
36.jpg,8,0.4968733691463345,38,0.5212718104474624,0.5734453192411686,0.5411369831484636,0.5204827803756088,0.4900283924921326,0.48821698992236917,0.48937592590831325
37.jpg,2,0.3625176810792514,35,0.5357833772255034,0.5771686071695831,0.34122225627426406,0.25378138506861325,0.31057678199321287,0.31204792305072365,0.31126447360456433
38.jpg,7,0.63937547038763,39,0.5287040539624644,0.5901850906305742,0.5621216539373155,0.5082180698997605,0.6114265292532567,0.6124185403690147,0.6139193155023944
39.jpg,1,0.6934706971452043,37,0.5673495925532975,0.5979475141669043,0.6440001384692718,0.7234433138182671,0.7501502120170962,0.7508464332854451,0.7410451113857713
40.jpg,8,0.6544554420879909,35,0.46665302317377544,0.45781505263783656,0.5227375732824728,0.4920158806971647,0.6222937344351821,0.619461808702919,0.6254144000284277
41.jpg,5,0.5181518126693037,36,0.6343815319392615,0.6539998308834252,0.6355798184163852,0.602564325902649,0.631153280127581,0.6324982057962871,0.6424622393435665
42.jpg,5,0.5858977759206617,37,0.4122708207615112,0.35756858161502314,0.4813530520139441,0.5954491087340646,0.5197449508418437,0.5182341616348747,0.5249571624355761
43.jpg,2,0.7347117066383362,34,0.6207112030299544,0.6537644610221381,0.7118299684935903,0.7582653379661528,0.7408056682909521,0.7406884105921389,0.7372746865466453
44.jpg,1,0.49066477886268073,35,0.6792874551281591,0.6703138009528102,0.6673711013396373,0.6093108066257034,0.47760034239944055,0.47317898110276213,0.4772505351300998
45.jpg,0,0.5223479475293841,35,0.6340638108306067,0.6490917586046778,0.5662934885891029,0.5363927974240341,0.5227532692331327,0.5244254158811582,0.5284034606286182
46.jpg,4,0.7004950493574142,32,0.6587431969435602,0.6542509696711698,0.7213502399470092,0.7688573765237637,0.7110919533718368,0.7099509443128135,0.7033217766904936
47.jpg,1,0.60313531011343,36,0.6962238946806081,0.6703138009528102,0.6220870953954468,0.5054457479382407,0.6104887427057869,0.6125350386159388,0.6130408350091595
48.jpg,0,0.5662816315889359,36,0.381198175195245,0.3246454187552929,0.38204751690769073,0.3976883551664876,0.4929583750361545,0.49429124948323816,0.49373774452401437
49.jpg,4,0.5623494741078969,37,0.6279997251765171,0.6542509696711698,0.6084251197558315,0.5625018856334638,0.5553983180546324,0.555455987585459,0.554217618880024
50.jpg,4,0.6267876815464761,36,0.6854830907882871,0.6671982196241483,0.7409219788499095,0.7636487273926175,0.6760117545094332,0.6771072595272845,0.6813059854635523
51.jpg,0,0.6489863232487724,42,0.6056476721830877,0.6490917586046778,0.7127102985891703,0.7332814316604364,0.6885216017605609,0.6868979805101176,0.6879046479925933
52.jpg,1,0.22861132290787423,39,0.2944076880912806,0.24615217760898492,0.22465604045821574,0.2763997841455045,0.18191186619932476,0.18180868722637178,0.18295530140509225
53.jpg,5,0.30745179696302666,38,0.439265241922819,0.3917278869399529,0.36784458003799736,0.3514041203810643,0.2926717945417585,0.29074943954415283,0.2963312944942829
54.jpg,8,0.38599717212574824,35,0.5524328960582561,0.6038361243767831,0.5010054737102327,0.4797130574282438,0.3535768588948933,0.3499716884206911,0.3569166948933148
55.jpg,8,0.7089629988921317,38,0.7233071208773707,0.6892740292208954,0.6908516984532843,0.667019645617253,0.6560316801196183,0.6527618771588793,0.6534029511116578
56.jpg,6,0.7445812120630935,37,0.6309600591015794,0.6541603195966402,0.7729634812627921,0.7820662342755593,0.75507663041407,0.7528341389223118,0.7559995598201882
57.jpg,0,0.667416740547527,33,0.7291286192112001,0.6801291183004827,0.6925393327529334,0.6459268588308824,0.6819013167024925,0.6811400205009355,0.6788448077106097
58.jpg,6,0.5613861390522548,35,0.5722709994322513,0.6315634576129162,0.633798745732048,0.5839805934396233,0.6282151135571497,0.6266053690721387,0.6271998750215957
59.jpg,2,0.6858910858631134,40,0.6831548368681013,0.672947164826379,0.5607607494864044,0.5665518944354577,0.7061687039882268,0.7023499387021171,0.6981104503506085
60.jpg,2,0.3409840995163629,33,0.44354028000581724,0.39273218190095105,0.2786779105892703,0.24453678414662638,0.2982320936727125,0.29646743650945523,0.2980731622511892
61.jpg,9,0.41490500444244294,37,0.5272437604511355,0.5842279907608974,0.35515333161689355,0.32782585310111545,0.3091840102015073,0.308719825190863,0.3046988017129014
62.jpg,7,0.549504951470428,36,0.6548460419651599,0.6669360555564974,0.5743921485548578,0.5869795329551213,0.5353169401517129,0.5388138164387362,0.5358475733799166
63.jpg,5,0.58580857846472,36,0.6730646900155571,0.6721142694266388,0.6992334211652854,0.684750484466329,0.5953234222725178,0.5973164281503995,0.5960687068003183
64.jpg,6,0.722189864691566,34,0.48915870316890436,0.478996161648096,0.5715833274410025,0.6562186839260657,0.7566980157277643,0.758622457757997,0.7563248461718178
65.jpg,2,0.34008400830807106,33,0.33495697752121045,0.2824741659948822,0.22599097801953172,0.26329877119767287,0.2529237897076938,0.25464280162374087,0.25299738224194124
66.jpg,3,0.6685773777334314,38,0.7642369834542695,0.7241353406142617,0.7667655292138815,0.6962466857356036,0.6531375236423793,0.6540995735076902,0.6485300447248525
67.jpg,5,0.3204442084691412,37,0.42841526774040584,0.3917278869399529,0.37012417388315755,0.4040286510622372,0.22991646662103365,0.22804674832380584,0.2309512595416155
68.jpg,6,0.7071591692093091,39,0.6941629800800804,0.6672278469326691,0.7437974446444364,0.7746519572284747,0.6736650038602678,0.6708888084545839,0.6701575879944223
69.jpg,6,0.7371160143460983,39,0.761272375415644,0.7107498305582793,0.8184595831607161,0.8066303811965787,0.8323763732580145,0.8366418829164204,0.8358106475355112
70.jpg,1,0.5677013630802566,37,0.5120570434737459,0.5256984437576014,0.5516343647649256,0.5696932824802263,0.5915002015282255,0.5947395787775125,0.5930628969653254
71.jpg,4,0.8018387539046151,35,0.7879936553437692,0.713424779362774,0.8651403793941312,0.8291750829385023,0.7702098941230149,0.7702967657435761,0.7692555292631074
72.jpg,8,0.2811360093642418,38,0.35016484191744324,0.2886049377613918,0.30254477607496133,0.32547499243107747,0.2085022717220184,0.21533803946682767,0.1960526159114907
73.jpg,7,0.5848274005425943,37,0.8103377107272599,0.7368245454903367,0.6593179262285351,0.5709983490803329,0.6751597946461336,0.677153899581182,0.677469912108091
74.jpg,9,0.5601875919260477,38,0.5520499777045562,0.5985409233521501,0.550907018947094,0.5193616172548958,0.5625383697889162,0.5594763503291238,0.563002466000395
75.jpg,7,0.19219569092178168,34,0.3534558765870096,0.29707329415079414,0.2629932204251234,0.30341706077062824,0.17078430892705282,0.17273437152617033,0.17235919230387464
76.jpg,3,0.6656165628722219,33,0.5602203106474533,0.5985290068948184,0.6915328849134843,0.666041036111531,0.6505355115676529,0.6531960800520461,0.6560785051585456
77.jpg,8,0.775577555100123,36,0.643795947023988,0.6582543652127798,0.726807731689755,0.7607973254505921,0.722756313940155,0.7244628542648943,0.7159088951073036
78.jpg,8,0.24441630394349612,43,0.23980605424593138,0.23714645655605296,0.1494018998728759,0.1748679110307384,0.2840341142382184,0.283611619507128,0.29414748195446694
79.jpg,0,0.7642802748924646,39,0.6395426132393398,0.6612273534296873,0.6611305744020572,0.6424994484464182,0.6727975898863118,0.6736680417919857,0.6728967436554546
80.jpg,0,0.33041381008493215,39,0.40247958336803913,0.3246454187552929,0.27986348938521743,0.2983245763115243,0.32181890415669867,0.3224807356727144,0.32109496867165
81.jpg,6,0.48217821972710745,35,0.6545083930595519,0.6625380280867277,0.4890392378806599,0.45472399000955327,0.5325581059618029,0.5317393010403233,0.5278594560022626
82.jpg,5,0.5717071710210858,33,0.6051612197406365,0.6539998308834252,0.7340485084220038,0.6752322114364129,0.6863471808826974,0.684211687978628,0.6830717738435511
83.jpg,0,0.693493630204882,35,0.5214551110382996,0.5786838051749038,0.6708694248061647,0.7394378131455243,0.7689159302314468,0.7700217714528211,0.7762121851415553
84.jpg,8,0.3066556642815057,36,0.4413551541297911,0.39767960626398374,0.3350697023105843,0.37598954163762727,0.2972534657570183,0.2946981809013144,0.29484880548844683
85.jpg,4,0.6190794698289923,37,0.6828104471365202,0.6671982196241483,0.6727689659775472,0.6813981538103911,0.7072569678938023,0.7092068672279017,0.7117012120480108
86.jpg,3,0.5030464607959565,39,0.7063270676301777,0.6650596673970122,0.6632020149390176,0.6745281130171916,0.6038594614078342,0.6058981580639908,0.6005579860692587
87.jpg,9,0.6758728513592168,38,0.5995377587634096,0.6533373742939058,0.5905588063453058,0.5208705144283892,0.6826583968702958,0.68228527308266,0.6869249897899293
88.jpg,8,0.27475247664066654,36,0.3881314936313026,0.3329822880235352,0.33607678443472644,0.3413699117479859,0.2744250968334198,0.276938709166321,0.27770650771258587
89.jpg,4,0.6948931742655603,38,0.6443273012420394,0.6542509696711698,0.6765302307503956,0.7379889603299955,0.7584234760447479,0.7600136595499947,0.7666670972018977
90.jpg,5,0.6292480544464009,37,0.5769544657972154,0.5977441204593461,0.5924439968432793,0.6007256418154622,0.6496680304916906,0.6522577302390957,0.6573664650015526
91.jpg,8,0.25715071515231913,36,0.33398966057483725,0.2697012853356045,0.24998027690075197,0.29511361192875085,0.2627995306762853,0.26565626895361766,0.26716227312184204
92.jpg,8,0.6746424618694518,36,0.5478259152828525,0.5734453192411686,0.6661710529899809,0.6457117804278384,0.639467126527822,0.6426077344274819,0.6381879875025289
93.jpg,2,0.8019801956765792,34,0.6215641390392679,0.6537644610221381,0.742522937770755,0.771992549112642,0.7844069450592239,0.7851574947697327,0.7880458249110427
94.jpg,0,0.6118544271668872,37,0.6593049901332121,0.6711737226359442,0.7165245031880905,0.6937508680994335,0.6701793578101822,0.6708745188843335,0.6746849767521077
95.jpg,9,0.8105060441626443,36,0.7243025425351781,0.6877423698351142,0.8523419144319435,0.8040346361622461,0.8346960177013545,0.8341556500647324,0.8355066579114052
96.jpg,9,0.43210749426590545,35,0.5202803920754228,0.5842279907608974,0.4589691010317905,0.4379380150178718,0.4382098288846533,0.4403664624093973,0.43753745201787053
97.jpg,8,0.6838755295390174,42,0.5350938119555787,0.5734453192411686,0.6810108064256742,0.7491172052780537,0.7305067478340028,0.7289615842510326,0.7314636266863972
98.jpg,7,0.5666505632604041,41,0.6541422125809175,0.6669360555564974,0.4545924922874909,0.38266241783636673,0.45327969725616113,0.45808573264500607,0.4602037442325628
99.jpg,8,0.7011701132763516,44,0.6457219081394311,0.6582543652127798,0.700272152683486,0.6596199185492911,0.6609187066293606,0.6651081899235547,0.6671498678417536
100.jpg,6,0.812243417995732,41,0.622248528568375,0.6541603195966402,0.7324664068211857,0.739682234961177,0.7867050028298394,0.7866623103537224,0.7889279792609833
101.jpg,4,0.6847379861808405,41,0.5037290327290976,0.5262622811097408,0.5245104018012714,0.5164919424791361,0.6950528670163898,0.6992056304757618,0.7062476616124844
102.jpg,7,0.5566428747288016,43,0.4150088434501785,0.36601382840760865,0.38905225660933557,0.42192710294860075,0.5093973732913496,0.514570635471952,0.5122382291586544
103.jpg,0,0.6223322325282626,45,0.5894319862258955,0.6400424494739521,0.6135024019957434,0.6898623311345857,0.6596275766514252,0.6599831519408401,0.6570550453461761
104.jpg,0,0.450966526532457,42,0.6524584373153262,0.6612273534296873,0.6455771830525492,0.6488400639158262,0.5636454881756139,0.5635911524718726,0.563071554116799
105.jpg,1,0.7566831648349762,40,0.5816724031583427,0.6339441426960727,0.6130346042865833,0.5538133925021862,0.700403796256183,0.6981462737472597,0.6973279550253727
106.jpg,4,0.7294554367661477,40,0.6802268715669311,0.6671982196241483,0.7261483114180292,0.7413758037744496,0.7452579104080463,0.7463078104919803,0.7459589051124345
107.jpg,9,0.6663849310177129,41,0.6194825689476879,0.6540831156792618,0.7555653537286344,0.7477667203526975,0.6701025107990517,0.670521941297142,0.6728208615712205
108.jpg,7,0.20948410601551204,38,0.3666102711708552,0.29707329415079414,0.3116820786025033,0.3676483983004164,0.2996393035724808,0.29753582331607153,0.295977347647307
109.jpg,9,0.748794110921713,39,0.5783524297805033,0.6184121894327761,0.7159009154545412,0.6922888485177627,0.7473602457936181,0.7471063163424723,0.7471873558765809
110.jpg,3,0.8559955967797174,45,0.938651257240907,0.7840020844810888,0.829545763047843,0.7584229763091856,0.8797119727049155,0.8782421257811837,0.8719951224170454
111.jpg,9,0.6102610277858648,44,0.5645759493598956,0.5985409233521501,0.6673101811912404,0.6837473197127892,0.6833431237536849,0.681916257062759,0.6843303395829569
112.jpg,6,0.7285654050238589,47,0.601244865970901,0.6541603195966402,0.6734075058713109,0.761226487273563,0.7489061318898582,0.7464992393366824,0.7499365329790944
113.jpg,0,0.6049504928290844,40,0.6071899254137029,0.6490917586046778,0.6690020418602708,0.675761681920825,0.6415777087982122,0.6397687045942755,0.6418093225993252
114.jpg,6,0.3908533718592177,42,0.6992499139782355,0.6672278469326691,0.5387155056937012,0.36339380146715955,0.45912525797118825,0.4613682967248406,0.45837919639625163
115.jpg,5,0.45918859932117345,41,0.577837943663486,0.5977441204593461,0.6332259108714428,0.6239458258082271,0.46432220696161913,0.46616488369846776,0.45751526719381974
116.jpg,7,0.5370210895071859,46,0.4247915835961077,0.39073982352678754,0.4557109476302514,0.4275704679895479,0.533060847045035,0.5329380841412574,0.5360244167260984
117.jpg,7,0.6102488600724453,37,0.5555895332636362,0.5901850906305742,0.6098087030033967,0.5472780626066767,0.6210121129669328,0.6163235558287835,0.6179483548468689
118.jpg,0,0.3650338712491487,38,0.47238419618435956,0.47799863898817424,0.42752601631588955,0.4811056036056761,0.4241708565143506,0.4226921040055625,0.42783962100982564
119.jpg,3,0.6891891859673165,37,0.5208755475804268,0.5759383336832353,0.5999510908388737,0.7031126954854054,0.7113246182538326,0.7105789530723583,0.7072597622380467
120.jpg,8,0.15067276100699717,39,0.37200130449399016,0.3329822880235352,0.18383381320378256,0.2425144975503304,0.10922504433357827,0.1106365441625699,0.10627967401603361
121.jpg,0,0.3996873358754735,38,0.7059614532874029,0.6801291183004827,0.6623159220028516,0.6819196466016172,0.5862162186702256,0.5849131326763646,0.5862826534639007
122.jpg,3,0.2384689703311135,41,0.44651348612422687,0.3979867832982218,0.3636162113839221,0.37416953582923174,0.2545677591730006,0.25463944361631075,0.2541367697600509
123.jpg,7,0.24034653545822948,40,0.3079415307709483,0.2538822720784918,0.2027103038791822,0.25118087282340607,0.2679171746972081,0.2654708904444685,0.26447039921063037
124.jpg,0,0.25445544593302266,35,0.39889808204940314,0.3246454187552929,0.29273832263375776,0.31529693421755967,0.2051002502849379,0.20622771431513243,0.20345765272099547
125.jpg,7,0.2578972199310859,42,0.3264936847659058,0.2691457297716596,0.2813772722542667,0.28951631345738493,0.321325921276463,0.3196686257548529,0.3223837854436934
126.jpg,5,0.5435230967899164,48,0.6308374807809412,0.6539998308834252,0.5900927710682954,0.4932660267341367,0.5599692545793337,0.5630838045301773,0.5727448720061151
127.jpg,8,0.5528052766763029,42,0.7323050553708266,0.6907499349186828,0.6259001587444862,0.5131352940621701,0.5663325471909981,0.5661381764234982,0.5698487220154509
128.jpg,2,0.7362857887873778,37,0.6065872354068362,0.6537644610221381,0.6566100328115766,0.7109155029560764,0.7415701423765807,0.7391634365629126,0.735718331293423
129.jpg,9,0.7180575196232114,42,0.8181396552871653,0.7332181569551683,0.7467026954635901,0.6735498405465831,0.8278094795085617,0.828181193735444,0.8295848951098205
130.jpg,5,0.3780487822482317,41,0.6394590518398744,0.6539998308834252,0.5796211296497988,0.5048932063283356,0.5038485060297979,0.507023427955806,0.50319476234153
131.jpg,6,0.7140814026196798,45,0.7252406579496364,0.6859499927618158,0.7590388402999395,0.7456645414520771,0.8163713153522334,0.8181933453060408,0.8168223249542652
132.jpg,6,0.42516693580072634,43,0.492611864336776,0.5455985016014541,0.4506990411393148,0.441261303408443,0.45354193958840616,0.45389177634967137,0.45431370870517357
133.jpg,4,0.5760576037520712,44,0.5587097979591775,0.6063409484936375,0.6088065641657614,0.6707347130759862,0.6300669128363671,0.6316911219674725,0.6325289706199249
134.jpg,3,0.2309759533032775,35,0.40269622422297324,0.35215677426207204,0.326870711340729,0.32683867287610335,0.24264071989673702,0.24415434206944725,0.24182128598706032
135.jpg,1,0.550212161172004,42,0.6283710686446612,0.6540743911309628,0.661036772812643,0.6619195274403927,0.6101355968649583,0.6084539239349748,0.6156021906807906
136.jpg,1,0.7168062910055503,39,0.8054434084605586,0.7325250558982633,0.729500337264113,0.6393245512856198,0.7451221284639638,0.7398434423164999,0.7416938874391983
137.jpg,0,0.6699669921681994,42,0.5867590719492413,0.6381890798103024,0.6654871325166742,0.6737330666041053,0.6859166853685958,0.6849998163073526,0.6823469947128047
138.jpg,2,0.5445544511079788,40,0.48566344839294107,0.49566967559628466,0.48379022798326704,0.44967802209996494,0.5440884228300129,0.5444606695426294,0.5448401370874852
139.jpg,3,0.31543539063288617,39,0.38857188139326415,0.3220426089599802,0.3726474732981001,0.4240410863976686,0.34094154830048284,0.34032792999973643,0.33085179965287626
140.jpg,9,0.5697569704868577,44,0.4631687020683657,0.4544607074522402,0.47005635424623166,0.5035019909029683,0.596250073252086,0.597660266823703,0.5964729269771374
141.jpg,8,0.7303436258259941,34,0.584766818398238,0.6448446083997568,0.6706565418339048,0.7391438675774094,0.6994494766648583,0.6986030961363333,0.6996883646446378
142.jpg,2,0.6159458027074212,38,0.5036669990599395,0.5290042661183955,0.5854127131739613,0.6477268446694133,0.6347276830478786,0.6353212801026555,0.6357551121238953
143.jpg,9,0.7588817705126369,34,0.5538946860692837,0.5985409233521501,0.6390884071228959,0.7212355884497954,0.7748742753438619,0.7715944872462898,0.7699016672424597
144.jpg,7,0.3433313909233274,34,0.5302887767269852,0.5901850906305742,0.4479242712015861,0.4469271431381375,0.435593403885551,0.43193927440809043,0.4328403771752885
145.jpg,8,0.6482148224657233,33,0.632360328400532,0.6512644860453761,0.6206467811655695,0.6373947844064597,0.64155543764195,0.6421355730784493,0.6459421372369385
146.jpg,8,0.4530410159911428,35,0.579653134209482,0.6448446083997568,0.6045786823146119,0.5717092773008512,0.48031706924618806,0.48006435246801815,0.48271671733207755
147.jpg,3,0.24282178177963942,40,0.38289818928482433,0.3220426089599802,0.3348112852265661,0.3674307451397946,0.3644424996302591,0.3658950887221602,0.3645737854919668
148.jpg,6,0.6016858385221379,37,0.5990550187599927,0.6541603195966402,0.6758286610991802,0.6196037206556593,0.5643455144866535,0.564977583188708,0.564037673928217
149.jpg,4,0.37966488878457594,39,0.48474726481076436,0.46463483502953734,0.42447112932469483,0.40982988384785607,0.37145989240484056,0.37239104490009795,0.3722257856454841
150.jpg,7,0.6960396025862012,35,0.6450215001129501,0.6640862262830132,0.7545823211363394,0.7500777180414007,0.7133684449111349,0.715626779327615,0.7110539530345127
151.jpg,6,0.6006154683796135,37,0.47598076059156763,0.4649387372989754,0.4576749767729943,0.4154572370876803,0.5829166923721991,0.5806829608635411,0.5788933808578062
152.jpg,8,0.8219236135482788,35,0.6826843633040257,0.673215557960659,0.6013450404769836,0.5566359777994707,0.7485696382850364,0.7514018078188691,0.7562499569293932
153.jpg,2,0.7151458311725307,37,0.5588810618601148,0.5940812369333526,0.6447244765732264,0.6292871908041382,0.7513533637040208,0.7528769640952664,0.7520496225201215
154.jpg,1,0.5393363698511511,37,0.5633201794433396,0.5979475141669043,0.6410030508233263,0.5854983722392808,0.587073214525789,0.5884373980145341,0.5872569454369038
155.jpg,6,0.6218371780382262,36,0.6230693917636805,0.6541603195966402,0.6124752229563618,0.5390486215102193,0.6279645611721354,0.6266943381278942,0.6256465987135917
156.jpg,4,0.5511551118559308,36,0.6104487347215793,0.6542509696711698,0.6411996207814895,0.6096301372016224,0.7040064355670808,0.7036875890043486,0.6982135520667321
157.jpg,1,0.5981848099165492,36,0.8208256739891961,0.7325250558982633,0.6038489345819186,0.4725147947378876,0.6493490515307524,0.6452535699248045,0.6469576043875352
158.jpg,5,0.444241790395034,38,0.5684048774254166,0.5977441204593461,0.5244418602181686,0.5099368293861308,0.5316264239194852,0.5325199635226241,0.5310405891887502
159.jpg,7,0.49973944303775697,38,0.7866026471390608,0.7244263612096028,0.7433239584241771,0.5999934877392927,0.5631253900499527,0.5608001848257491,0.5601429096099583
160.jpg,1,0.2562609228086384,34,0.4320495303123095,0.3970245066897813,0.3478880196332632,0.343362913669543,0.27911766734944565,0.2775613752282819,0.2834285046058912
161.jpg,3,0.7071963272443632,41,0.6362284960007134,0.6643570208330195,0.7294722573209376,0.7861749056201853,0.6984250014962536,0.6997104739992432,0.7041314373446722
162.jpg,1,0.3395531852252017,39,0.43390992771082715,0.3970245066897813,0.40885318189641,0.4820016283249001,0.3290602685524019,0.3336175299769911,0.33250659724274956
163.jpg,1,0.222772276122123,40,0.27559403961322537,0.24615217760898492,0.17627992675517556,0.2586013040899965,0.23905892568306392,0.23709266393225004,0.23659851525776582
164.jpg,5,0.3105784290666251,38,0.5920845780579105,0.6529198914827967,0.33530439984828175,0.2852595142026674,0.2844819115742159,0.27945594450157435,0.2855995638109941
165.jpg,0,0.6035981628952957,41,0.5156088606987917,0.5786838051749038,0.532497740532047,0.47706491320104144,0.5407982087225367,0.5411310168566265,0.5374540454430371
166.jpg,1,0.6383599891112401,39,0.7744115365549165,0.7130449799797708,0.7909499287966756,0.7331508686775126,0.6740250359197568,0.670480883406142,0.6740590710187653
167.jpg,8,0.3358910896931775,40,0.34119020942591005,0.2870037012667318,0.24601645430782693,0.2456787468419236,0.31685728211288045,0.31399339322952574,0.32030154653785586
168.jpg,2,0.7764851491898298,40,0.7887071009827369,0.7136095746907886,0.8492403652154003,0.8298243487621125,0.8102814844177699,0.8127542590048286,0.814083316914126
169.jpg,3,0.3272537774724984,38,0.4740503654538027,0.4707374756643302,0.3677616061850708,0.3760306864642349,0.4064617787053444,0.40804444486863056,0.4065064674664274
170.jpg,9,0.6522277221083641,40,0.5679916590848071,0.5985409233521501,0.6436258892522542,0.6693581012125147,0.724932596773624,0.7258819347073499,0.7287415547736188
171.jpg,6,0.5930693007177776,45,0.6371518245934826,0.6541603195966402,0.6800146187819063,0.6182607302101522,0.6697662920542151,0.6692371565048979,0.6652767787730324
172.jpg,5,0.5477722808718681,40,0.6841392903752085,0.6721142694266388,0.5715844056125625,0.49929742588700055,0.505425653054661,0.5045563857765227,0.5036980377618716
173.jpg,3,0.5455445528030396,40,0.37341163279054257,0.28503374576309237,0.43921220576801284,0.554585596757037,0.5918852302745505,0.5904039703745046,0.5880484435920794
174.jpg,7,0.5038638016799601,41,0.7885724840949594,0.7244263612096028,0.6549079297105928,0.5393095697985586,0.647345710069809,0.6473308373087521,0.6456709278365528
175.jpg,9,0.13874079746743426,39,0.3417711699027852,0.2966982166534258,0.2019420959954047,0.2992322557976097,0.15571723027166806,0.15541145543243767,0.15763309577687667
176.jpg,4,0.7369486858898943,44,0.49788392827490036,0.5262622811097408,0.6468425846298067,0.7370522049972263,0.7089349744876806,0.7071620229657056,0.7078399443623388
177.jpg,2,0.3494128482091392,43,0.35882624289869325,0.2824741659948822,0.289424790389764,0.3510119675103776,0.3269490006487212,0.32600971847920057,0.3251269859264108
178.jpg,9,0.5378268567415384,39,0.5894778171536325,0.6460452452168102,0.6592364486945845,0.6381475194172753,0.5380949067789883,0.5382735491446071,0.532880628541566
179.jpg,1,0.4012439692607866,39,0.3435076313364702,0.28995168594756715,0.33469194491996945,0.45656612535222807,0.3358219304757179,0.33648818370366534,0.33080059202110296
180.jpg,7,0.28192434613951123,39,0.46519484938845324,0.47130123283956843,0.4711143256462637,0.49222258291966453,0.2991133255738649,0.29162557960478186,0.29153311477941835
181.jpg,5,0.7665651119672335,39,0.5861223927593866,0.6384646539344889,0.7295338097811379,0.8178003354490533,0.7326732589675133,0.7332044490298297,0.7320546190560593
182.jpg,6,0.32524752595927564,40,0.5904921989501724,0.6492064101464289,0.5407261382205898,0.43772729688879225,0.3695916219769592,0.37117127617071843,0.37502393920088495
183.jpg,9,0.2978113630516945,38,0.55307627726379,0.5985409233521501,0.5179255295575024,0.4428102422547211,0.3076639555629771,0.30717759335790257,0.3075421020906828
184.jpg,1,0.7579609284529815,37,0.4943490581389902,0.51075849827589,0.5985039452580709,0.685476202777327,0.7433083825147545,0.737026815586448,0.7431992491503547
185.jpg,1,0.41329943529657415,37,0.40719462670326256,0.36954662020428897,0.4004876363141252,0.5010702905227011,0.34989541661441886,0.34759515192370066,0.3381858514858247
186.jpg,2,0.4937467406454839,38,0.6093596934583543,0.6537644610221381,0.5794964368232017,0.5452134124920844,0.5078504893998689,0.5067489110470308,0.5056748101051431
187.jpg,2,0.6306380604704221,36,0.7666599162260607,0.7136095746907886,0.8052715775218212,0.7247850967102666,0.6016154753899154,0.601344180227306,0.5985074794812233
188.jpg,3,0.5101685793818654,37,0.567520470345503,0.5985290068948184,0.6727583090123491,0.6629205384995617,0.5809950734505661,0.5818973912740237,0.5870024041061407
189.jpg,7,0.648054338471834,43,0.5666588167539577,0.5968977719312591,0.6039077780403526,0.5996068881080423,0.6380268244147624,0.6340759470810076,0.6352885587986993
190.jpg,0,0.5806223464863641,35,0.514171579708064,0.5786838051749038,0.5257608278765956,0.5477988475491713,0.589569729325949,0.589753072769895,0.5937420117301976
191.jpg,1,0.7483498338196013,36,0.610804337705108,0.6540743911309628,0.6239866951434873,0.607503643369698,0.6870421472823478,0.6836279503865774,0.6833111688819417
192.jpg,0,0.6274101036159616,38,0.58585535475344,0.6381890798103024,0.5969993450438291,0.6160953271214828,0.6417570289255516,0.6407952566714125,0.6415083219133925
193.jpg,4,0.3461103261315397,35,0.4102060203537462,0.37372914983741334,0.40505734420875855,0.4628545109648239,0.4442058944955224,0.44459173699118376,0.4470666132778156
194.jpg,4,0.7459191857157527,37,0.8155364567911811,0.7305225686195003,0.7285212291974099,0.5809621108843183,0.7278808901152762,0.7267442833312597,0.7304080917281923
195.jpg,7,0.5835237342577714,39,0.657535361127631,0.6669360555564974,0.6915579135684925,0.6749350653652484,0.6964093700040361,0.6955302790265677,0.6970097129580524
196.jpg,6,0.16138613893251333,35,0.39620863806995155,0.33847527666634586,0.29113505718068977,0.3215685491728768,0.2189016237467432,0.2190678515218471,0.2196642728904889
197.jpg,9,0.21259626083903843,36,0.36359658000614414,0.3011715842503415,0.3433871359729561,0.40268229231525055,0.3082415816110513,0.30849107119838654,0.3058722892556044
198.jpg,9,0.7263083440916879,35,0.681489794642951,0.6653564641083346,0.774144854474482,0.7763213322313963,0.7648408502980747,0.7663718975844339,0.7676202611371995
199.jpg,5,0.6735423563255204,36,0.7336193034301499,0.7035317079107198,0.7422113015258275,0.7499879629917381,0.6963749826948322,0.697951035600021,0.6993759286134784
200.jpg,2,0.3638613872204183,36,0.6009617036306893,0.6537644610221381,0.47290244180374275,0.4473575320546125,0.47699099267460654,0.47826864608191255,0.4775968187992631
201.jpg,1,0.531787388810986,38,0.5585390374908275,0.5979475141669043,0.6097429835580789,0.5726744203302374,0.524447111477542,0.5209042108646612,0.5252550596774808
202.jpg,0,0.6589816093444825,35,0.6971749431341733,0.6711737226359442,0.7613744577371678,0.694757488926019,0.6420700804356845,0.6418296846657391,0.6394356537272055
203.jpg,2,0.30650636734707015,35,0.5684938799590116,0.5940812369333526,0.5431439114806067,0.47545749730510894,0.32633911484217687,0.3273460851668874,0.33280927382730513
204.jpg,6,0.3857578100302281,39,0.4856505935705402,0.478996161648096,0.4215523487183653,0.523943885088358,0.3651306573831786,0.3643034364211839,0.36690227606733483
205.jpg,1,0.45141606760579484,43,0.647714843740882,0.6660313191626077,0.645453776021118,0.5803714841163021,0.5675632651766452,0.5670297963737541,0.5695196494894924
206.jpg,9,0.7551408960269048,39,0.6351514021893054,0.6540831156792618,0.7190335244560169,0.808774982693757,0.786752559456041,0.7866066070392753,0.7801951445420489
207.jpg,5,0.4215948639336873,37,0.5146090546686831,0.5783524373811708,0.4984331462329621,0.4878595275170833,0.41788250411968353,0.41537823236446675,0.41448290922844766
208.jpg,3,0.5305057546576938,37,0.5589645573422803,0.5985290068948184,0.4584952444331845,0.42874118220091717,0.5829020404928728,0.5836434820623911,0.5855284628522077
209.jpg,3,0.5415358590643581,41,0.5692953706119339,0.5985290068948184,0.5946110329398935,0.5118171593603753,0.5763987302876559,0.576328272836615,0.5752767021836059
210.jpg,3,0.45123761929571626,40,0.5873521230805061,0.6564975545950875,0.5815059713648314,0.526230226855188,0.450021732022734,0.44892443117457065,0.44614629092974856
211.jpg,1,0.5742574259638786,38,0.528107966360525,0.5831883179064062,0.5842724752277733,0.5694198791085401,0.6567552580073739,0.6563912617758936,0.650640423158487
212.jpg,5,0.2990681438788991,34,0.50911932426592,0.5529295197996018,0.5017255453449795,0.5436478781758332,0.4582791458726654,0.45868589723713266,0.4573494458394002
213.jpg,7,0.6983110063216266,34,0.5477814217539108,0.5901850906305742,0.6829959795052967,0.764284027915416,0.739969688655939,0.7387204612262638,0.738033497616655
214.jpg,4,0.5855335535274612,36,0.6468929799539946,0.6542509696711698,0.6281236713401498,0.5801486777826482,0.6566979532966348,0.6557185877113578,0.6520107425078825
215.jpg,2,0.6550286584778836,38,0.568519349704358,0.5940812369333526,0.6535760303010326,0.7038441673777824,0.6482140884229787,0.6460024152266381,0.6438585100800933
216.jpg,7,0.7598259792183385,33,0.5865625440403053,0.6526093488646079,0.6878815615750202,0.6906479828579302,0.7524358563029525,0.7519610748272808,0.7449013972734606
217.jpg,7,0.7749999985098839,40,0.6307656123145899,0.6529911730053147,0.7174364013133718,0.7833816671742777,0.7746607338795605,0.7753771096889998,0.7775475145131232
218.jpg,1,0.5872230036627679,42,0.7673331792570202,0.7130449799797708,0.5741155621314378,0.48004795865898675,0.617609242176918,0.6210362649126423,0.6166473438913742
219.jpg,9,0.7117845910351451,41,0.5979616494112335,0.6533373742939058,0.6580041432818464,0.6752706563707237,0.6761141043033472,0.6771285277223634,0.675257453012832
220.jpg,0,0.3057265216862229,37,0.3604666087291468,0.2918383518685994,0.3328022174217622,0.43766900460098906,0.33074051006005023,0.3284474899957174,0.3307770439160408
221.jpg,5,0.8925608686498694,37,0.8091442604254907,0.7171482107383171,0.896145597962593,0.8697162641546838,0.8025490025294368,0.802340826096955,0.8039327922094944
222.jpg,6,0.2612761274342322,36,0.33916384996253957,0.29699527565796807,0.25426262984072434,0.3339974999096981,0.22690223269245474,0.22328133867620392,0.2192153860443507
223.jpg,9,0.41891891492933436,37,0.40458337897326135,0.3172610337007786,0.41985349319136744,0.49070877698877263,0.4371794583104176,0.43478888321743187,0.43609431189073544
224.jpg,3,0.41776677552196717,36,0.3925399754968212,0.3220426089599802,0.4391883581686367,0.5228192366279814,0.4079900752242359,0.40625245900810225,0.4003020132231221
225.jpg,6,0.558644331800632,39,0.5387246417454417,0.5761673720718848,0.595807097593972,0.5871797744752669,0.5968716116533103,0.5963870158039354,0.597612877055726
226.jpg,1,0.47990681362502713,34,0.620907126293903,0.6540743911309628,0.4194414909722697,0.3245619685215825,0.44305016175574535,0.4462084287898572,0.4468934524014081
227.jpg,5,0.4770713922641191,38,0.5480536452841905,0.5783524373811708,0.6057524403762673,0.6441049663909422,0.5575232069507513,0.555708939384921,0.5524639958764822
228.jpg,3,0.7382061691845164,34,0.5426951051471753,0.5759383336832353,0.6255717684783977,0.6936264599746695,0.7517977930180184,0.7516579020289512,0.754304807933498
229.jpg,9,0.21795557857163855,37,0.3579869199153316,0.3011715842503415,0.3334192814969742,0.3575596603899613,0.2714889983438683,0.270110055082297,0.2793961760724157
230.jpg,0,0.6391639179653592,36,0.649671126744602,0.6612273534296873,0.7433832336207675,0.7529778444278031,0.6807533662122068,0.6812390986287783,0.6874073444896153
231.jpg,5,0.6427392760912577,36,0.6873561765665591,0.6721142694266388,0.6357463839530835,0.5404071744656087,0.6296213008245798,0.6340300063380325,0.6322790417942153
232.jpg,7,0.3322183591489856,37,0.5767548415217391,0.6181620324628084,0.3765628631490141,0.33528300729576216,0.29608341728977033,0.29464462633653105,0.29741564690212796
233.jpg,4,0.573550209403038,35,0.498427770770441,0.5262622811097408,0.485760335790833,0.4424705342073353,0.4252327084573808,0.4265043140950028,0.43082925844558967
234.jpg,4,0.4598749315268115,38,0.3509910528369573,0.2933252582007164,0.40651335015461887,0.4775247528997512,0.4893711484298683,0.4874991937434204,0.4899354167301317
235.jpg,9,0.5441530596565556,37,0.6711228762754766,0.6653564641083346,0.7013728352213945,0.5932269667671254,0.6582402562069992,0.6563433878628965,0.6590358959625748
236.jpg,2,0.3465346536215614,34,0.500651630823675,0.5290042661183955,0.49406283443746474,0.4957825623766672,0.4058006876316025,0.40672378639496753,0.4068301265326207
237.jpg,3,0.6705799145357949,35,0.536590443905292,0.5759383336832353,0.5809515357777061,0.6162237561617189,0.690478071381849,0.6884243358587312,0.6880883138059787
238.jpg,4,0.5678925020354134,35,0.48834013990970493,0.46463483502953734,0.5695275448377816,0.6116570476709059,0.6814401976434701,0.6798779263053182,0.6731337448550863
239.jpg,2,0.6889438877503077,36,0.6315052903526757,0.6537644610221381,0.6960484058370104,0.6555690749996917,0.6338006942206663,0.6376766406382313,0.6386369098385629
240.jpg,4,0.4764516929516921,37,0.5443530497535578,0.5774130219214472,0.5180419561205543,0.5318164448260008,0.4450916628442174,0.44534669775605473,0.44533035207075367
241.jpg,6,0.5896440994095158,37,0.5223958679916608,0.5761673720718848,0.6149612354797402,0.6676837732590556,0.6353469538727774,0.6356728056048399,0.634521758939004
242.jpg,6,0.6632325351238251,37,0.5694914905693915,0.5934374532201891,0.6848942628258236,0.7010104510513608,0.7090496169016101,0.7104138379430278,0.7100343286494858
243.jpg,5,0.7758132914702097,42,0.8561783693695574,0.7425093450526146,0.753485995370666,0.6931720558082421,0.7732633141154415,0.7731328558236372,0.7671771625100642
244.jpg,0,0.8407105338924071,34,0.7172004269952894,0.6801291183004827,0.8004816670449976,0.8716381541456771,0.8169669455731563,0.8178713554416757,0.8153723770732028
245.jpg,4,0.5586031598819269,37,0.5594460201130045,0.6063409484936375,0.6458984394446097,0.6896124685807759,0.67342010192041,0.6742344855318088,0.6730031089352242
246.jpg,6,0.5631522592660543,37,0.419928589293052,0.3655911889936202,0.5196339561091856,0.5882302536859526,0.5891356784311526,0.5859217978853987,0.5858097841172825
247.jpg,8,0.7196949349867331,37,0.583244635845757,0.6448446083997568,0.7249403943343085,0.795437759550969,0.7318367284871743,0.728797709285115,0.7288082240538333
248.jpg,6,0.7348734868897332,36,0.5737188837583047,0.6315634576129162,0.6673167845958103,0.6935936873686727,0.6943322421056044,0.6948366863469932,0.6943117635933085
249.jpg,7,0.7411182277342853,34,0.6994542125829524,0.6669360555564974,0.7918813939627766,0.8148596835467372,0.8037229425228836,0.8016826255346009,0.8024722510863842
250.jpg,4,0.86903689846848,33,0.6900934045559682,0.6671982196241483,0.7510256983941033,0.7614818871868935,0.8101160458985001,0.809875302361156,0.8079996276694797
251.jpg,4,0.5918591784106361,36,0.6705333877801316,0.6671982196241483,0.6743445914881094,0.7086872551942754,0.6519968370448874,0.6527808771025697,0.6529703351769716
252.jpg,6,0.6722172191648772,33,0.629321105129711,0.6541603195966402,0.6166628345837434,0.5526557816398912,0.631273070394959,0.6295288721936098,0.6286225201888527
253.jpg,9,0.40127298097525327,35,0.5545290263491784,0.5985409233521501,0.4553570288555898,0.4292634065920568,0.3928664994500979,0.3945565875684023,0.3924548324071485
254.jpg,0,0.649317633864042,37,0.5614422296661671,0.5899695052686835,0.6031690922450903,0.5936696099491338,0.6331083406004203,0.6332824780687885,0.6290976672422274
255.jpg,9,0.4362259741653414,34,0.5157279507166117,0.5458849255858242,0.47071228899877715,0.49350952628778827,0.3530870866881799,0.35622218243035775,0.36076913310602876
256.jpg,4,0.7320042743876174,37,0.7527025319333186,0.6899131467349947,0.6821469267174838,0.618352967929009,0.6905211677917246,0.6929092372423392,0.6989275158406075
257.jpg,8,0.5743912236916052,37,0.6030628963783009,0.6512644860453761,0.5005855026896227,0.4504683649134269,0.5631775491865834,0.5629369959857918,0.5604536650053286
258.jpg,8,0.5792079201766422,35,0.6871567819260334,0.673215557960659,0.6923755007052306,0.6735473957962164,0.6582618835339128,0.6544528597674278,0.6498912355240644
259.jpg,3,0.46672167228017414,36,0.4895622690708866,0.49878310238664875,0.5425335438159555,0.48104479520214055,0.4582632838756485,0.45564146351818835,0.46550836466988715
260.jpg,6,0.7424473151182517,39,0.6417866269891241,0.6625380280867277,0.7300694585092954,0.6906241885749362,0.7476625920870583,0.7493778200482415,0.7494238320221449
261.jpg,2,0.6597186025036009,38,0.6472719409891785,0.6592922298587715,0.7002983780015857,0.653297590284577,0.7417436744093558,0.7398686617625873,0.7440466011172533
262.jpg,5,0.3960396038258777,34,0.645292207258224,0.6564752801813882,0.4332270062131469,0.365944432134692,0.3459278412308099,0.3426850310664439,0.34152683530446276
263.jpg,9,0.8248074716991849,36,0.8830946896001504,0.7416095778638241,0.905946886697295,0.7852031876715879,0.8193048434118702,0.8199231023536336,0.8213801508231418
264.jpg,1,0.6607454822343939,34,0.7246068240400458,0.6870584885373884,0.6579394537864521,0.6986610270676248,0.7739052804377557,0.7681440893101463,0.7661796185897354
265.jpg,2,0.4425742547826043,35,0.5854534484143068,0.6379752064230244,0.5940307959681284,0.5792375127323548,0.4973208750993757,0.501123768932256,0.5037872625420201
266.jpg,7,0.7767066171294764,38,0.6837417908769953,0.6669360555564974,0.6969627164975015,0.6889584701222634,0.7139842139383493,0.7181319667421224,0.7206013130633843
267.jpg,4,0.6641914182239108,36,0.6811343856088095,0.6671982196241483,0.5580884109632821,0.5124998663211331,0.608003455897932,0.608201469178765,0.6007212106626849
268.jpg,0,0.29077644602052477,38,0.4130338927759033,0.38152056906043896,0.38835295325821256,0.45993311082237076,0.30551362059606185,0.30674168681982433,0.30531251299247986
269.jpg,8,0.6610917795348812,37,0.6808085521492424,0.673215557960659,0.7192839534694435,0.7760894249711169,0.729590456878249,0.7330784980264766,0.7277397584575768
270.jpg,4,0.4207920767366886,36,0.6214965528046716,0.6542509696711698,0.5415814029014665,0.5502038396818947,0.43239758361443414,0.43345879480359595,0.4313267868088986
271.jpg,6,0.8017196435677377,38,0.6670479066847566,0.6672278469326691,0.6883043840883427,0.7072006402787109,0.780672001464475,0.781575962744729,0.7813063577740198
272.jpg,4,0.43094694239493364,39,0.6152921700896024,0.6542509696711698,0.5564288601958016,0.5254537204874041,0.5793154405862894,0.5808622351988625,0.5839998056262456
273.jpg,0,0.8569856898652183,36,0.7621771539466068,0.6985815769704107,0.8387739134930683,0.8806549536378856,0.8738778659882238,0.8731696223399676,0.8683684900560933
274.jpg,5,0.46729672429236496,33,0.5128543853211924,0.5783524373811708,0.4875908244114399,0.48760695734421877,0.49946487561682207,0.4967930328948484,0.50002349644617
275.jpg,1,0.5906321345231472,39,0.7389606279631874,0.6890516122751108,0.69790428966152,0.5849323323484891,0.5635537308261431,0.5570908631542626,0.5650643795330383
276.jpg,5,0.36189387984669363,39,0.4341893662967853,0.3917278869399529,0.3083165943460694,0.24370950377089595,0.35400745465540473,0.3541891818660061,0.358587357948348
277.jpg,1,0.4942678483693223,38,0.6179262265270579,0.6540743911309628,0.6421239956032001,0.6045075371136517,0.5359308187274812,0.5363068475819943,0.5399564457070537
278.jpg,8,0.4827439857380731,35,0.4776882249855348,0.45781505263783656,0.5341729479342965,0.5124169418278988,0.4809870534664221,0.4813388008677322,0.4750715152594579
279.jpg,7,0.254222483620705,34,0.46988494607107867,0.47130123283956843,0.4496508560129728,0.44416626960461847,0.3073797411245192,0.31019221060814095,0.30829120997562814
280.jpg,3,0.7149557016397777,38,0.4609171965198711,0.3993415749159206,0.5395112122576585,0.6281295042870134,0.7469103310263648,0.7460987901036303,0.7426996215478527
281.jpg,4,0.43234322803457165,36,0.4262549696305242,0.3775484692896603,0.4416172188823147,0.4351088077653197,0.3732722069112877,0.3731195611131799,0.3760195119166637
282.jpg,6,0.30084865667990274,35,0.3674668820644077,0.29699527565796807,0.3170318311326581,0.3255598894239323,0.24700528203665817,0.24697641527081027,0.2454692825383437
283.jpg,0,0.4052716085964159,37,0.4509756760080247,0.3857695869294708,0.4213343178135144,0.37636300067163303,0.45577951272022127,0.4549422245803302,0.45375709503693573
284.jpg,4,0.6826472117712623,38,0.6437072468049468,0.6542509696711698,0.6313176296403689,0.6740155947798113,0.6007479788258895,0.6019497490742305,0.5993078867141104
285.jpg,7,0.1959813624921748,34,0.3843815638162845,0.3356824076684029,0.2517534276031208,0.256263880450892,0.20745819206762267,0.21296668854201173,0.21636725232766918
286.jpg,3,0.6914191378487481,36,0.7395848968727878,0.6888902331195356,0.6900289701031982,0.6363072428637766,0.7018272670488681,0.7024277677693214,0.7030551095786415
287.jpg,7,0.22972972983041326,37,0.42099301326053284,0.36601382840760865,0.23145868411144754,0.25963346753587435,0.2164140604567963,0.21873824968050437,0.22164659590794383
288.jpg,6,0.5754615994724067,37,0.6292619298968729,0.6541603195966402,0.6270478581689349,0.5342272008507989,0.5540580635355294,0.5531584392439498,0.5555983180964896
289.jpg,2,0.6645311537910911,34,0.6600606653018136,0.6592922298587715,0.7817337350751514,0.7592295407967836,0.646482183138939,0.6472583497806785,0.650528432310338
290.jpg,8,0.26718528998483504,35,0.39077419853711337,0.3329822880235352,0.31234284084961894,0.33597714219253105,0.35350704028548113,0.349799535263981,0.3537089309272214
291.jpg,0,0.5946782152168453,32,0.6908273240939313,0.6711737226359442,0.6876890574484357,0.7016684714794034,0.6188377585254032,0.6194143921322188,0.6182963211267182
292.jpg,6,0.707370733221372,36,0.5509913675461502,0.5934374532201891,0.6311353209248229,0.6482866064584853,0.6990383648315132,0.6989797087286131,0.6959938967125632
293.jpg,7,0.51834594940438,34,0.5408556639460802,0.5901850906305742,0.5412116086497419,0.5147872283790194,0.5533490139965881,0.546957156906224,0.5483608206407902
294.jpg,2,0.5696069571104917,33,0.5407196542414685,0.5771686071695831,0.58244302501407,0.540039802065917,0.6352318226970548,0.6361201414516079,0.6363533895429612
295.jpg,3,0.6115164129357589,38,0.5882227872782705,0.6564975545950875,0.6664024886956901,0.7056828478913362,0.6739793121299388,0.6738530266632003,0.6705557041945707
296.jpg,1,0.7730588850222135,38,0.6240829552477447,0.6540743911309628,0.7641306115728645,0.7798178430864903,0.7586800847313938,0.7635177732341265,0.7580785687135853
297.jpg,8,0.8578845611432704,41,0.6718364985353925,0.673215557960659,0.7851361603701968,0.8714183370809911,0.8016814148289383,0.8020607137794316,0.7934178608436003
298.jpg,2,0.43631254821210297,37,0.7515870041343105,0.7136095746907886,0.6268520338972122,0.47573808830158065,0.5368569086093748,0.5332846536258462,0.5349524823101248
299.jpg,1,0.24726420161804477,38,0.23497274116943812,0.24615217760898492,0.14378332317025677,0.2411651598073945,0.21223436338903007,0.21536587842662663,0.2056678367688793
300.jpg,5,0.42480599440986644,37,0.42023322041135514,0.35756858161502314,0.40100266585116096,0.4527496381923094,0.4864320314074508,0.48779831819079744,0.48661135067314937
301.jpg,5,0.7266523950808758,37,0.7712199807417963,0.7059053997828801,0.8156422679473412,0.7870196528219633,0.7025090733600312,0.7032316087995469,0.697861658320468
302.jpg,1,0.41654879599809647,35,0.5480580365021117,0.5831883179064062,0.5715089199560024,0.5595871415463082,0.5292480406088497,0.5324401772577958,0.5360008607435583
303.jpg,4,0.752602185194309,39,0.6065663189878956,0.6542509696711698,0.7371401957819906,0.7925703842008152,0.7393868424995038,0.7397908587467036,0.740052199238623
304.jpg,8,0.6779820840983164,42,0.5520773793490785,0.6020477507583717,0.6058641435942038,0.6067679723140443,0.7486229441097466,0.7499920456201887,0.7469062960502627
305.jpg,5,0.533097591144698,35,0.6237915358375397,0.6539998308834252,0.6269665864342406,0.47239803319525037,0.5110047412526377,0.51417932686321,0.5228855556747958
306.jpg,7,0.5166753522659603,38,0.5919378053715085,0.6526093488646079,0.6059451728705856,0.5813830687943689,0.5589558681556748,0.558518845633494,0.5581040225534201
307.jpg,9,0.5741074080720092,33,0.6078557394934021,0.6540831156792618,0.7258279397254048,0.7432561521786385,0.6488300134879634,0.6518499434420302,0.6541399398460161
308.jpg,4,0.7823051565732712,39,0.6586698984439486,0.6542509696711698,0.7330079291348293,0.7393019572321358,0.7336917051059769,0.7351627874911294,0.7406789416437991
309.jpg,2,0.2854785472930719,36,0.5162555247027103,0.5771686071695831,0.44979919574486815,0.4196781611034984,0.39053284466662497,0.39414401782656394,0.39067285271301166
310.jpg,8,0.32432814656889863,35,0.31551559398324946,0.2697012853356045,0.18248955116324106,0.17727705537774685,0.25855828057617863,0.25780979624884126,0.26839814630328507
311.jpg,1,0.5535818259505665,34,0.48879129877030103,0.49154475624744937,0.5517968486457105,0.6027378366839241,0.6464473780368323,0.64753260312438,0.6471834172411437
312.jpg,6,0.6806261748880953,37,0.738748291109928,0.688801719478662,0.8241669990822376,0.7611227116810448,0.6690111999095827,0.6664576870446137,0.6632783004131266
313.jpg,7,0.6254125382655706,39,0.5402069617028717,0.5901850906305742,0.6151117252779119,0.674166980294471,0.6813857586306671,0.6749457769148871,0.6740801538454555
314.jpg,3,0.45518498871426444,38,0.47603105991108613,0.4707374756643302,0.4333179026461804,0.39913998051096294,0.3573001945897341,0.356891979233124,0.3582220853979004
315.jpg,1,0.6230551617486136,35,0.7124692301990823,0.6703138009528102,0.7004997732969421,0.5871709870857302,0.6445838158776623,0.6463747514788413,0.6483069892313463
316.jpg,6,0.792661610771628,34,0.6664786973022192,0.6672278469326691,0.7574130211748584,0.7857277223138146,0.8209831130764856,0.8190761374912111,0.8202701207291297
317.jpg,9,0.5213252092019106,39,0.7251965767442394,0.6877423698351142,0.6072603503699754,0.4514100218163785,0.5589591921096567,0.5590816734994503,0.5597895844848466
318.jpg,6,0.5030464552916013,39,0.4505582715634648,0.3959439431871761,0.5160381775668821,0.5521266255834729,0.5214478854820691,0.5182379235129705,0.5197396325839357
319.jpg,0,0.4967888625892433,37,0.6826964846194836,0.6711737226359442,0.47611213644475775,0.36961821200414935,0.448956095174239,0.4491440627709904,0.45143352117354635
320.jpg,3,0.6162790697674418,43,0.6184920770472484,0.6564975545950875,0.6756898501037041,0.6076090404693313,0.6931863191823867,0.69159385971581,0.6951438022949995
321.jpg,2,0.24491923054876297,38,0.24830825670859047,0.24709682269016517,0.08954263956879782,0.09733767044907693,0.18609344989803606,0.18458322782735131,0.1833549044878161
322.jpg,9,0.20505471670951106,38,0.46122215028807456,0.4544607074522402,0.3769816869739685,0.35640911492614635,0.2303646957041619,0.23095407392660605,0.2402894487217322
323.jpg,7,0.626512649986479,36,0.5434911337489321,0.5901850906305742,0.6475722955596304,0.6497970667355646,0.6501777725827251,0.6489755757570207,0.6496238273949999
324.jpg,4,0.8363861307501793,40,0.5920743500801533,0.6413841605202533,0.7116395378084268,0.7414186820942856,0.8036988636479587,0.8043721097680826,0.8022595085137774
325.jpg,1,0.7909925129355454,41,0.6206448570794061,0.6540743911309628,0.7053354025184055,0.7716157419359054,0.7639652976540275,0.7579298589035032,0.7641277071318457
326.jpg,5,0.5127670621793521,38,0.5282679065753326,0.5783524373811708,0.5174546178202368,0.46794383814438345,0.44017753397251724,0.44321540096651724,0.435873852949882
327.jpg,4,0.5135233009733805,41,0.6186698666909451,0.6542509696711698,0.5301783622767644,0.4781926088765145,0.44187579666532717,0.4421858172488028,0.44496134840372814
328.jpg,3,0.3316831687066172,35,0.5663294267066793,0.5985290068948184,0.44935840246540243,0.4037453860469127,0.34555185636207975,0.3469484865717588,0.3479966591506437
329.jpg,9,0.6688826024532318,35,0.738259475203868,0.6899337481463321,0.6767395192137182,0.6543195666125392,0.7363216895769138,0.734922057750091,0.7328121411667484
330.jpg,7,0.7743616386463767,38,0.5923343739605682,0.6526093488646079,0.6423049718459135,0.6885116228177841,0.7253626307529926,0.7289881267629357,0.7302273455126774
331.jpg,9,0.2133790304621634,39,0.4461341816225739,0.3974759998156596,0.3804598135056493,0.40949667998325684,0.27887921300083135,0.2800376552666409,0.2797553862196583
332.jpg,6,0.5701097125137174,37,0.6689962353186285,0.6672278469326691,0.6918619751395634,0.673780506431642,0.661753587760014,0.662709084133563,0.6625250914215277
333.jpg,4,0.6572842938559396,35,0.513022265087419,0.5421836740819137,0.5623609691294229,0.5531278900996697,0.6339148813563176,0.6331466651669967,0.6280601439792567
334.jpg,4,0.6198019720613956,40,0.456219026310846,0.38776003671147763,0.5513932859458892,0.6489297278828777,0.5885654559063813,0.5888105552446784,0.5905024953873683
335.jpg,7,0.5968096794353591,36,0.6688082682133938,0.6669360555564974,0.6680916513491122,0.6232287575751198,0.5979768616690516,0.595773471244097,0.5938703932130849
336.jpg,0,0.7941176400465124,34,0.7257462855831067,0.6801291183004827,0.6501112852203443,0.6047161079972281,0.7523486765431582,0.7541276274103257,0.755580755170657
337.jpg,3,0.5935382960658324,38,0.6115053619715081,0.6564975545950875,0.6378460166257001,0.6056508071267651,0.6601741265170407,0.6622962351808016,0.6594235438010771
338.jpg,8,0.38235293819076,34,0.4177075365460885,0.36838919328016145,0.4060286958131503,0.4328895184547282,0.3519918547527853,0.35195614981040196,0.35276410604134445
339.jpg,8,0.32425742474798525,36,0.427850676936413,0.39767960626398374,0.3626547164804984,0.3928702540386851,0.25655457946307314,0.26073030018518506,0.26825648729414747
340.jpg,1,0.6043226213716879,41,0.6152433322096661,0.6540743911309628,0.5706567942670628,0.5180708876386332,0.5357101202152947,0.5332279547878027,0.5333212153784682
341.jpg,6,0.41427826920622274,38,0.5751339535543205,0.6449167096199089,0.5414712460986145,0.4763363761374743,0.4920597883839188,0.48985416526556275,0.4933416935799222
342.jpg,5,0.32312015055150195,37,0.47487374355886597,0.4701925047387288,0.4379318375849001,0.3645810635285022,0.34816450057339443,0.3473423866651911,0.3579352698650066
343.jpg,7,0.6531903147697449,36,0.73437483777021,0.6938098852416897,0.5232638655847393,0.41327996105667225,0.5287022399385222,0.5286968657816694,0.5273018831393248
344.jpg,1,0.6167809126468805,39,0.6498711803676466,0.6660313191626077,0.5846721993718358,0.553878534336272,0.6124944791579584,0.6144271888348063,0.613295732820858
345.jpg,7,0.7927138805389404,39,0.664004905335366,0.6669360555564974,0.759934239245902,0.699828331210512,0.7173421094335579,0.7139469166678059,0.7123922569665284
346.jpg,4,0.8259298833640846,37,0.6588835046078008,0.6542509696711698,0.7162168236547644,0.7686233654787269,0.7729317890467504,0.7739772191553783,0.7762363092337776
347.jpg,3,0.6867808373393239,37,0.6327161251187207,0.6643570208330195,0.725384713397095,0.7508323089951483,0.6673146269736177,0.667727011578215,0.6702377650191637
348.jpg,5,0.7565770881516592,35,0.6484026266705706,0.6564752801813882,0.6753547057601251,0.7132738473172577,0.6971215912989703,0.695232758159786,0.6985955460765608
349.jpg,4,0.5305057514358211,37,0.4828495042249225,0.46463483502953734,0.5238719141741928,0.5315342427327189,0.6202066435966864,0.61785038356042,0.6080762166743193
350.jpg,4,0.6571130752563477,38,0.645780785054526,0.6542509696711698,0.6745930277996862,0.6383589461518258,0.6904434966867088,0.6894987736590529,0.6857473431974955
351.jpg,3,0.5678580043519416,41,0.75594698171305,0.7241353406142617,0.7876342108488833,0.7235511867445615,0.6675332649371315,0.6673283153640767,0.6698393648040025
352.jpg,5,0.2975797579468538,36,0.24862576349404997,0.23910112759481827,0.15385986553296704,0.15415551603566224,0.2200565698931693,0.217071649031417,0.21773564131630713
353.jpg,6,0.3964409955424836,37,0.5693411436644543,0.5934374532201891,0.3395047505652924,0.2881846373177651,0.31171260821521213,0.3133666246633693,0.31024826013441753
354.jpg,4,0.6811298745519975,34,0.4826473668483912,0.46463483502953734,0.5353499004610835,0.4920259078407495,0.6342281697612641,0.6340240201906787,0.6349876571106348
355.jpg,8,0.5707629564053872,34,0.7003464057851307,0.673215557960659,0.7097838087711393,0.6331917896633521,0.6011362428245518,0.6026335162562567,0.6067324657516581
356.jpg,6,0.5695674835067046,38,0.5376052663156659,0.5761673720718848,0.5458041333127732,0.5691033427315527,0.49624473921688805,0.4970667833259983,0.4944550449457527
357.jpg,3,0.45988829319293684,39,0.4290378806520946,0.393723235099456,0.21308852430853376,0.13812164171161045,0.25333470308264733,0.25413585612534084,0.25338604865005204
358.jpg,1,0.7977913129024017,39,0.587598278618785,0.6339441426960727,0.5887103595078027,0.6071648054855958,0.6960245663461482,0.694546430808246,0.6865691869548229
359.jpg,2,0.4922397626010147,37,0.7273588510928178,0.6923785421572628,0.4805804477248638,0.38830581692286203,0.46538863887398363,0.4677437530274236,0.4658798228072289
360.jpg,8,0.6860343947222358,38,0.5321029585625423,0.5734453192411686,0.6587728138514521,0.7313813435387331,0.7438967269168244,0.7430409325406975,0.7453116244461244
361.jpg,4,0.6551980167627335,40,0.4733836388703551,0.46463483502953734,0.5053277652080573,0.5040963849533839,0.636599287650394,0.6363806883086232,0.6316167035095951
362.jpg,7,0.4587458713601033,36,0.5225262089976833,0.5901850906305742,0.5096575642345913,0.46590254074117243,0.4087185099849527,0.4072446541274088,0.4098827956499018
363.jpg,1,0.4921834304144508,38,0.5186127407255635,0.5831883179064062,0.41677961681425946,0.339085001760372,0.40499692472704785,0.40677062442754375,0.40965073371556615
364.jpg,3,0.6114568548543112,35,0.5854609842295968,0.6564975545950875,0.5572026710044478,0.5339271688841194,0.5681944435287273,0.5691298711119754,0.5633416664216181
365.jpg,4,0.7251768010003227,35,0.6663006653369478,0.6671982196241483,0.7152041788079833,0.6949983202122396,0.7580471648238039,0.7579945816387307,0.757865601343424
366.jpg,8,0.6900990051882607,35,0.6872907454113957,0.673215557960659,0.7244628570106199,0.6987128723428655,0.5930033799845711,0.5990451443990569,0.5931814320480724
367.jpg,5,0.7460758235396409,41,0.6209967257958144,0.6539998308834252,0.8148942889016839,0.8077496488450696,0.755487777076718,0.7616366363198862,0.7697754512869295
368.jpg,8,0.691796321954046,35,0.5558932433437879,0.6038361243767831,0.5533736934878262,0.5820868110957863,0.658403986737606,0.6556100026429753,0.664705504480516
369.jpg,9,0.7143564328551293,40,0.6404466269500425,0.6622551571388567,0.7000806250553666,0.7388211983651011,0.7385896012640075,0.7391836338068934,0.739586489321147
370.jpg,4,0.7120462043417825,36,0.5189102387587392,0.5774130219214472,0.5937870535008698,0.5731656191954188,0.6911751804843678,0.6909387827599343,0.6886817119046894
371.jpg,4,0.7344126330839621,37,0.6822865362834607,0.6671982196241483,0.7229156717240561,0.6891643587641089,0.7779082111720916,0.7779205542848933,0.780219557311064
372.jpg,8,0.7772277206987948,37,0.6188414371229606,0.6512644860453761,0.7079593023466758,0.7612805105703515,0.727696819432934,0.7280955203290747,0.7276099661411854
373.jpg,6,0.7703520341051949,36,0.5379213675018322,0.5761673720718848,0.7004286101444402,0.8047058081273468,0.7377692977450896,0.7392025819056252,0.7395842551111782
374.jpg,2,0.7363861434161663,40,0.60209115509674,0.6537644610221381,0.6558289000091555,0.6920182712116993,0.7575771017337801,0.7576656450558366,0.756144181488474
375.jpg,8,0.7266226592991087,36,0.5725940552198849,0.6038361243767831,0.6384050701801165,0.6462830381016976,0.6578716629289505,0.6564124297137302,0.6579277967511175
376.jpg,9,0.38366336727307904,36,0.5742960060865739,0.6154544004562773,0.5770732366647988,0.6059058289474758,0.48465437253019944,0.48762730797193554,0.4837107002124314
377.jpg,2,0.6798233840916608,37,0.6345791326866954,0.6537644610221381,0.7039800826643597,0.6805622108428104,0.6647121690247546,0.6651821827671426,0.6703596208537708
378.jpg,8,0.5235148435458541,32,0.5978375836269743,0.6512644860453761,0.5240917687149222,0.5493804569809736,0.45647358888687933,0.4516836691785193,0.45696650547554307
379.jpg,5,0.710094178595194,41,0.5769264674550749,0.5977441204593461,0.6647094527118795,0.7082340726291052,0.6754589691175413,0.6723875048172918,0.6714492104778833
380.jpg,4,0.5540540508321814,37,0.5718564503671091,0.6063409484936375,0.6096448503993491,0.5183887956836682,0.5354613222239221,0.5332165297577739,0.5349774588193097
381.jpg,4,0.5259172951884787,34,0.4211879853999635,0.3775484692896603,0.30727069496979276,0.31544625172228835,0.43868118527309463,0.44080136816820303,0.43866600933846234
382.jpg,1,0.5720071937098647,33,0.6961516708575292,0.6703138009528102,0.6742881217769446,0.648635777874455,0.5985578391004728,0.5961739421189531,0.5983902370763939
383.jpg,8,0.6849921784902874,38,0.5482684230624493,0.5734453192411686,0.5556186620060531,0.5647015233301282,0.6746685502589738,0.6790957189366161,0.6751007661923576
384.jpg,8,0.7821782171726227,40,0.5294623259691555,0.5734453192411686,0.645725844389325,0.6935506234886595,0.7419670405569718,0.7466651982652794,0.74167421091823
385.jpg,7,0.7063975639832325,39,0.6117316434561926,0.6529911730053147,0.725396545853033,0.6760628485872356,0.7357480741005472,0.7359857047881064,0.7334906518824477
386.jpg,0,0.1922442259060012,36,0.3173839813949748,0.2736437869743141,0.3102527520738052,0.3250515862340356,0.2863493939454136,0.2876991697552722,0.2876074253053411
387.jpg,3,0.522202216314547,33,0.38242239642224185,0.3220426089599802,0.40055665001050256,0.47981461920734314,0.4567535466694683,0.4540641410672275,0.4498739374161692
388.jpg,2,0.8287711108432096,34,0.616396369310608,0.6537644610221381,0.6745187627461646,0.7242192813343109,0.7851633088950165,0.7869208904605067,0.7808315025219563
389.jpg,1,0.2527581347418683,35,0.41376765203747035,0.36954662020428897,0.3574436949134099,0.4009471660992581,0.3281592122886711,0.32834934158070667,0.3232924312758585
390.jpg,7,0.5951595115992758,36,0.585438735286084,0.6526093488646079,0.6234412246673608,0.4692777409634121,0.5750865357390235,0.5743580687163159,0.5679858031964615
391.jpg,4,0.5162266203098826,36,0.42492052073160247,0.3775484692896603,0.40279097395942215,0.3904612657040849,0.4925047634244448,0.49474778880259634,0.5072036522219604
392.jpg,1,0.48045857525185537,38,0.5709992905570028,0.5979475141669043,0.5534711649436899,0.5372775267635735,0.3968022475859702,0.3958664092426728,0.3998918488678799
393.jpg,8,0.5385038471884198,36,0.5500610654119508,0.5734453192411686,0.4343382531263935,0.44020129854732715,0.3313981697117524,0.32926920196582804,0.33822442029578487
394.jpg,9,0.5946940779685974,39,0.5659867948295596,0.5985409233521501,0.6407537016411369,0.6930309772141674,0.6905288669123496,0.6889193376692432,0.6829308788071224
395.jpg,3,0.41206977718199295,42,0.5840347078646971,0.6564975545950875,0.5570242012079119,0.48592604490328895,0.46294048829012624,0.461080627491977,0.4645282806527619
396.jpg,9,0.20082954351312002,37,0.35001085822454137,0.3011715842503415,0.2658183409494731,0.3105840838837095,0.1952170035592345,0.1902448328059695,0.19473792984787014
397.jpg,0,0.7737332512350643,34,0.7726967882460202,0.6985815769704107,0.675929453552039,0.6275749958468674,0.765794056505892,0.7643652047677891,0.7588576593388254
398.jpg,0,0.6295615264347622,35,0.5931091259125734,0.641582139683576,0.6444393667249402,0.6311848487047235,0.6740449954582544,0.6729205891465924,0.675352784755524
399.jpg,2,0.694925737567246,32,0.6770560115845101,0.672947164826379,0.7588384653603568,0.6656756938729042,0.6846329260834809,0.6833866512100009,0.6833746175766809
400.jpg,7,0.7687411529677255,35,0.6736998892791363,0.6669360555564974,0.7313805044409531,0.6361025086642411,0.715837552595929,0.7172074330191148,0.7160373087318523
401.jpg,1,0.4812981292165609,36,0.42043628706204805,0.36954662020428897,0.40702532616371934,0.3880291390126198,0.3997025547299643,0.4035948295211941,0.40610109913443526
402.jpg,2,0.34075907844170517,36,0.4535565924915176,0.39273218190095105,0.41934792837556023,0.49274565113636615,0.47345549777282114,0.4731453679501651,0.47442954496898393
403.jpg,0,0.6761868519660754,39,0.5093443897729624,0.5288029707375392,0.48950570139686944,0.45506495068399944,0.5880424211534934,0.5876191270068875,0.5873519279653997
404.jpg,0,0.8058603099874548,37,0.5671584370761922,0.5899695052686835,0.6625983186972669,0.726119012631391,0.7710775567650658,0.7732884878096608,0.774528555000529
405.jpg,7,0.5132956100361687,35,0.5640326108663624,0.5968977719312591,0.59240366600421,0.5929410173527792,0.47408322102886014,0.47383220377796276,0.4726120709195101
406.jpg,1,0.7480905226298741,35,0.822223425675767,0.7325250558982633,0.7727361140408403,0.6526204679078599,0.774416410167496,0.7755456231253591,0.7798324578903183
407.jpg,8,0.319497335033539,39,0.4223998044905849,0.39767960626398374,0.4257168734952259,0.4625900617842537,0.3842548242530361,0.3879838298326621,0.38073199304918814
408.jpg,1,0.7780527985758252,36,0.4909386661186468,0.5073442432785183,0.6096395980490927,0.6879770554873231,0.7194065813035323,0.7189225424691387,0.7183991043726716
409.jpg,4,0.5101548578494635,39,0.5697347709578482,0.6063409484936375,0.5745029906565072,0.550770502823845,0.5203179260424015,0.5206742961964983,0.5214040270547522
410.jpg,3,0.8512494038967859,42,0.718319527768663,0.6829534270091989,0.743540847461313,0.7024509968754911,0.6963746397630128,0.6970383022136762,0.6969738502052328
411.jpg,6,0.4736842081735009,38,0.6371570512845551,0.6541603195966402,0.6744366338970442,0.5805645363354304,0.49232026624374237,0.4918638914562967,0.49219713984097313
412.jpg,1,0.7411182259812075,34,0.5676083397998288,0.5979475141669043,0.590916601980456,0.61934616121488,0.6270767072123179,0.627781876580658,0.630295651077961
413.jpg,7,0.6858910828828811,40,0.5701654596713261,0.5968977719312591,0.6371397164124255,0.6566405621009268,0.6725408303784242,0.6697342108456982,0.6726160641438722
414.jpg,1,0.32178217796363723,38,0.31841492445039343,0.2678134746563258,0.23643325700863815,0.2217156394794988,0.23396409727668993,0.24125176826023403,0.22910005381675297
415.jpg,0,0.510422090595392,38,0.600717719475347,0.6490917586046778,0.6923074074148586,0.702704714730876,0.5850381356681127,0.5840973562402832,0.5889063550028542
416.jpg,0,0.6980197992589738,36,0.5221782831960813,0.5786838051749038,0.5810563565820044,0.6799252783077628,0.7069895785517722,0.705683617000938,0.7036665480569133
417.jpg,2,0.46709376731065705,34,0.43456184808683695,0.39273218190095105,0.43311353241002076,0.4436591740826704,0.47414274425854996,0.4711148361918962,0.4687192404281048
418.jpg,1,0.7164073518344334,35,0.5729361850997309,0.5979475141669043,0.6051889827577677,0.624285358905759,0.6948535442281232,0.6904769098131792,0.6905231861292166
419.jpg,9,0.16958981583427105,35,0.5508387055503441,0.5842279907608974,0.3618301809730272,0.2689244573761873,0.24640490510393132,0.24757370599480932,0.250585788272363
420.jpg,6,0.6549371080221357,37,0.6425510873703345,0.6625380280867277,0.6605152740566211,0.649943907644271,0.6497555638235488,0.6507139883605795,0.651377176943033
421.jpg,1,0.6119361920282245,36,0.48180963123295056,0.4701043433507907,0.529665148613718,0.555556710070997,0.632359097741584,0.6346210594951162,0.6300672473984791
422.jpg,7,0.30693069434103865,36,0.4468467297043917,0.3990155108860608,0.4251474600022957,0.43838735769360504,0.30047559269438445,0.29415096517251615,0.2903840094681083
423.jpg,4,0.27821782026439906,35,0.3475885226114559,0.2933252582007164,0.33045692326878273,0.36694842657378024,0.3527809851388155,0.3511507258866073,0.34750352189834033
424.jpg,9,0.7441375647720537,38,0.5277513502040706,0.5842279907608974,0.544349290917469,0.6011353855026463,0.6881300827992819,0.6868406042111752,0.6833439547001381
425.jpg,6,0.7431243078576194,36,0.7757637172852647,0.7107498305582793,0.6693164581532877,0.6827046686171533,0.8218739762808018,0.8210660817605425,0.8200107747324172
426.jpg,7,0.5333507002184266,38,0.5110454798918311,0.5314201452634091,0.5789063715698246,0.6237211336595753,0.581441535549065,0.5788349467606445,0.577978913546181
427.jpg,4,0.21287128874765976,35,0.30748550299811495,0.2511940846825332,0.23803564875278083,0.1938253905217111,0.25863145134361953,0.25884901359731094,0.26918415329000855
428.jpg,6,0.6146864650977982,36,0.5055516970486453,0.5456352091279765,0.5910418061839611,0.6184053280704939,0.672917386924398,0.6755810951584298,0.6753886838470858
429.jpg,9,0.6734011221576381,37,0.8110676629755452,0.7332181569551683,0.7424962925118368,0.5740262109596055,0.6723768608339806,0.6756589422929478,0.6785976861791686
430.jpg,1,0.7223479492323739,35,0.7810618573460736,0.7130449799797708,0.6986176559613348,0.6429773440924695,0.7234214765313257,0.7238283290680453,0.716369617402541
431.jpg,1,0.8537596931328645,37,0.8213473478842446,0.7325250558982633,0.8001613604547237,0.7443005332925047,0.7303455716652224,0.7288864066344836,0.7257757868512024
432.jpg,7,0.6386138616423858,38,0.7342680061169317,0.6938098852416897,0.7300135865262708,0.552017546234013,0.628703021810736,0.6230691132407068,0.6185828817995329
433.jpg,9,0.7206143675706326,39,0.5134989676622679,0.5458849255858242,0.6289734909561406,0.7273510083795078,0.7197231352919604,0.7194689769419081,0.7213175284284905
434.jpg,7,0.798332459048221,38,0.604947993195696,0.6529911730053147,0.7155430880534694,0.8215387347798565,0.7444698681553589,0.7480695485447532,0.7507911071433971
435.jpg,8,0.7698654471299587,39,0.733662235802973,0.6907499349186828,0.8241564392388954,0.7574941442164812,0.7799954006088547,0.7806079432448246,0.7924657274367388
436.jpg,3,0.4460656571594116,38,0.3576278934636493,0.28503374576309237,0.39301564394858235,0.4550009423218714,0.5074538326134006,0.5073546655022357,0.5048014015737325
437.jpg,3,0.5454826662753476,32,0.6545828486381595,0.6650596673970122,0.6383758383556852,0.5989274203948185,0.5860308167069257,0.586952008564534,0.5831744700603883
438.jpg,2,0.8150844433728386,34,0.5589258997058244,0.5940812369333526,0.6554856289123572,0.7067648266208841,0.7867718643640172,0.7872579623019554,0.7875659301945308
439.jpg,3,0.805074255913496,32,0.5430028549514383,0.5759383336832353,0.6620947846522698,0.675756903914994,0.7165586666073475,0.7175120600047832,0.7216231109381244
440.jpg,8,0.7591230511665344,35,0.8744507209537814,0.7446643067016581,0.7117661432702036,0.6885334180754971,0.7762329511169757,0.7751326502557185,0.7648738854387749
441.jpg,8,0.6881188096271621,36,0.6301031657083526,0.6512644860453761,0.7122268295507932,0.6940329295572611,0.6355819826121455,0.6323381127873812,0.6404615341482515
442.jpg,1,0.7758897494625401,37,0.7611749008704285,0.7130449799797708,0.6316297656134591,0.591763444577589,0.714023173787401,0.7062695003039008,0.7043688923923075
443.jpg,1,0.44029402876780793,33,0.5153370757197933,0.5831883179064062,0.37349901540260433,0.3446307961963837,0.2906611775474936,0.293099410876891,0.29901651580516997
444.jpg,1,0.8106435593217611,32,0.5797260227818943,0.6339441426960727,0.6816469900470257,0.7191576668389382,0.7935080839392383,0.7901343466207251,0.7932425810703201
445.jpg,5,0.6782178201458671,33,0.5684255222062444,0.5977441204593461,0.6281590775050205,0.6736981341724787,0.6584335487825347,0.6621439757574549,0.6591004794131369
446.jpg,8,0.32207338322940116,34,0.21878078685489755,0.22105697415835818,0.17987930708952782,0.21645527713363155,0.2487472271011339,0.2511759922742945,0.24922925326417072
447.jpg,3,0.23387338964720117,33,0.3918083291557206,0.3220426089599802,0.32100391805893314,0.3657094473286567,0.3739674706809979,0.37676614693199584,0.3772245050721861
448.jpg,3,0.6891610167528454,38,0.633669639733869,0.6643570208330195,0.7013176163832773,0.7250620757303585,0.6725524172686352,0.6732748614838634,0.6687200746616343
449.jpg,4,0.3379066455311009,35,0.5544951573540682,0.6063409484936375,0.3198752116143032,0.2878734004423573,0.3109555189999418,0.30974443911114535,0.3125746006598615
450.jpg,1,0.8022407512915762,38,0.5634559865280888,0.5979475141669043,0.6656627952339281,0.7547278259771372,0.768420930052236,0.7687907980873041,0.7725325479470688
451.jpg,5,0.8341584106286367,36,0.6370867746907134,0.6539998308834252,0.7634640300021164,0.729032168062848,0.8251071704719305,0.8227995215895441,0.837150312147607
452.jpg,2,0.8408024938482987,38,0.7256497433533663,0.6923785421572628,0.8225883819238147,0.8491792001277808,0.7526708779275524,0.7580308657328021,0.7605339678639769
453.jpg,0,0.7560113089425223,35,0.7322263824759214,0.6801291183004827,0.6672276864544167,0.5845674428780305,0.6845696267991137,0.6866953342908252,0.6868950047884815
454.jpg,2,0.35753575530058396,36,0.453499412682092,0.39273218190095105,0.48242943310105774,0.417293304602246,0.46444189212937725,0.4639099047104044,0.46185093604242083
455.jpg,8,0.8530548084072951,41,0.6036330586032137,0.6512644860453761,0.6865019299674653,0.7182655235275469,0.747480485752936,0.7486365515003616,0.7403999232942147
456.jpg,9,0.5036775084478514,35,0.46480221982611913,0.4544607074522402,0.5662019258613438,0.6449347454478498,0.5800028410603565,0.5818777213137167,0.5802057393247013
457.jpg,2,0.7679455438628793,32,0.6164596507650169,0.6537644610221381,0.7462017481926515,0.826331863267796,0.7658264580323695,0.7682236537677772,0.7682282579628934
458.jpg,4,0.7800565719604492,35,0.6098573984978992,0.6542509696711698,0.6843256254599999,0.7434903533462273,0.72835587454711,0.7290902755984805,0.7308810507761837
459.jpg,8,0.42499250097369606,33,0.4744202343443339,0.45781505263783656,0.44931500541973496,0.39820517365603825,0.4469981121491901,0.4434261068127594,0.44771942747575666
460.jpg,9,0.2992799281650646,33,0.26929803024302856,0.24915488019245374,0.3211002855227042,0.33396611952108124,0.295778746964968,0.2964427600977886,0.29502519693748874
461.jpg,7,0.29290428703340393,36,0.37913946556251243,0.3356824076684029,0.3655394970213627,0.42870336540325843,0.40701962473036757,0.41219421435027503,0.4112188932234687
462.jpg,5,0.6690984866336772,38,0.5311115881114955,0.5783524373811708,0.5350789335897386,0.5217396954205469,0.6317158466561681,0.6282790040580892,0.6305851500639994
463.jpg,4,0.29009901137490357,35,0.37888360605254734,0.3292385620508041,0.36521156587067694,0.42112691973566263,0.31211793121727965,0.30890088358744755,0.29878044485591476
464.jpg,0,0.7640263959765434,36,0.5320495966771517,0.5786838051749038,0.5574154676827634,0.46036657314097484,0.6764351237444503,0.6751483629905474,0.6790486272432116
465.jpg,0,0.3828854295159025,35,0.40621849795533793,0.35973167712439086,0.3737561694231436,0.31079724204782866,0.4570295435293652,0.45578595707050895,0.4567572298787768
466.jpg,2,0.3057658707531279,34,0.4503306712787506,0.39273218190095105,0.4511054722939341,0.5151605389152074,0.34239848556717395,0.3402901751739187,0.3364281313714786
467.jpg,3,0.48910891078412533,40,0.3792750909325916,0.3220426089599802,0.4231127145863326,0.4468317661628959,0.5487779453912498,0.5485998130447362,0.5487196825388596
468.jpg,8,0.5117868935423238,42,0.6227459960894154,0.6512644860453761,0.5960345922474843,0.5794181373593204,0.5710502477096151,0.5737060347351741,0.5771392073685994
469.jpg,9,0.7758525775538551,36,0.7598086921118905,0.7052361366125187,0.7439717151345902,0.7314776755410988,0.7545916427719762,0.7545409638968331,0.7581346191558336
470.jpg,4,0.6462300091217725,39,0.6858354785277445,0.6671982196241483,0.6543782677523193,0.5750397155160574,0.6851877532804715,0.6850160985987039,0.6827967978285638
471.jpg,4,0.7175305704860127,34,0.6572969736133696,0.6542509696711698,0.6059613591907063,0.5540602111866801,0.6255730528807643,0.6275860462051754,0.6264647232105753
472.jpg,7,0.3237073678497432,36,0.3806314579043669,0.3356824076684029,0.3012815231476922,0.33648243078067086,0.2768023850822443,0.27725471531550017,0.2796293077460364
473.jpg,8,0.17880023535176673,34,0.4295318288775054,0.39767960626398374,0.28881516350384906,0.2486155311815308,0.1837607544984079,0.18029790803083373,0.18438365009742058
474.jpg,1,0.6417255997657776,35,0.49287504410607325,0.5073442432785183,0.5435877989511202,0.5931588094228685,0.656978529328357,0.6540888496980816,0.654498400438229
475.jpg,8,0.6164822350530064,34,0.711913639273202,0.673215557960659,0.6705123724412133,0.6290431286537148,0.6151686837737889,0.6044231806007005,0.6028869229872068
476.jpg,6,0.6351485095918179,40,0.6086614497037817,0.6541603195966402,0.6335641979183106,0.6240036565802916,0.5987328166967075,0.5984664064239791,0.6006884801750002
477.jpg,5,0.71177117443747,36,0.6584886526137633,0.6564752801813882,0.680802053301759,0.6787807428879604,0.6456761783774025,0.6472860491564156,0.6415477994519075
478.jpg,3,0.6218583327837479,39,0.6235008991487765,0.6591627811078111,0.6428622575444409,0.6372622882281909,0.5818667089188586,0.5828244641687892,0.5777743890507399
479.jpg,5,0.7480905175209045,35,0.5754136434936103,0.5977441204593461,0.6954927213436031,0.7530976548136862,0.7568905934121859,0.7573935433501892,0.7595215197690219
480.jpg,2,0.7458343404095348,41,0.5082411989156536,0.5290042661183955,0.5575415913897905,0.6277335882605973,0.7709004963703918,0.7702042815660611,0.7660501893768853
481.jpg,5,0.816296487241178,37,0.5876552677358589,0.6384646539344889,0.6970337492536374,0.7687619833137602,0.7988194669859418,0.7968524804749784,0.7977981627509884
482.jpg,3,0.20214521614575964,36,0.23001326697433122,0.25112724487346766,0.09227868961154395,0.11019304957478582,0.23859245058546263,0.236308149885881,0.2374558745783799
483.jpg,7,0.49907177896238863,32,0.5412898814518228,0.5901850906305742,0.58505466062953,0.6365972963187776,0.575996805505428,0.5771071451616842,0.5761486594017571
484.jpg,8,0.5669066887913328,33,0.6988554921245581,0.673215557960659,0.6772414351035018,0.659896652225695,0.6220529885429428,0.6224589135359929,0.6311110344330075
485.jpg,0,0.18646864774517524,39,0.29103432590115175,0.25398153511060356,0.19629179251745155,0.28113782037669843,0.23162010746310413,0.23184587049371636,0.23289547841283081
486.jpg,9,0.7623762355910407,36,0.6708600633069518,0.6653564641083346,0.6720917388161562,0.6082361899501463,0.623812757473375,0.6300837513488702,0.6365902446418895
487.jpg,3,0.7819176629969948,38,0.6138315573655877,0.6564975545950875,0.6576555130138878,0.6940780435676964,0.7144997301948994,0.7151087828424596,0.7147828760894864
488.jpg,7,0.24199184548000202,34,0.3806377555413393,0.3356824076684029,0.30012591040389947,0.3772538898267492,0.18160454829340694,0.18343267106622518,0.18045543954899718
489.jpg,0,0.6386138611548656,37,0.7318505475878363,0.6801291183004827,0.6073770331849042,0.5736598494214611,0.7250698801823721,0.7244382822360922,0.7220952377709059
490.jpg,0,0.6289667448936365,39,0.6640567425436866,0.6711737226359442,0.6466608350608553,0.6015760892961289,0.562963306499628,0.5649159027027003,0.5613432209285764
491.jpg,5,0.40519801728660243,40,0.46475149790063663,0.4648573943194638,0.5006233916403404,0.4595217230111077,0.47705672285672607,0.4757911908457567,0.4828574077153264
492.jpg,9,0.46708589522923166,37,0.6214288043036964,0.6540831156792618,0.5583011098133036,0.4938430315072132,0.5179297909353433,0.5178802835832733,0.5166527952848133
493.jpg,2,0.18389278088082991,41,0.4057835319728973,0.38026976963571313,0.16528112545189266,0.14889887493758713,0.1347897380230228,0.13524028044647463,0.13472656126963417
494.jpg,7,0.45764576436744797,36,0.5028670399470976,0.5314201452634091,0.4728305731470375,0.47663639759261534,0.4425246313245951,0.44776166737517087,0.44740437596549454
495.jpg,5,0.3073550201287227,35,0.3890666808767611,0.32915008402494994,0.40750095652333207,0.3986078041192327,0.4035428383815741,0.4046733197024356,0.40122930601135115
496.jpg,4,0.7453839988321871,37,0.7434200746856656,0.6899131467349947,0.7934002988118608,0.812872954899376,0.7934839131597917,0.7944304688562094,0.7942027444441402
497.jpg,2,0.29673849857028795,34,0.47600787255457894,0.4617553694665715,0.48226368761510213,0.44280579676462994,0.29575800383753764,0.29370264971805615,0.2966101502635159
498.jpg,7,0.2879537967706306,36,0.40756480837353903,0.3356824076684029,0.4011722282424976,0.4602988834489717,0.29397405753900324,0.29600630685284085,0.29655867833286675
499.jpg,3,0.8829274741378991,37,0.7321407133893076,0.6829534270091989,0.7144611305537221,0.6839009804375135,0.7187659158097207,0.7188171743000553,0.7179152074635553
500.jpg,1,0.1689858185630795,37,0.3204396333943944,0.2678134746563258,0.23503111413182032,0.2998278900730589,0.255899035611301,0.2553397519194539,0.24819815575965565
501.jpg,8,0.43833097623927253,35,0.4469993042476941,0.39767960626398374,0.4687454864604708,0.5047866521991091,0.39154060710501903,0.38817209556487664,0.39236839682915453
502.jpg,2,0.717300672280161,38,0.5176090267235596,0.5771686071695831,0.5720665807628138,0.6196886996012695,0.6962985355635487,0.6980898348532243,0.6988248584563657
503.jpg,2,0.34350935311522335,36,0.39940190468925296,0.33565428007771786,0.3806346291103797,0.42750912104266603,0.33627474226912235,0.3366825815971059,0.33279868397944706
504.jpg,4,0.6866627786965931,34,0.5540846857562435,0.6063409484936375,0.5532954264422854,0.6236470390397699,0.6353837125309946,0.6356818030532615,0.6300209724653616
505.jpg,2,0.845403105872018,35,0.6740879310968652,0.672947164826379,0.7165768675428739,0.6855139197906615,0.786629064710537,0.78633871469446,0.7907833966099777
506.jpg,5,0.8055555489328172,36,0.7800553988446152,0.7059053997828801,0.757549447293451,0.6628169108374209,0.8341813830636924,0.8374307092026839,0.8369916381584972
507.jpg,1,0.7731508384732639,34,0.5727542637144201,0.5979475141669043,0.719425362599394,0.7803837157325219,0.7696728728335059,0.7722902474819886,0.7700370189211437
508.jpg,7,0.5099009927865621,37,0.5954325375406899,0.6529911730053147,0.6614262442644647,0.6186406623385537,0.5750315812087063,0.5722400824204595,0.5705395572923275
509.jpg,5,0.31776826393261953,37,0.5504471609799998,0.5783524373811708,0.43523670420005217,0.3862937742039945,0.37572079012126336,0.38025357333449217,0.38689246732879906
510.jpg,3,0.48573092524619665,34,0.509299865456221,0.5376109674773113,0.5318087540972687,0.543467842904025,0.5525156031624113,0.549017586081884,0.5445282299474302
511.jpg,9,0.44370579634393964,35,0.48427854125811143,0.464085850463256,0.43118831720680095,0.472188385058292,0.38202672165725593,0.38471010640278847,0.3841276882459064
512.jpg,8,0.6725172517877637,33,0.6027210108797344,0.6512644860453761,0.6305723149913727,0.6145880114141906,0.6465375721230664,0.6491728345854217,0.6526132864609696
513.jpg,0,0.22037203890751256,33,0.2759749578647823,0.25398153511060356,0.14588760946626456,0.27370479987136187,0.19880681700235198,0.19807428207250904,0.19265533933609436
514.jpg,7,0.49143698006062897,37,0.6525082039618302,0.6669360555564974,0.6323613803233814,0.5764357327733326,0.5094258365662346,0.507038294048744,0.503956383131532
515.jpg,9,0.261573456731197,37,0.34880464885885265,0.3011715842503415,0.30568025751114625,0.33432939091851355,0.3458956725337412,0.34636031857607946,0.341997395765432
516.jpg,9,0.5812923406299791,38,0.5640441305475989,0.5985409233521501,0.5964173741385755,0.5148636170226621,0.5701178838020156,0.5686896346284602,0.5687967845216377
517.jpg,4,0.25189283542225466,34,0.44400620141247654,0.38776003671147763,0.33175213364366896,0.36450662129851247,0.32012155275440096,0.32144031588974814,0.3193194054113171
518.jpg,5,0.41460395969916136,40,0.6120543841710527,0.6539998308834252,0.5207119038927701,0.43058210878717884,0.5021849176420662,0.504590067476718,0.5040029582858893
519.jpg,2,0.8110561039712694,36,0.6446734260442639,0.6592922298587715,0.7581266413144541,0.812836696951623,0.7586652033804299,0.7596896744717623,0.7601047060211041
520.jpg,7,0.7186704346111843,35,0.5654132993199872,0.5968977719312591,0.6012282773427458,0.6619428978693943,0.7063822381437904,0.7083212837238351,0.7088704720385031
521.jpg,2,0.5250618800055236,32,0.5742893795276063,0.6080123734703592,0.619000738937147,0.5442601043728608,0.6210267572507553,0.6203187901009597,0.6180953454240097
522.jpg,7,0.6151343694755009,35,0.5327106744933814,0.5901850906305742,0.5051633873553767,0.4994786646628391,0.5722100093489003,0.5743317340846157,0.573694944174276
523.jpg,6,0.4990717845503241,32,0.5334223681751,0.5761673720718848,0.5647991285605634,0.4954860812515727,0.5407420173228658,0.5471570466136737,0.5482268182252448
524.jpg,6,0.37898789797650856,36,0.5378847352148373,0.5761673720718848,0.5264154279611111,0.5417542053785742,0.4598780561338158,0.46229774127142775,0.4608990788389547
525.jpg,2,0.5282178210094571,40,0.6200703916329722,0.6537644610221381,0.6383451013928233,0.6014102958132586,0.556433265561853,0.5555314753184013,0.5604028598342464
526.jpg,0,0.41972170210116216,37,0.4572892061250042,0.41242834438545334,0.4845805823644887,0.5081197135702387,0.4062571628950712,0.40508005078044945,0.40655497883709907
527.jpg,1,0.6826472133398056,38,0.515527543747367,0.5831883179064062,0.6422111773813811,0.700661985189476,0.7079587046054551,0.7073575105019693,0.7091788045699955
528.jpg,8,0.38002329784007194,34,0.35712583145230603,0.2886049377613918,0.37396530064786326,0.33900509669508,0.3624504945198791,0.3659505616967928,0.35800876113106933
529.jpg,7,0.541254126570291,36,0.659951143797257,0.6669360555564974,0.6769670691667424,0.6075564625646634,0.5649263386719773,0.5623913576957249,0.5594357247940975
530.jpg,9,0.664416433283777,33,0.6357525179195156,0.6540831156792618,0.6215398511851032,0.7020310705281108,0.6262950038812911,0.626762304140426,0.6303223364650352
531.jpg,9,0.6537565483766443,34,0.5878829483618385,0.6460452452168102,0.5959745765812664,0.5600522306425346,0.6279580488493842,0.6287768639741272,0.63068978207916
532.jpg,2,0.7806223409516471,35,0.8103089581048082,0.7245079191052938,0.7573918483913571,0.6104248137878262,0.7592141813491403,0.7601353703508955,0.761033371046274
533.jpg,2,0.7446958933557782,35,0.57788380311769,0.6334436080571105,0.7147949065227477,0.780855918619756,0.77973123984394,0.7798832635978334,0.7765863765428698
534.jpg,7,0.7799036583384952,37,0.5549025432130374,0.5901850906305742,0.6287147472390258,0.7155632023066892,0.7821424898925611,0.7759087681343428,0.780125578023726
535.jpg,5,0.3975113681391687,37,0.4484385584516664,0.3917278869399529,0.48002983962337603,0.50939395828586,0.4079586844651959,0.4150114140853218,0.42172987686268343
536.jpg,1,0.3774024466436137,34,0.3094012222756738,0.2603684689735313,0.279329264256597,0.3185954280801757,0.35213281208459035,0.35177852806678683,0.3470859195595591
537.jpg,7,0.32913719742958036,35,0.3375091188966082,0.2691457297716596,0.24968088944917455,0.24757295608835617,0.22088023226340758,0.22348556423028348,0.22214759573910703
538.jpg,5,0.8242574168576134,36,0.65654662731283,0.6564752801813882,0.7174514976816535,0.7284435348279109,0.7466322538653639,0.7446065735440685,0.7447378563864053
539.jpg,5,0.7483983670963961,34,0.6419425915688957,0.6539998308834252,0.7311124061436094,0.7249813825428034,0.7694264226378349,0.773248774947088,0.7758862864754297
540.jpg,3,0.48242574287578466,40,0.5173272166780285,0.5759383336832353,0.5485831273665994,0.5033726427078355,0.49308593334610534,0.4939694269453024,0.4938055214027162
541.jpg,9,0.48045188876298756,39,0.5403649713857206,0.5842279907608974,0.5870154331565751,0.535150466250228,0.5114994682347171,0.5096796570945458,0.5133299368025764
542.jpg,6,0.6683168293851794,33,0.695083832148077,0.6672278469326691,0.6126465983683731,0.5893274402020567,0.6520637441604283,0.6492895401822838,0.650653929669807
543.jpg,3,0.5096181013754436,35,0.5439810777287556,0.5759383336832353,0.6369732522019891,0.6273694637904494,0.6124856313137965,0.6136072479359722,0.6131432868595269
544.jpg,4,0.3245324569806043,36,0.4136783344504865,0.37372914983741334,0.4416329474478181,0.4605852647815792,0.4380589649599107,0.4364142522613591,0.4394314707849978
545.jpg,1,0.7769862340717781,41,0.7284182038531536,0.6870584885373884,0.7333629906757442,0.7537320506750913,0.6898278675811575,0.6848927211906731,0.684241561486736
546.jpg,7,0.36408641062338243,33,0.5467382501339666,0.5901850906305742,0.5734782796659866,0.5892716887382545,0.46460974703837593,0.46899394939586286,0.4682946566706765
547.jpg,8,0.6498899865481589,36,0.8397022322801735,0.7289400914108106,0.7049486816999444,0.5963931593917406,0.6373922373595688,0.6416289836300124,0.6419300273465349
548.jpg,3,0.28960396042869735,36,0.35229506377085484,0.28503374576309237,0.29647265123697286,0.42934491660021995,0.2844052487791203,0.28335230059464744,0.28374814184221375
549.jpg,0,0.815731566813257,36,0.630780046496497,0.6490917586046778,0.6995944173897763,0.7179093096439882,0.7902245107673523,0.7897141978766741,0.7868542579905197
550.jpg,8,0.5206755934392705,34,0.4539199067159832,0.39767960626398374,0.5511145381696428,0.6292099390758097,0.6286713141978212,0.6330627238396959,0.6239439239965623
551.jpg,8,0.5556202657959041,34,0.6712795991099931,0.673215557960659,0.7241296727850178,0.6626993184743633,0.5898079342936485,0.587916613437013,0.5935484276513023
552.jpg,3,0.4068142078159487,34,0.6312078709295247,0.6643570208330195,0.4660629704498337,0.3961349496212185,0.35928718812470906,0.35894607852193194,0.3579095380712566
553.jpg,9,0.6683168332827719,38,0.7263817664968625,0.6899337481463321,0.6985829210697958,0.6715643951315737,0.6763728209245591,0.6774322056679261,0.6765907683512244
554.jpg,6,0.693519348447973,33,0.5631076100934587,0.5934374532201891,0.606357365227558,0.6165260946570986,0.6676293033309729,0.6684758358452897,0.6693306302002622
555.jpg,6,0.6120226298059736,35,0.5205297574808334,0.5761673720718848,0.515069732740526,0.5457105669554743,0.6323378350588761,0.6336673898389439,0.6332890985326628
556.jpg,1,0.7815958016058978,34,0.6736991720371024,0.6703138009528102,0.6585058654652234,0.6522119725811473,0.7329193215212764,0.7297238229685323,0.739975098734618
557.jpg,4,0.7798840810612935,41,0.6022689921258113,0.6542509696711698,0.6784793110991172,0.7753404111529442,0.7838877397768634,0.7855538461622633,0.7834882345778074
558.jpg,9,0.6776520499161311,35,0.7569648062693041,0.7052361366125187,0.7710359034609617,0.675129845811983,0.6365949262897379,0.6373531650912538,0.6411231275604327
559.jpg,3,0.25889751165350144,37,0.2990162750191523,0.25112724487346766,0.26244227456008695,0.3291221941493284,0.20603235777678514,0.20613977408450024,0.2084252612311509
560.jpg,6,0.742149932043893,35,0.6631175258972233,0.6672278469326691,0.6898172416899189,0.7092649208249311,0.6717624347651776,0.6725076183710679,0.670995511393525
561.jpg,0,0.7333804786205291,35,0.569786936552035,0.5899695052686835,0.7071457483131025,0.779870589942722,0.7402024808275846,0.7412023082650465,0.7423074450245164
562.jpg,6,0.6696919637421767,36,0.47969280204073383,0.4649387372989754,0.5605378597494151,0.5596529670084205,0.7229024743682662,0.7213889297204447,0.7195243258684789
563.jpg,4,0.18316831850018855,37,0.3414788036368944,0.2933252582007164,0.25056291268314046,0.25751914759405725,0.24766309530070024,0.24913378236748318,0.24744769896452884
564.jpg,9,0.7422992289066315,36,0.5188117765724298,0.5842279907608974,0.6269185913898438,0.7009435714829921,0.7497434796472298,0.7501641227617833,0.7461531930969585
565.jpg,9,0.8490806204932076,35,0.6931249415355253,0.6653564641083346,0.7877799243128768,0.8395836384020684,0.7469543828376257,0.7444580030818718,0.742129838347318
566.jpg,1,0.5960978403249207,34,0.806003636164936,0.7325250558982633,0.7808220877244983,0.7462210884959046,0.583634657251572,0.5801621712160354,0.5868205420723367
567.jpg,0,0.7484248370835276,33,0.6760241189848819,0.6711737226359442,0.7290175793098601,0.7481611798128647,0.735349631140573,0.732882506547892,0.7319323600575889
568.jpg,5,0.7691038327339368,39,0.5323607800487595,0.5783524373811708,0.6737827652929371,0.7342657834567068,0.7235566054408455,0.7192530771603611,0.7308927117750645
569.jpg,0,0.842959291405148,36,0.661298966688223,0.6711737226359442,0.7535198979633028,0.7710755628382422,0.7666580842524137,0.7654213980395368,0.768854066227463
570.jpg,0,0.8224511597607587,37,0.613726205902265,0.6490917586046778,0.6910919151580281,0.7595478149591024,0.7816045661002702,0.7818495631757854,0.7798268864155067
571.jpg,1,0.6840419260894551,34,0.6628316937636403,0.6703138009528102,0.6831438224753665,0.6828748359664694,0.6419692640914144,0.6413535662839626,0.6448518442744487
572.jpg,0,0.2766776695045539,36,0.3640140211245203,0.2918383518685994,0.31733050551278585,0.36093859153389996,0.39393586483781345,0.3950127621035602,0.39466827924116615
573.jpg,3,0.2359735990046627,36,0.6410190779784005,0.6643570208330195,0.5963011466082964,0.5765013149477464,0.43542644294976884,0.4337012152008236,0.4285306332369051
574.jpg,6,0.7907764394032327,38,0.5573549775506192,0.5934374532201891,0.719125367650528,0.8347840694990598,0.7383915618060946,0.73716457642271,0.7348761483659788
575.jpg,5,0.7547254652687998,33,0.5947392593660515,0.6529198914827967,0.6838549663209854,0.7250225433659401,0.6823243797319979,0.6839407234817518,0.6846698142694081
576.jpg,8,0.34695898422173094,35,0.5652440235659637,0.6038361243767831,0.41660340731783035,0.37233402832753826,0.39283238540053433,0.3852408718163938,0.3830902674054821
577.jpg,6,0.7852035181389915,36,0.6450858507425392,0.6625380280867277,0.7153504577452795,0.7077267294845516,0.7208892818459889,0.7210486843449098,0.7211298721480189
578.jpg,8,0.7368209780873479,37,0.646142034944849,0.6582543652127798,0.49006031214083945,0.4040660170232535,0.6420172864936596,0.6402510873471251,0.6302724397577067
579.jpg,3,0.27227722749261085,38,0.458150157912671,0.3979867832982218,0.3412201262264294,0.38943103819247527,0.3155888654428114,0.31386733714582915,0.31325113655034037
580.jpg,9,0.663613860309124,40,0.5675543155226337,0.5985409233521501,0.6142153448924716,0.5958715676573437,0.5632640834740903,0.5635832087170708,0.5612993553910742
581.jpg,3,0.5438854658120388,37,0.5053869743469521,0.5376109674773113,0.49394855257615367,0.5011662671399719,0.48925651716626173,0.48852071543177944,0.4805005915389439
582.jpg,4,0.6099812662279284,37,0.5875680878103435,0.6413841605202533,0.6725814309610494,0.6933485297949774,0.6701327526577121,0.669716532876449,0.6679470690386613
583.jpg,1,0.5435643545218877,35,0.5708198580290542,0.5979475141669043,0.6279914569409997,0.5968437968460506,0.5348237779056102,0.5336650407599867,0.5337178726311473
584.jpg,4,0.4394939499648495,36,0.42540114616154745,0.3775484692896603,0.3351615170637623,0.37245985939172965,0.36826200492448197,0.36847461925784253,0.37295975375585744
585.jpg,4,0.7219471881786982,36,0.7016658271687726,0.6671982196241483,0.751585694048663,0.7911162444195269,0.714349979073152,0.7156569756599297,0.7206574636344163
586.jpg,6,0.34186704478093555,35,0.4950102792462203,0.5456352091279765,0.4456811758708603,0.4892695336868258,0.3808796992422463,0.38161619543349445,0.38234839186094327
587.jpg,1,0.7908062185559954,35,0.6472501787673017,0.6660313191626077,0.6841495950228165,0.7227566486442035,0.7217633164449656,0.719646153946792,0.7159377933778999
588.jpg,7,0.5008027803631047,37,0.5881516021346258,0.6526093488646079,0.6714295917125768,0.6016511511183734,0.5637078725289585,0.562603772889735,0.5584143937727555
589.jpg,7,0.6050104968475573,33,0.5289336439016542,0.5901850906305742,0.5787551315192692,0.6211978829366173,0.6516835114237041,0.6459903191415489,0.6497058946655446
590.jpg,6,0.3573722229590891,37,0.4133948164070578,0.36434212099310676,0.3148300370084397,0.2840456737997169,0.33431620052191396,0.3383519620347598,0.34074921944075953
591.jpg,1,0.3939551829458459,38,0.3660014076214526,0.30006355518532224,0.2685475270213332,0.2835107804807472,0.2954302222575519,0.28971479473493683,0.2921815412601166
592.jpg,2,0.7493249286304821,33,0.515751260724518,0.5771686071695831,0.6194338883697326,0.6642198097945137,0.7666038896880357,0.7654304273653526,0.7641850770561643
593.jpg,6,0.2116925998679584,42,0.37029811244414135,0.29699527565796807,0.3390613133778628,0.29110813335283736,0.32817167332063435,0.3307359429524726,0.33093065853083836
594.jpg,9,0.3130460096084896,34,0.44886849425640485,0.3974759998156596,0.42181655801272766,0.4212339387326389,0.34007590056626524,0.34387325549184,0.340585612053344
595.jpg,2,0.4925742532230086,36,0.6034805736187403,0.6537644610221381,0.5212241620880713,0.4839193486933503,0.4313811398997658,0.432586241489764,0.4333919784018263
596.jpg,2,0.5374037350217501,36,0.6738263461805034,0.672947164826379,0.6839466860598034,0.6623159067983708,0.6103911552683545,0.6108842583024925,0.612562766919415
597.jpg,1,0.5209020887398057,36,0.40315596255744857,0.3400150115209761,0.3460304546686537,0.40084840806837835,0.474872062734231,0.4682522634386882,0.46335519026010996
598.jpg,8,0.16742828322383455,39,0.2784935943750064,0.25091223741298985,0.16688303589187148,0.23252500205221338,0.2743763619929257,0.269357551961161,0.28243015105522595
599.jpg,4,0.47264199923282785,38,0.6928830020913425,0.6671982196241483,0.7249962853225791,0.6092774055012736,0.5889407935623906,0.5876550080511548,0.591180566876601
600.jpg,5,0.5361252302253569,37,0.47577402956527953,0.4701925047387288,0.5113616106184878,0.5865175865843688,0.5471970256583997,0.5472561496880206,0.5470478747402986
601.jpg,2,0.5842853494179554,39,0.6638409579409679,0.672947164826379,0.6621794217864717,0.6062755566870701,0.6378635904746225,0.6390062687694358,0.6406808894430329
602.jpg,3,0.5054005366383176,33,0.427431253073743,0.393723235099456,0.39094882097242606,0.43122058976735317,0.41395700596404317,0.41108258974209666,0.4081026152202641
603.jpg,4,0.32702388004947675,34,0.40512576377656806,0.3677118984767374,0.35678460101737597,0.4161833213698638,0.38137935130414813,0.38182466280646765,0.3775934004571878
604.jpg,0,0.9236581435329035,38,0.7302116639834758,0.6801291183004827,0.7981670936701305,0.8388550040239834,0.8104181229393294,0.8098348289841146,0.8101274510466902
605.jpg,8,0.7916001254512418,31,0.6916412199600999,0.673215557960659,0.7609544688435605,0.7450246779637812,0.7260924676946663,0.7258992580188615,0.7348734907327767
606.jpg,1,0.27274870232767645,42,0.5380115994007646,0.5831883179064062,0.47252460877634767,0.4001593178452923,0.2424964332518636,0.24650939141451145,0.25363056324515737
607.jpg,7,0.3721607415115132,34,0.3809481651550083,0.3356824076684029,0.3924913577368455,0.41236614231117624,0.5041918892247741,0.5068123722124637,0.5101306326847159
608.jpg,6,0.6102136538216942,38,0.5874149504941313,0.6492064101464289,0.580186993959599,0.5451485873090902,0.5806442238456283,0.5795811627365449,0.5780762220888807
609.jpg,2,0.7090209010574553,36,0.5509158728050059,0.5844805402896708,0.5459138782533028,0.5360560110035444,0.6640066737767572,0.6604177484158575,0.6590011939248602
610.jpg,0,0.896039594922747,35,0.7479698737182932,0.6950104927843328,0.8076051623199705,0.7582702593518671,0.7627352936735867,0.7642245156732366,0.7650409862894587
611.jpg,8,0.6833097585609981,35,0.5929411238316369,0.6448446083997568,0.7550261419568591,0.6717258343588558,0.6920287495394093,0.6909421251017762,0.6928326097648899
612.jpg,1,0.7310231007062472,39,0.6862015947997179,0.6703138009528102,0.6737959873680759,0.603116813310467,0.6747940030609756,0.6693321494155537,0.6680244643614162
613.jpg,8,0.6657113079961977,38,0.6420012784134497,0.6512644860453761,0.7495823582737999,0.7823709152471482,0.7033158593016305,0.704038121301986,0.7100260326617044
614.jpg,7,0.23182461083467518,35,0.5397137380768007,0.5901850906305742,0.48377851747292594,0.5071744005790446,0.4662476792319555,0.4596908318260262,0.452338318710773
615.jpg,7,0.29207920948309557,35,0.42548487128367896,0.39073982352678754,0.3743625712164175,0.47084235100040434,0.3406534222294923,0.34363561839231216,0.3458034171718989
616.jpg,3,0.4818035822261024,37,0.5436503649484992,0.5759383336832353,0.4612930987753495,0.4973549838811919,0.4275873863284708,0.4266911982670899,0.42296287886267997
617.jpg,6,0.5456545609566901,36,0.5424475001726536,0.5761673720718848,0.5766340598073674,0.5707777602590756,0.5746092345162586,0.5740256963627989,0.5722272161525868
618.jpg,9,0.24605298283937815,37,0.4255185971624204,0.3974759998156596,0.33607473238960817,0.35448597177538305,0.24331734454926046,0.2422127363639074,0.24374594156086143
619.jpg,3,0.5396039589411683,36,0.79702995021087,0.7241353406142617,0.6389369264529301,0.5402617630868153,0.5582708941882747,0.5575557704523232,0.5490894104241878
620.jpg,4,0.29288199064447673,37,0.7272130133772334,0.6899131467349947,0.47481835496800334,0.29758184687087263,0.28712933321609196,0.2875328718294199,0.29663887043521664
621.jpg,0,0.8627824278978201,39,0.6454567708783625,0.6612273534296873,0.7123115008908891,0.7188002738580741,0.7486549828228586,0.7489561891915185,0.7483043446026526
622.jpg,1,0.7794279423024919,36,0.6169470255135059,0.6540743911309628,0.6481674123790494,0.652389921005967,0.6863557117958874,0.6844359897309019,0.6928105347459187
623.jpg,1,0.5978450783911873,34,0.528602356743734,0.5831883179064062,0.553675815376464,0.5609093368090137,0.5634293258475268,0.5621721298089303,0.5580656577167459
624.jpg,3,0.6299822284625127,39,0.5170600654153217,0.5759383336832353,0.5185799197231642,0.6356655232287001,0.5954685253348987,0.593542775460159,0.5938060808402414
625.jpg,4,0.23829274909017054,37,0.5127657897064438,0.5421836740819137,0.45656548160846805,0.496449151650021,0.388447852432372,0.3868999847626497,0.3870579393710317
626.jpg,7,0.28634705656747284,38,0.3806004717050606,0.3356824076684029,0.3578912968876652,0.4178122159722263,0.258510993339133,0.25369386772719754,0.25445193227838175
627.jpg,9,0.30438854565491547,37,0.5004673500031586,0.5458849255858242,0.46919215012684606,0.4441434776360566,0.4101778771180029,0.4105241942604304,0.40704317920223854
628.jpg,8,0.7981298118829727,36,0.8707304135875105,0.7446643067016581,0.7861972758406035,0.698593488823715,0.7856977160582307,0.7875541610093642,0.7872394342090197
629.jpg,0,0.7598259774121371,33,0.6306252034244293,0.6490917586046778,0.7010611137916151,0.8072312531143346,0.7622471661240833,0.7645803409156884,0.7675887442825382
630.jpg,0,0.567892502461161,35,0.49131008681442034,0.5226624213238517,0.5647932338593546,0.5815180412994769,0.525018252702377,0.5240821900708197,0.5192915636955977
631.jpg,0,0.20511105242562858,37,0.5243561866267368,0.5786838051749038,0.38162611041154487,0.37532021632211915,0.3233400855264529,0.3224157820489966,0.322641148073323
632.jpg,6,0.6718112984124351,34,0.8466904150832457,0.7324198738030064,0.7422154863960195,0.6642098189892286,0.7569646930943916,0.7582805367956624,0.7567268594529653
633.jpg,3,0.531628154632118,36,0.5169342283068781,0.5759383336832353,0.5002597261869793,0.45505172921169035,0.5704065196298476,0.5696917270785254,0.571431395867281
634.jpg,2,0.8025013004478655,38,0.7415352373932913,0.693269291877131,0.7507661528744356,0.7440688193853684,0.7643979060618722,0.763004900431094,0.7634187303796234
635.jpg,6,0.49086062610149384,39,0.5837242248546433,0.6462923659713044,0.5735205961694142,0.6377258236066239,0.4787893263773645,0.47665380860796047,0.4767950036430723
636.jpg,9,0.15453572491989345,37,0.37373833989473626,0.3024180431045637,0.28648174349449895,0.36194769113122305,0.2639579628984483,0.2619269414119355,0.25856655977590404
637.jpg,3,0.7821782148546643,36,0.6791653574023815,0.6650596673970122,0.7146937577442363,0.7215723868102505,0.753591911603549,0.753415958286476,0.7593945237091442
638.jpg,6,0.06958195797374679,36,0.4346869469022453,0.3959439431871761,0.3515236153741964,0.40202782995972974,0.2153723355832748,0.21624642075873235,0.21378983136066565
639.jpg,9,0.601760175699989,36,0.6802551070918185,0.6653564641083346,0.6275819813839184,0.5661669891016246,0.6096295888702412,0.6077507243471159,0.609382489756194
640.jpg,4,0.639951835612993,37,0.5479492082553201,0.5774130219214472,0.6048123280367033,0.5586322532239094,0.6291032435592474,0.6284653385889694,0.627982763353328
641.jpg,9,0.6177415026200784,37,0.5289392521648312,0.5842279907608974,0.6086728191699964,0.6868385372988608,0.6372866002371798,0.6365776891165047,0.6398909704930617
642.jpg,0,0.8658288839535836,39,0.5853117356279744,0.6381890798103024,0.7088508245772287,0.7543413092335162,0.7843037465688129,0.7850630006984451,0.785436786142596
643.jpg,4,0.5115983033153627,35,0.5627469960765835,0.6063409484936375,0.5453330071465983,0.4702338488923526,0.5885743139245329,0.5867523611929238,0.5811174351331462
644.jpg,3,0.6883726800099398,39,0.6150928217849991,0.6564975545950875,0.6921061144694116,0.7276311788203839,0.7415317826696091,0.7423405143031614,0.7436010362434258
645.jpg,2,0.7536400679279777,34,0.5371105312339255,0.5771686071695831,0.6383511660070864,0.7270288228694972,0.7350007562204038,0.7343847031449684,0.7317892802738268
646.jpg,9,0.636688668694761,36,0.5630499706547945,0.5985409233521501,0.5850917243829734,0.5481912355448522,0.6359113339058096,0.6365953380448997,0.6366004978776532
647.jpg,3,0.20832218553216472,37,0.40700830370691077,0.3742788723861726,0.3196607712851083,0.35575303434705097,0.1691189207277894,0.17038289844872562,0.17947542521735127
648.jpg,5,0.1925192529775409,36,0.2904884918636068,0.2543266569374062,0.185166505783947,0.2555068482314765,0.19209745224002522,0.19267276826569624,0.19234655076861173
649.jpg,9,0.6398139758543535,33,0.5601958236247545,0.5985409233521501,0.6541822619875166,0.6580630355741985,0.6148865023317986,0.6158553102626942,0.6177245642672736
650.jpg,8,0.3944837353458362,35,0.6164621001005417,0.6512644860453761,0.4241323876558408,0.262035293595435,0.41063971780428776,0.4129009776252104,0.4172686924113941
651.jpg,9,0.77420241634051,36,0.642658613500058,0.6643617396469922,0.69094754065341,0.6934899551422764,0.7721472499125187,0.7729198712800027,0.772542537064734
652.jpg,2,0.6718921909729639,36,0.5203463540918412,0.5771686071695831,0.6376850724163078,0.6820346248281636,0.7342416981696608,0.7364307496661857,0.7364225587028077
653.jpg,2,0.5393210698451315,35,0.4400138065530461,0.39273218190095105,0.503193127922986,0.5360255809475449,0.48288152189080313,0.4827503069178526,0.4815887886616112
654.jpg,6,0.23210749691352248,35,0.49618946620166043,0.5456352091279765,0.412301936538096,0.5003641557588254,0.406892602423696,0.4048514560989612,0.4078112004069698
655.jpg,3,0.7772277196248373,33,0.5614054757644227,0.5985290068948184,0.659488682958606,0.7605378935027389,0.7897388700293737,0.7898882811503811,0.7934232242742572
656.jpg,0,0.31161359399305405,37,0.3919896641485595,0.3246454187552929,0.30462241533540135,0.3596466621761919,0.34879796341384883,0.34789689810483226,0.34561790376257373
657.jpg,1,0.8810380950118556,33,0.6086099168647434,0.6540743911309628,0.6986019965176795,0.7378392828505183,0.7939522311862526,0.7920984809508467,0.7891070726571068
658.jpg,8,0.6246359909282011,34,0.6209947078856187,0.6512644860453761,0.6558223147987992,0.7059332729746279,0.6329883993633397,0.6343916640626267,0.6328502835910198
659.jpg,6,0.7853814766687506,34,0.4603027326010549,0.41733446189669526,0.5570425951129152,0.5990743886648293,0.7443622790772213,0.7469486571078514,0.7462155489531695
660.jpg,0,0.31857891604030397,34,0.5308453017532189,0.5786838051749038,0.3191888241945553,0.20900679914566278,0.25866306594246363,0.26105966779267986,0.26126500827073956
661.jpg,8,0.7811360061168671,38,0.5768702949324243,0.6038361243767831,0.6478031387498892,0.6792215454413381,0.7739191482449506,0.7738407586370802,0.7747157712022066
662.jpg,6,0.5849084869930239,33,0.5717619651712789,0.6315634576129162,0.5676502568392332,0.5274122858720038,0.5712226384961898,0.5681348497365802,0.5670040125563417
663.jpg,5,0.311589985866757,34,0.47413857012478183,0.4701925047387288,0.47311422401308084,0.48528095253595355,0.3323618026612869,0.33492182240640866,0.3363486863630568
664.jpg,2,0.4997394465302166,38,0.4799276247612651,0.4617553694665715,0.5073402929457969,0.531049494561143,0.5362723452964764,0.5356264621626221,0.5361263589452963
665.jpg,5,0.5174017413095995,33,0.5972861950149602,0.6529198914827967,0.6562355485840844,0.6833359158118474,0.6447926545267361,0.644338095427378,0.6317865670082833
666.jpg,3,0.7778101300492006,34,0.5616717544340417,0.5985290068948184,0.652479098268966,0.7028480160414398,0.7171064507833165,0.7167476189915202,0.7167410895049346
667.jpg,5,0.5472418648856027,35,0.6788844628658036,0.6721142694266388,0.6364010423736433,0.6518640743629223,0.6066764053232077,0.6014376791745739,0.6009283212818411
668.jpg,1,0.6977592487084238,38,0.7217203130146759,0.6870584885373884,0.7733858958846134,0.7213689352467018,0.7382447911005617,0.7407378125922943,0.7406759759390209
669.jpg,6,0.6105164553265314,37,0.6201226287865013,0.6541603195966402,0.4790465707904604,0.39731515816403445,0.43833940031593255,0.4391396994793783,0.43740471313416573
670.jpg,5,0.5869681545206018,37,0.5090515436138212,0.5529295197996018,0.560709936303285,0.568967013167935,0.48052543418170773,0.4837286628681258,0.489843439107926
671.jpg,1,0.36771176986965454,36,0.4820328300828169,0.4701043433507907,0.5062615884663126,0.494877635165546,0.4452220166202939,0.4444542403352038,0.44554234101824886
672.jpg,7,0.21521625843046135,38,0.4556270959655459,0.3990155108860608,0.35994628756388414,0.4228128975866045,0.23800249092162895,0.23878149334569326,0.23381936619064636
673.jpg,6,0.26485148364736233,32,0.39098762818341515,0.33847527666634586,0.31909191095717526,0.3034680385077356,0.2733123844286718,0.2739398522810006,0.2719805970254657
674.jpg,2,0.360583354970692,37,0.40413275965745143,0.36675649515966247,0.37714745444361475,0.3891082270277677,0.3227353585823875,0.31888127606454164,0.3217087497537789
675.jpg,2,0.39537061778576793,37,0.6959921432176858,0.672947164826379,0.5533437494727325,0.4604867863393854,0.48846978016993414,0.48860724382298515,0.4876893034156887
676.jpg,1,0.76393954691134,38,0.678692007744127,0.6703138009528102,0.7740509868883203,0.7574477275117645,0.7183477872406577,0.716438657643849,0.7212739381813906
677.jpg,0,0.3067968935781234,37,0.43845214509656644,0.3857695869294708,0.3838500120512778,0.39606866263495616,0.28647959921644117,0.2869955792412944,0.2909145380996411
678.jpg,8,0.236458938651006,34,0.5675903877951478,0.6038361243767831,0.4575506039446899,0.44795084611653047,0.26357838143197915,0.2658952143889514,0.26591856635391853
679.jpg,4,0.4997087881407317,34,0.4545517975991768,0.38776003671147763,0.4302673147334019,0.42781158704934036,0.47878608932598465,0.47665274960113535,0.47283982741684183
680.jpg,6,0.7903398420359637,37,0.5773279366685993,0.6462923659713044,0.6833025209586222,0.7312447073632646,0.7679379196052836,0.7659469497749165,0.7654389490558883
681.jpg,0,0.2594327030929963,37,0.4709087229740508,0.47799863898817424,0.4308774081244145,0.4425508718811156,0.3392785835039818,0.3388252963263674,0.3401290352912848
682.jpg,3,0.8604579120874405,32,0.6729562605456803,0.6650596673970122,0.7849404952015714,0.7721455519656413,0.7267390929985035,0.7277196730019022,0.7260230766346712
683.jpg,2,0.3894389412469334,36,0.6977942548185474,0.672947164826379,0.6000041728423664,0.5309647579168648,0.37828935378977835,0.3811451755062156,0.3788003113473233
684.jpg,4,0.7449192232207248,38,0.6380938765977865,0.6542509696711698,0.6904358834536182,0.7558050068031377,0.7091733450383416,0.7089209335036832,0.7069098091893521
685.jpg,0,0.8285565360596305,38,0.6120072854741072,0.6490917586046778,0.6794098848954216,0.6962494008989999,0.7802895025894924,0.7809820570541565,0.7889103061680017
686.jpg,5,0.1797736924939922,35,0.31080583367878356,0.2543266569374062,0.14150636179620568,0.15443050714470685,0.20798673617179186,0.2086770720687569,0.2115773488378659
687.jpg,4,0.7769671694228524,38,0.7278591500564591,0.6899131467349947,0.6487180206535933,0.5909061161606352,0.7656022370317142,0.7649862714328091,0.7591980454141242
688.jpg,8,0.8126628414580697,38,0.6307310763728131,0.6512644860453761,0.6576565710028673,0.6288233658642547,0.7103130719815799,0.7111265092123793,0.713909718548052
689.jpg,9,0.6420084855386189,35,0.6333410936644552,0.6540831156792618,0.6134027846890286,0.5667251876230917,0.6329865350110413,0.6348145766921718,0.6301884495940719
690.jpg,9,0.7057800365460886,37,0.722875649834034,0.6877423698351142,0.6678861350070574,0.6396115606141879,0.6642459044969299,0.6660445856441576,0.6650269162050853
691.jpg,2,0.5512022577492254,35,0.47220284976340954,0.4617553694665715,0.5406176057212196,0.6012229568676821,0.6130780082011992,0.6118022155946793,0.6070395146404465
692.jpg,5,0.20523338170189942,35,0.37204839330760187,0.29440297668148957,0.2647069412409232,0.3112256354259213,0.24110671180551718,0.24443518991222712,0.24178233959462814
693.jpg,3,0.7206506328923362,35,0.8429504370093076,0.7295469717747769,0.6968886698067432,0.6373851421343895,0.7005856992487195,0.7012590457133183,0.6966987818404062
694.jpg,0,0.7555005467600293,36,0.5982852313082632,0.6490917586046778,0.7330288967232272,0.794864828142394,0.7317123310955801,0.7320201279718899,0.7343105896317494
695.jpg,9,0.23031588930947086,42,0.319211836277416,0.2626978087113266,0.21698164645332296,0.2759874753143834,0.2426175344699793,0.24308511879835887,0.24180366210480503
696.jpg,2,0.751332822518471,39,0.6610093324229465,0.672947164826379,0.7352965239571798,0.814179793634526,0.7207037856269872,0.7211962749531878,0.7277442982519045
697.jpg,6,0.6790914342683905,34,0.5888332472037656,0.6492064101464289,0.7050002163918954,0.6866475194739411,0.6628706553249728,0.6650902585778152,0.6636014798039773
698.jpg,0,0.8249999940395355,40,0.6088284031975484,0.6490917586046778,0.6420620020379899,0.6327231316466209,0.7321089164903472,0.7313492155020334,0.7232592286640973
699.jpg,5,0.7715700176500139,42,0.7187728742086631,0.6992490429898235,0.8099082132010684,0.797333827256168,0.7367474247091147,0.7375505938860197,0.7282780496020306
700.jpg,7,0.8311881124973297,40,0.8237555108227341,0.7368245454903367,0.7260757072488597,0.6706243838455789,0.780826702015434,0.7869106944207216,0.7876468135107609
701.jpg,9,0.7542146089914683,37,0.5212813776920399,0.5842279907608974,0.656976259254675,0.6630033942851538,0.7179449263213801,0.7171816666939392,0.7187451218036319
702.jpg,3,0.6434143384297689,33,0.5922356132590625,0.6564975545950875,0.5851076870090073,0.5530282440629513,0.6110638014318738,0.6096663546316686,0.6114979381307816
703.jpg,3,0.22429550511953542,39,0.4328441317008503,0.39387190139829337,0.32246293115129,0.36153862646806717,0.3142269898875634,0.31377001494278234,0.3162354055039569
704.jpg,5,0.35278790973519025,38,0.42520002582363436,0.3917278869399529,0.38619393875668,0.4537731790269935,0.2864587101174743,0.28287840194490693,0.28288130692521063
705.jpg,9,0.40984887884635673,38,0.5404792457552478,0.5842279907608974,0.41881509548832296,0.328332580939778,0.40874160071354143,0.4047661239270066,0.4036114521768548
706.jpg,4,0.5550901232621609,39,0.49573168084782043,0.5262622811097408,0.516229733802979,0.5006621452783209,0.5431023114697543,0.542213995061433,0.5382405747320153
707.jpg,2,0.5786421505468232,35,0.5083161289650302,0.5290042661183955,0.5515496535244642,0.5700249698117499,0.5321165634007515,0.5317134079687652,0.5302684937568605
708.jpg,6,0.6872187256813049,33,0.5206927847928073,0.5761673720718848,0.5830589687319121,0.5499106602654411,0.6977667046511696,0.6954967795087517,0.6951065033270821
709.jpg,4,0.7711771180232366,36,0.5672937228177878,0.6063409484936375,0.7065315420698065,0.7907868134256646,0.8126346104549804,0.812645514127291,0.8169586093484429
710.jpg,1,0.36364922008610195,35,0.6109941482986616,0.6540743911309628,0.5527965320271053,0.557898011279792,0.41880780876940576,0.42478499094045313,0.4091809289805185
711.jpg,7,0.6113861348066065,36,0.49886767538921406,0.5314201452634091,0.4980284234169979,0.4633191255025746,0.545538764738781,0.5384293827004129,0.5417775624394491
712.jpg,2,0.17873892846125128,38,0.24596406942047433,0.24709682269016517,0.1918959616795085,0.19834516966304516,0.26148107630022094,0.2601129849514006,0.26681446112128876
713.jpg,8,0.5472418644598552,35,0.4046998617178149,0.3329822880235352,0.4526142644405449,0.4483116338274555,0.5011857656677299,0.5034626731290125,0.5022662574127672
714.jpg,0,0.7563553613585394,37,0.5416086538174913,0.5786838051749038,0.6744293832142167,0.7340589474033996,0.7237563219598532,0.7240841766253823,0.7248559986244155
715.jpg,0,0.8501823858210915,38,0.5283510386855139,0.5786838051749038,0.6532457545852923,0.7469418691423275,0.7624434650154002,0.762054259963851,0.7565725200684998
716.jpg,9,0.3083058303454891,36,0.3362392145751124,0.2807497979305084,0.285730233286845,0.36163576639085354,0.32674197699474206,0.3258726570044663,0.32327227737894465
717.jpg,8,0.7958648748257581,34,0.5169894919518129,0.5734453192411686,0.5904229044476332,0.6341738153853964,0.7490648274744748,0.7448923685877358,0.7454502972248014
718.jpg,3,0.16562942060242805,35,0.35940577891695935,0.28503374576309237,0.31093523086118613,0.3435748838127273,0.27161177551567023,0.2736225431331269,0.2701136048033047
719.jpg,0,0.6694169441858927,36,0.4680027324482648,0.47799863898817424,0.5500448866534293,0.5989048631756655,0.6967121728271262,0.6963740085498691,0.6945630144664254
720.jpg,4,0.5214992914881025,35,0.4853157097049127,0.46463483502953734,0.5548806280040168,0.5654702785088253,0.5535836462180345,0.5505994772331745,0.5473866075881293
721.jpg,2,0.7849284882346789,36,0.8112193974956299,0.7245079191052938,0.7358906518023102,0.6036720545982666,0.7250296205207272,0.7237823653913573,0.7216617715323667
722.jpg,8,0.6677667688992288,36,0.7674093370619353,0.7122728708421466,0.5763046622638703,0.5546897585360127,0.6331256899582521,0.6274500269154787,0.6305643129164726
723.jpg,7,0.7100210027261213,33,0.4747876108190482,0.47130123283956843,0.6091951790169394,0.7527825017811407,0.7219698130989031,0.7206656608058468,0.7191943357384887
724.jpg,4,0.5208174662712293,39,0.5614686887414021,0.6063409484936375,0.43297208813846416,0.40709583667758875,0.3808262645642544,0.38002001244019523,0.38479438137932953
725.jpg,8,0.3289328946395674,36,0.4846673127155669,0.46188788717075757,0.2699831349739529,0.25811966486178317,0.25538745723617473,0.25646172493626046,0.2555430321477536
726.jpg,2,0.16171617394623658,36,0.397200828710742,0.33565428007771786,0.3008170586521083,0.2886392855401425,0.240851834137568,0.24210120936840362,0.24539593856410924
727.jpg,1,0.4845660995034611,34,0.4289383177307412,0.36954662020428897,0.49285920787755516,0.4853726137108651,0.48527749188342506,0.4883795819448668,0.4875186309914891
728.jpg,1,0.26383226693553086,34,0.3513925662580367,0.28995168594756715,0.2519577784134095,0.29205289022875547,0.31916090806161096,0.32016495917883,0.31433588663425627
729.jpg,1,0.8299359311075771,34,0.4245306922208625,0.36954662020428897,0.5142914334954587,0.6020598264261993,0.751879922186748,0.7487466230927673,0.7435986938171051
730.jpg,5,0.3850385028248032,36,0.48604663499891926,0.4701925047387288,0.45611750451606003,0.4615843236493617,0.30199633485912447,0.30625298684466806,0.30419042367044136
731.jpg,5,0.6315417264189039,35,0.6154423662672295,0.6539998308834252,0.6512866724281717,0.6539944397709743,0.6353566659109117,0.6421561390856457,0.6386779875864146
732.jpg,7,0.6512376248836518,40,0.7393164748513275,0.6938098852416897,0.5740044435418116,0.46474577709941955,0.6295952908635323,0.6300382056717468,0.6291040498135063
733.jpg,3,0.7079207897186279,36,0.6636048641280956,0.6650596673970122,0.6898823249363502,0.736914686498206,0.6441843372289913,0.6437920711986362,0.6457836156333713
734.jpg,5,0.6594862188841846,37,0.46903597503683586,0.4701925047387288,0.47748749036813337,0.4526220145425231,0.5699787016701242,0.5686620702162597,0.5694962083507266
735.jpg,8,0.8221629812167242,39,0.7527236417868988,0.6941033646549982,0.663159748768239,0.7053703034973997,0.7775292248521468,0.7770460338733371,0.7688409889948608
736.jpg,5,0.37998799641023984,33,0.4021071941930383,0.32915008402494994,0.37448939287987815,0.44112199846695765,0.3851943898980064,0.38588637226483524,0.3857349065154879
737.jpg,5,0.6861936185095046,36,0.5584431769101299,0.5977441204593461,0.6255378061721777,0.5548179802147337,0.6400122335229577,0.6425331233669331,0.6500417234714195
738.jpg,4,0.7901751689421825,39,0.6584963867906095,0.6542509696711698,0.7256221725367173,0.7495072065156488,0.7664749957058455,0.7671618203904431,0.7656999157808091
739.jpg,6,0.45622720441928033,38,0.4229137570872421,0.37497728127364766,0.4556409617099194,0.5193351961048145,0.4632171886520122,0.4645621986073034,0.4639544030549859
740.jpg,1,0.7523483099081577,39,0.5310808829999816,0.5831883179064062,0.5500915210460119,0.5817543474157589,0.7421249074011895,0.7432017866685235,0.7409137176626357
741.jpg,0,0.7887342749415217,37,0.5914566247753752,0.6400424494739521,0.7408301730993276,0.7667049011184072,0.7332688673944072,0.7337937273643336,0.7331307559937005
742.jpg,5,0.7296479642391205,36,0.523249671908159,0.5783524373811708,0.6827496160620196,0.7808298848922752,0.7172547013632684,0.7171650997346901,0.7142119200095629
743.jpg,4,0.27664531400317655,34,0.5704048626041394,0.6063409484936375,0.4567562408952352,0.40522136386438573,0.3858469653612837,0.38748978902045494,0.39036552937891905
744.jpg,2,0.7419052687851159,37,0.7080285162140632,0.672947164826379,0.6760727918433386,0.6549772959819917,0.7477179125978347,0.7482676412275204,0.7493674623807778
745.jpg,8,0.7178217800039994,38,0.5148900552607906,0.5447711409997608,0.5770353360192166,0.5506635786543677,0.6851714736340001,0.6818980905803563,0.6855563577479367
746.jpg,3,0.1589982540565817,34,0.40598323645856704,0.3649186701770781,0.25560722782227974,0.23848526630227251,0.2273379077890234,0.22977230756846317,0.23030295588383848
747.jpg,2,0.523479489343507,35,0.6761820896144211,0.672947164826379,0.4397661564176667,0.32309833939291444,0.4814765584819503,0.48222881764966474,0.47789307570497586
748.jpg,9,0.7852035197946761,36,0.6249060811533294,0.6540831156792618,0.7044110406194137,0.7293601840530953,0.7658391427074043,0.765281839929628,0.7640207194086477
749.jpg,3,0.20617355699377024,34,0.3349718865333665,0.274402216941554,0.21600026394862348,0.23058551249515502,0.26598055288891476,0.2644852401690201,0.2648723652573309
750.jpg,2,0.22798332543798575,38,0.4168361071649055,0.39273218190095105,0.3543233119354562,0.38172954370966095,0.25547831785407865,0.25512442124704476,0.25365088226558785
751.jpg,1,0.7265579437508303,34,0.5544002085760749,0.5979475141669043,0.6152651407946528,0.719642593021048,0.6716713819447544,0.6660732750972619,0.6660940943324174
752.jpg,5,0.7796360689240533,37,0.6230015532508151,0.6539998308834252,0.5976781303042304,0.5670616518936753,0.6808600261625266,0.6792502814529386,0.6806612316837359
753.jpg,0,0.2629950487462338,32,0.41124981560949914,0.38152056906043896,0.2766951416136805,0.30118049470980135,0.26291905415294736,0.26174423935305957,0.2576783726512631
754.jpg,4,0.2669459252785414,39,0.29480967205677333,0.2505426603894227,0.16922628884864366,0.25384382718024767,0.1638145347139795,0.16420342062732152,0.16559005260664073
755.jpg,7,0.7172717245088683,36,0.573518723183881,0.5968977719312591,0.6643758253034795,0.7304739816958988,0.6480545604984228,0.6445233864118792,0.6454619551775508
756.jpg,0,0.3329207899951143,32,0.4267937333408133,0.3857695869294708,0.3767925933139207,0.3802876178333197,0.3019905549942907,0.3038057286197304,0.29881426339798617
757.jpg,5,0.6381188102066517,40,0.6097825447941053,0.6539998308834252,0.6489543251045514,0.6326687412252174,0.5398094022115899,0.5399604311767106,0.5386785693972183
758.jpg,2,0.7306930646300316,40,0.5853181952838467,0.6370501065263758,0.6575948084471668,0.660315412376189,0.7010503085915805,0.6998301538759166,0.7013130630752424
759.jpg,0,0.559697149650139,34,0.4347421339481713,0.3857695869294708,0.3771740416139052,0.377842538720294,0.4278192411464212,0.4268392140483772,0.4283706648481731
760.jpg,8,0.6538461538461539,39,0.7748534516999044,0.7122728708421466,0.6495917705698067,0.6548459591493768,0.6853190024363804,0.6847871784387032,0.6683935509372334
761.jpg,1,0.7390797856976005,34,0.8583294203090773,0.7357906584088292,0.7319035540736963,0.6144777498687425,0.7360886511987831,0.7347916006200889,0.7375111112388651
762.jpg,9,0.8864386298439719,33,0.7729450010051078,0.7052361366125187,0.8345441511910829,0.8475927246979339,0.8243578515663675,0.8235001083903004,0.8294425264449891
763.jpg,2,0.5888338809212049,36,0.5893797645118082,0.6381238041507841,0.53102824965282,0.5530674976041239,0.4531094024991983,0.4522941936142607,0.44853713503750026
764.jpg,9,0.4895638171079996,37,0.5080166457435116,0.5458849255858242,0.5178303200308221,0.5693370457175019,0.45752503794938626,0.4577271727964869,0.4582567773778151
765.jpg,7,0.36348635082443553,33,0.34148320163650114,0.27168641440019226,0.27533300413677053,0.22460828104712782,0.30926319031761934,0.3062126302269717,0.31001088127762694
766.jpg,9,0.23907979181967676,34,0.30323842206195617,0.24915488019245374,0.20410373110407254,0.24316939588100106,0.2501126673854185,0.25095946085719273,0.24776919331370773
767.jpg,0,0.58153755699887,34,0.5349286226842724,0.5786838051749038,0.5726698006020932,0.6005040991521763,0.5468587799578475,0.5461884640870596,0.5510492998306104
768.jpg,5,0.62046204176214,36,0.5759883174590457,0.5977441204593461,0.5906223803778092,0.6053278317771597,0.610844854362345,0.6146258432837061,0.6112792423571435
769.jpg,0,0.6551155136390165,33,0.6985192912269593,0.6711737226359442,0.6771983067160424,0.7007879646895745,0.6541040282108334,0.6538693908927391,0.6500310309066496
770.jpg,2,0.7617072503308993,37,0.5793088145687586,0.6334436080571105,0.6706716541239248,0.6810204565969411,0.7353129489112816,0.7372995631069681,0.7371830503102934
771.jpg,6,0.696272569544175,34,0.6085685964006418,0.6541603195966402,0.6167096804171551,0.6312910323237458,0.7057941527515774,0.7054559284873585,0.7051937441160071
772.jpg,0,0.7073856012241261,37,0.5099543830982194,0.5288029707375392,0.671123532261104,0.7710623556530252,0.6874487253471397,0.6892631482131888,0.6905987564490134
773.jpg,2,0.3800880087720644,36,0.25652939128091,0.24709682269016517,0.22393332118225961,0.3063546706788808,0.33666542155968704,0.33404641291733805,0.33177867817771844
774.jpg,0,0.6718921884894371,36,0.5551980497660891,0.5899695052686835,0.5221754360995479,0.4829468185466672,0.47245970524354636,0.4743207958863629,0.4729794983245319
775.jpg,8,0.408965896608101,36,0.5664975423255247,0.6038361243767831,0.44496209000068665,0.38919967128017596,0.4212157896005494,0.418529012947731,0.42657116677756024
776.jpg,9,0.7359264510018485,35,0.5837970972096171,0.6299571672542784,0.675758739858515,0.7517993346601678,0.7548094904533729,0.7541354170646931,0.7502214783207344
777.jpg,9,0.36496149593343336,36,0.49202700348269557,0.5072631170822105,0.42733528970592843,0.4398030727796067,0.32130464254159535,0.3219148102372878,0.31871763952569615
778.jpg,5,0.3030803097127419,36,0.4272445899142993,0.3917278869399529,0.295712532500086,0.25768929212002145,0.23543528146629056,0.25183154891225845,0.2535502176120696
779.jpg,4,0.27800938376764717,38,0.45596514065604005,0.38776003671147763,0.40905675733578345,0.4436372428319471,0.1821580310652146,0.18003460046730163,0.18649402677544358
780.jpg,1,0.3940011657747057,34,0.27635398638103237,0.24615217760898492,0.15411109920558452,0.25027201329930315,0.23877498229817756,0.2312275879950611,0.2309949422685258
781.jpg,5,0.898905674093648,38,0.7728194031644329,0.7059053997828801,0.8393171244701623,0.7972621304565174,0.8885985579719169,0.8928501623162906,0.9040464586504768
782.jpg,9,0.37015558523791176,35,0.41048541510129744,0.361550226306961,0.37724727815145254,0.3775617878565033,0.30977652037479436,0.3111141051032352,0.3104997534516227
783.jpg,2,0.7709020831518703,36,0.6735015260343162,0.672947164826379,0.7154139901432218,0.7064015860895994,0.692738651697586,0.6904868045740917,0.692911058251427
784.jpg,6,0.7774692046933058,41,0.5951224109475676,0.6541603195966402,0.6189352756502378,0.6171773859655739,0.6495981362245415,0.6498880330936164,0.651836701813961
785.jpg,2,0.8102310191501271,33,0.5775864865985103,0.6334436080571105,0.6560947708029984,0.697961190186658,0.7302399591289874,0.7289874781124575,0.7260553778744603
786.jpg,5,0.5812923351400777,38,0.7055349109199986,0.6721142694266388,0.582296772183243,0.5337656414039338,0.6530826706786126,0.6528504616618174,0.6530657052884603
787.jpg,4,0.5337649087111155,39,0.44038229584461525,0.38776003671147763,0.5267345690972702,0.5763414176412651,0.6810188254783673,0.6809041070411408,0.6820935895833983
788.jpg,6,0.2602918193504018,38,0.3273289397433935,0.27438180870244183,0.2837582163918698,0.35453416747555827,0.30579549276133183,0.3073452298013535,0.3072392505559153
789.jpg,4,0.5977071327598471,38,0.7757516035357754,0.713424779362774,0.5905604020055744,0.44350580509445947,0.598305600513938,0.5991411359466283,0.592191844267589
790.jpg,7,0.8243877001498875,38,0.6502092470215474,0.6669360555564974,0.6855090821881528,0.7038833863016026,0.7910059398360412,0.7955057627110311,0.7970149265509093
791.jpg,2,0.7850902694113114,34,0.6779245715029473,0.672947164826379,0.7010586856331353,0.6721713211763785,0.6909518298855937,0.6902783315685905,0.6887474762666279
792.jpg,1,0.720497722561295,37,0.6669054367103905,0.6703138009528102,0.7389197865867407,0.710349303432741,0.6642908069058813,0.666956935268502,0.663341139396803
793.jpg,3,0.3514851471286659,38,0.42289050827486363,0.393723235099456,0.46190107454811297,0.5090480986314261,0.3409985952013046,0.3405423622477137,0.33873087615879466
794.jpg,8,0.5337649140602503,39,0.5275590681876016,0.5734453192411686,0.4537469487879352,0.40480944314531264,0.4821549573254349,0.482263599872319,0.47875087636608493
795.jpg,7,0.7213162464254043,34,0.785921315834727,0.7244263612096028,0.7860379767196886,0.7382428962904224,0.7509944246785074,0.7512013163485805,0.7524426328792602
796.jpg,2,0.6011506512358382,37,0.532435839134322,0.5771686071695831,0.5939648296934412,0.5441822134476277,0.5781475151529739,0.5794549467918386,0.5770082168739323
797.jpg,1,0.769059405848384,40,0.5244756433987827,0.5831883179064062,0.5954521066380917,0.6545191558588678,0.7148868874135745,0.7115331881876804,0.7058240402538702
798.jpg,0,0.6754675416482819,36,0.5646873057778439,0.5899695052686835,0.5444026661202999,0.5244234212695,0.6611082056048716,0.6637760362868853,0.6654241148706558
799.jpg,7,0.4070272881810258,41,0.5721454732434919,0.5968977719312591,0.4677871605185716,0.5288376593524585,0.41656355250583516,0.4175835624752309,0.42237433104730115
800.jpg,4,0.3947666204401425,35,0.382162939304569,0.3292385620508041,0.3986503185970188,0.38731838944137115,0.29736137365065496,0.29464212549431174,0.2950653008752736
801.jpg,5,0.7315308466935769,39,0.6832919865496807,0.6721142694266388,0.7677003992574487,0.7844791850663188,0.7370698126585462,0.7364367648537276,0.7417843824854848
802.jpg,4,0.26952695450745523,36,0.4818481126094092,0.46463483502953734,0.44245944114886,0.437943503947807,0.2482411193780189,0.24678331603024634,0.2562213220081874
803.jpg,6,0.20064065256156027,34,0.3081904786669952,0.253372222441536,0.2589774511308035,0.2920285200775349,0.1790779381582494,0.18166866796279885,0.18195893942186753
804.jpg,7,0.7564597878514266,41,0.7120828457497028,0.6669360555564974,0.7472970377282778,0.7106603971745613,0.6802716269027034,0.6822053252372481,0.6788385479256877
805.jpg,2,0.30339462437799997,35,0.3654385770771178,0.2824741659948822,0.26497617136079565,0.24386452618795673,0.2508959567582927,0.24970118127660434,0.2527367414909657
806.jpg,1,0.5192808736311761,38,0.4912419310402619,0.5073442432785183,0.5284488457944186,0.5556809729278026,0.6107348780017157,0.6153037078179938,0.6135481292793384
807.jpg,7,0.40581365942190856,39,0.5477063520957977,0.5901850906305742,0.5486215465340769,0.5066858913224774,0.45606691628635865,0.451198865248126,0.44591381520279016
808.jpg,7,0.3583396795826654,39,0.5621704269946515,0.5968977719312591,0.5274770425880972,0.533206010660098,0.44589802315337906,0.4400765187982213,0.4438247214860925
809.jpg,6,0.35335830784075567,37,0.48366985945201885,0.478996161648096,0.44830595825631353,0.46578566415980693,0.38752622558502625,0.38922629231873307,0.38983551452455534
810.jpg,2,0.6763446548500577,37,0.5397463956420703,0.5771686071695831,0.6193695328438633,0.6905185578345443,0.6469027485088492,0.6470459348469765,0.6464257021343057
811.jpg,9,0.6420084834098816,35,0.5986903745343135,0.6533373742939058,0.6581475763531766,0.6587046207360003,0.6099382792091889,0.6105679224869304,0.6073367691166454
812.jpg,0,0.6533239041055952,35,0.5809566051341882,0.6381890798103024,0.6589132457184885,0.6035841230686936,0.5735572142241333,0.573924365583636,0.5739160300777109
813.jpg,0,0.7983324637538508,38,0.5637754270805737,0.5899695052686835,0.5902774448006476,0.646279619831615,0.7330566416530956,0.7325758381134522,0.7344219946253833
814.jpg,4,0.6021216469151633,35,0.6988466327628927,0.6671982196241483,0.7419608913778408,0.640355151560856,0.635350946071872,0.6348324360459824,0.6408635826934295
815.jpg,8,0.29235423488232,36,0.2992483098662452,0.25091223741298985,0.17272820511303555,0.24553776378003755,0.2675142373556006,0.2624571468641987,0.2593523123415661
816.jpg,3,0.8152683628232855,38,0.6161528846087567,0.6564975545950875,0.6540683171223811,0.636721093056847,0.6950740556332275,0.695227554305013,0.6997508323189598
817.jpg,5,0.596664933389739,38,0.7965827334289973,0.7084122809267458,0.6699739111046055,0.6068064004920061,0.6202606242838208,0.6173440587920405,0.6208961217231914
818.jpg,9,0.4448755659364365,37,0.381603743493516,0.3172610337007786,0.27269257651243217,0.2585007139152108,0.34526371392735916,0.3423920786957279,0.3427749129067273
819.jpg,7,0.33810543148098765,37,0.4838764243866988,0.47130123283956843,0.4693248239940389,0.38802520917203553,0.37821465134706256,0.3786409254383422,0.37376712745337826
820.jpg,3,0.37326733026919623,35,0.38547835519339047,0.3220426089599802,0.33498861357109644,0.3648595853905947,0.32711079898024603,0.3269147160707208,0.32631302726559197
821.jpg,9,0.7107496457440513,35,0.5451539624975915,0.5842279907608974,0.5558087260156481,0.5239105920669673,0.6608296426384916,0.6627105870799419,0.66027087604666
822.jpg,7,0.6545654576685693,36,0.8326466333515117,0.7368245454903367,0.6234260296941403,0.49466043079872185,0.5276317453298495,0.5330775144585187,0.5355125383928391
823.jpg,2,0.5500707162278039,35,0.5542270321492044,0.5940812369333526,0.5122360183517474,0.5331934568879476,0.4937827344690834,0.49269661636968776,0.4873123648845523
824.jpg,0,0.2889674700796604,35,0.28717348479467086,0.25398153511060356,0.2553199413486965,0.282959662001835,0.37540107323178395,0.37510842824268914,0.37375885122457286
825.jpg,4,0.622306343387155,34,0.6148167703571059,0.6542509696711698,0.7052366998418196,0.709442248283447,0.6712360480301527,0.6703255834155929,0.6672257602783535
826.jpg,0,0.6954142772837689,38,0.6065891757779549,0.6490917586046778,0.545994521723265,0.47066713603410115,0.5147894019429599,0.514481541063578,0.5116354628453034
827.jpg,6,0.811589975567425,34,0.5654032182619816,0.5934374532201891,0.6476285832774777,0.6881997603054801,0.7889359289055126,0.7874554185468267,0.7846836989150132
828.jpg,4,0.7688668847084046,45,0.6287747932228829,0.6542509696711698,0.7104990605208763,0.6824002096868326,0.7934134071382528,0.7924807973338902,0.7956005836261958
829.jpg,0,0.7760275999704996,33,0.5639511022724131,0.5899695052686835,0.5774654185120611,0.5214433053345295,0.6757150841702597,0.6778756068891865,0.6774626250044067
830.jpg,5,0.3825082511175424,30,0.44958498322772955,0.3917278869399529,0.41056720452562273,0.36413795722821174,0.4034529005469081,0.4030181956760728,0.4041920574895526
831.jpg,7,0.85539342698298,38,0.7132093926069556,0.6674270842967487,0.7547644433984178,0.7293225817186364,0.8298237722994106,0.8281886248522858,0.8241539104621449
832.jpg,3,0.6343323487687755,37,0.6345299246664844,0.6643570208330195,0.7138139375722083,0.7013157629838098,0.6281971841317454,0.6291895948410872,0.6278725690542052
833.jpg,5,0.6178459263429409,41,0.6814948857831875,0.6721142694266388,0.6648968000182087,0.6111661849963087,0.568599468233377,0.5687762309316384,0.5676856426281316
834.jpg,8,0.1674917505717733,36,0.45682109805814286,0.4053745551252472,0.4185214847822493,0.39932516855028455,0.2229648695656989,0.21740480553905228,0.23273061452794103
835.jpg,0,0.25615275876064386,35,0.46016895359081833,0.47799863898817424,0.40474495930148574,0.3995770243155612,0.2889226365917088,0.2891645538888071,0.28909004833616553
836.jpg,9,0.8243876977970725,38,0.5981046279835494,0.6533373742939058,0.6864417157379491,0.7885587867970449,0.8045643190899261,0.7976457746725661,0.7998764030632071
837.jpg,2,0.768701864613427,36,0.5527965199727343,0.5844805402896708,0.6719105613373486,0.6674038205099064,0.6999934858074863,0.6995085018008107,0.6984710874467644
838.jpg,2,0.43737048083959623,43,0.35892756718508034,0.2824741659948822,0.4126747578495105,0.46965416421116807,0.3424152423518013,0.34311431673346804,0.34713664305564434
839.jpg,6,0.7601760162247552,36,0.5162290542684427,0.5761673720718848,0.4695849759181703,0.5116793838527794,0.6000261519298261,0.5979403625087949,0.5983961818179709
840.jpg,7,0.4966128143040757,38,0.5384167443058383,0.5901850906305742,0.5962612738862245,0.5006894391586459,0.48534895767109976,0.47774439452547296,0.47308530436044627
841.jpg,7,0.5813486713009912,37,0.5945892018069936,0.6529911730053147,0.5345993456935414,0.511254860313574,0.5693505785514182,0.5717996164966579,0.5797291141198865
842.jpg,7,0.5483734037194933,35,0.6451568080377559,0.6664983712432988,0.6035958584860539,0.5355355042006913,0.47988359775582623,0.47730872963423937,0.4732161511041736
843.jpg,5,0.6987814146738786,39,0.5472498233864243,0.5783524373811708,0.614959196479318,0.6015033052940519,0.6558778831305007,0.656743071147102,0.6549027888599935
844.jpg,8,0.3334833490097839,33,0.6607144898587627,0.673215557960659,0.4892220352384987,0.3554696411622689,0.38810385457952346,0.3865850683354571,0.38379320045043996
845.jpg,8,0.26980197988450527,32,0.5468387577468514,0.5734453192411686,0.29701046325604885,0.2687924342670157,0.28087262445208183,0.2809738902496584,0.2794429090387502
846.jpg,6,0.7155586983476366,35,0.6232996388677954,0.6541603195966402,0.6948470325308588,0.7269529400873833,0.7528224919825642,0.7514796720243955,0.7523652089663189
847.jpg,0,0.7654015409449736,36,0.5922194320701247,0.6400424494739521,0.6301708615411474,0.6917321685873878,0.6914555533086733,0.6897017477308602,0.6875320563963513
848.jpg,9,0.766760960647038,35,0.7142871715457939,0.6877423698351142,0.8287903881780834,0.7900223318909907,0.6899251020201458,0.6898357798536677,0.6913228542979362
849.jpg,8,0.5347949032272611,35,0.5254539671759537,0.5734453192411686,0.48957244323094645,0.5004535997442201,0.6003906057899973,0.5980149442617416,0.5947740886935946
850.jpg,6,0.25049505076770273,35,0.42878910324656594,0.3959439431871761,0.3724394135848914,0.42053896705085714,0.22629347381016074,0.22684419414620494,0.2254511812318346
851.jpg,8,0.5621905997395515,32,0.45519424070255826,0.39767960626398374,0.44342835510363715,0.4707602144026941,0.46927391874993474,0.4744330870321782,0.4693366584755472
852.jpg,5,0.2654015400265861,36,0.3650429614628605,0.29440297668148957,0.2157790858442934,0.2801339041394373,0.20937464372776005,0.20543649521017948,0.20300332355426198
853.jpg,4,0.7120462076531516,36,0.550355341337206,0.5882514811406894,0.6305476822185136,0.6542392351887798,0.6796730038033995,0.679836730080219,0.6786890036648624
854.jpg,8,0.7699475814314449,34,0.5550564896383792,0.6038361243767831,0.59623946997555,0.6437758167612216,0.7173033885553778,0.7191890813945702,0.7183899339206217
855.jpg,2,0.7532569044514706,38,0.5888165641900287,0.6381238041507841,0.6902636030115739,0.7721835196286876,0.6738785235758468,0.6750834861472845,0.6737965636132022
856.jpg,5,0.8325082461039225,36,0.6937393875059497,0.6721142694266388,0.7266633825598001,0.7182877710006355,0.748610490686431,0.7526080530839107,0.7620825654954118
857.jpg,6,0.5215346509590745,40,0.4095930122199076,0.35622327532314313,0.45469694730626126,0.4843580139307064,0.4625490155086591,0.4621226532976478,0.46166514659182845
858.jpg,0,0.3488796252365175,38,0.5477195893151348,0.582762145590615,0.3545119266618504,0.26627236264865317,0.2760781917433004,0.27787211024432107,0.27975461478565233
859.jpg,3,0.7209484090930537,38,0.682142002054449,0.6650596673970122,0.7431688224208416,0.7931496664704178,0.675714959296161,0.6753472667696399,0.6743347691724038
860.jpg,8,0.6145685970783233,35,0.5870200667225054,0.6448446083997568,0.6415559416243597,0.6362477900837941,0.5896413555608374,0.5897388002083558,0.5958232986112635
861.jpg,5,0.3003746341989451,37,0.4122397622416816,0.35756858161502314,0.3497636234835112,0.42150844794132647,0.36752860201595594,0.367001379353986,0.36273291487623316
862.jpg,2,0.3527879087916134,38,0.4575566830238154,0.4617553694665715,0.32655445824499907,0.3682686894730922,0.2819430069314369,0.2812060189854811,0.28343215245853076
863.jpg,4,0.2813295624085835,35,0.29308745790911783,0.2505426603894227,0.18660568815429324,0.25771195361954435,0.290617736901511,0.2907289566657813,0.2862101628074579
864.jpg,8,0.7462871316820383,32,0.6351929952785393,0.6512644860453761,0.7542543327953674,0.6879971131500566,0.7638578420004136,0.7623801757394312,0.767744580055016
865.jpg,1,0.7376237598861136,41,0.5234836693814093,0.5831883179064062,0.5968416763906884,0.6475554603461438,0.678279698807867,0.6792641820838071,0.6839361994741002
866.jpg,0,0.6370906333128611,39,0.5503470516941058,0.585098054808373,0.573509940726441,0.5194201478766849,0.5931778599052012,0.5902625318101233,0.5862540123973028
867.jpg,7,0.7417925933473989,38,0.5026468051932654,0.5314201452634091,0.6573374654711,0.6659508441863177,0.7152109377943068,0.7110834151674089,0.7100912510569717
868.jpg,3,0.5088306025073335,37,0.505667719691447,0.5376109674773113,0.45601141021181346,0.41258851682557707,0.4857584319832922,0.485167533234628,0.48862928358341595
869.jpg,1,0.5285028435967185,33,0.5592067556575114,0.5979475141669043,0.5927022553247802,0.5320022507271351,0.49368378857160977,0.4955394236510523,0.49037128193743507
870.jpg,9,0.4673267312347889,40,0.4386285976367038,0.3974759998156596,0.451012708440312,0.43979931066544187,0.4797880429513933,0.4795714806108695,0.4806264783263155
871.jpg,0,0.7840020844810888,38,0.8978706380981601,0.7675451935966767,0.8478605086167583,0.7598440392079755,0.7747348450924981,0.7765927045904475,0.7719805583233058
872.jpg,2,0.2943640512127716,39,0.3104449130896677,0.24709682269016517,0.24800581875073746,0.2935214520006204,0.35079780464351024,0.34958075879267836,0.34953223480370754
873.jpg,1,0.29885357249479155,38,0.48018295162862284,0.4701043433507907,0.24105008600179711,0.1350974040061269,0.28302900186735785,0.2875394347124359,0.2775113833011777
874.jpg,9,0.7076457606421577,36,0.5506501618813182,0.5842279907608974,0.6393183513552269,0.70756203982103,0.6911211262853804,0.6942142622985666,0.6936497724891022
875.jpg,2,0.5291529082589679,36,0.49448772132693,0.5290042661183955,0.4966093808657905,0.4209894084959659,0.5239819203430083,0.5232841084430301,0.5234961059166916
876.jpg,1,0.831373754888773,32,0.7634433299976413,0.7130449799797708,0.8049911882858997,0.7755831221366328,0.8353879931429926,0.8348855620914765,0.8375116436363589
877.jpg,0,0.4646039571613073,40,0.5591591736309506,0.5899695052686835,0.532416127815136,0.5170791430496908,0.392841385143063,0.3934852298038214,0.4007367972439113
878.jpg,0,0.7122366107427157,39,0.5349434125874868,0.5786838051749038,0.5709923931276051,0.6214079486222983,0.6288799367621017,0.6295150101491254,0.6290056322276664
879.jpg,2,0.7319660510335649,35,0.5137123868084763,0.5485436607724348,0.618299118487968,0.7005510008373713,0.7707853708947797,0.7677213077860852,0.7659476486445059
880.jpg,3,0.6692827772803422,41,0.5559337200668684,0.5977570962803737,0.592286964330839,0.6311473368308032,0.7106059202344002,0.7101337144394986,0.7078589588901202
881.jpg,3,0.346661592905338,39,0.3708531439313142,0.28503374576309237,0.2494793778870924,0.25996610600916814,0.23037793718234018,0.23237174207795946,0.23546081134505192
882.jpg,3,0.6294554464519024,40,0.7512967494446342,0.6888902331195356,0.6279355923590327,0.513462528672602,0.6364385651583745,0.6355025338991763,0.6346404612966962
883.jpg,3,0.5584158387035132,40,0.5654975699383438,0.5985290068948184,0.5257187936216203,0.48338380430044053,0.522275456125609,0.5208292782590864,0.5207771389873833
884.jpg,8,0.34506288311771444,37,0.4913030413026421,0.5089213348168536,0.416734207533512,0.3635569536739776,0.4428508416812213,0.4420202167273434,0.44469618293033175
885.jpg,8,0.5743988611868449,35,0.4840837495369792,0.46188788717075757,0.5507312110211005,0.5495644716900148,0.5242334126321104,0.5221153533664687,0.5275940963713495
886.jpg,7,0.5421499260834285,35,0.4956070510292243,0.4924974145697109,0.4541585328493583,0.465589785048952,0.49933570675288413,0.5018726701668359,0.5000014871306657
887.jpg,9,0.5997524797916413,40,0.6236137139758057,0.6540831156792618,0.6153041748600709,0.6042871689925802,0.5890945052842187,0.5900741578747297,0.5912786545485436
888.jpg,4,0.4111449592746794,39,0.4750060098251643,0.46463483502953734,0.4224075700749724,0.4698693204249855,0.33588173456728776,0.334661336601212,0.3364021724971738
889.jpg,2,0.6365294409425635,38,0.47582819759965794,0.4617553694665715,0.5682552220184431,0.6270520217937139,0.6388486573906552,0.6395675766536227,0.6388231213229518
890.jpg,2,0.6736687164048891,37,0.8406799884576872,0.7262980103156186,0.7576381120161269,0.6333785514883357,0.7302167807087547,0.7340944110960124,0.738129810919425
891.jpg,8,0.7766776664389504,36,0.6795936244521543,0.673215557960659,0.7135496548885842,0.702855254415661,0.7413143943674902,0.7387353346987692,0.734107047128535
892.jpg,1,0.3436151300437557,39,0.5199530138949375,0.5831883179064062,0.4603745875944932,0.5171671805770603,0.39672309428109254,0.3987106046351536,0.40588923813059247
893.jpg,9,0.3749999986961484,40,0.5082833462103666,0.5458849255858242,0.4776862343975945,0.45913227791361133,0.44981771832513257,0.45240901699533476,0.45003418674683027
894.jpg,9,0.6196605320487704,35,0.6153423380223095,0.6540831156792618,0.5983777691986085,0.6077078816324283,0.6284955137813276,0.6266523222801081,0.6282267423877882
895.jpg,3,0.3690869059258451,36,0.4385112563981561,0.3979867832982218,0.39616336383231304,0.41878745546802915,0.43870253660917935,0.43970199755550676,0.43797672581343017
896.jpg,8,0.7817974044726446,39,0.6249817909379345,0.6512644860453761,0.7361904643941538,0.8026814759682037,0.7797743501342341,0.777757595647413,0.78039183726233
897.jpg,5,0.30148514901520684,40,0.3140403501475669,0.2543266569374062,0.24206729420951467,0.25788476419981543,0.24397071708972584,0.24753322207360556,0.24377977909282833
898.jpg,6,0.7642149908202035,35,0.589969529842924,0.6492064101464289,0.6697631304739987,0.7167634948189733,0.7215425332537732,0.7206870488838022,0.7197145155660712
899.jpg,1,0.27708628002021995,35,0.35307357808817874,0.28995168594756715,0.2912469573188221,0.35521425367582393,0.24998597795973526,0.25126207752470997,0.251190097315232
900.jpg,5,0.5234794848731585,35,0.532978342176136,0.5783524373811708,0.5715685754997899,0.5300774392324135,0.4951563093434627,0.4987865185488763,0.4983214162972217
901.jpg,8,0.2943422948808542,35,0.2671297698641939,0.25091223741298985,0.2437269762020592,0.2914025509574022,0.333374332313917,0.33851027920614385,0.32976020602604716
902.jpg,5,0.8341584073172675,36,0.6022216678616467,0.6529198914827967,0.7247266153888219,0.7919875633900462,0.8057763095966602,0.8070209614381981,0.8112737542830315
903.jpg,9,0.5159515889568461,36,0.5567429566483592,0.5985409233521501,0.5537131019002184,0.5457898491341029,0.46605747672771336,0.46389518211307224,0.4646042163606616
904.jpg,9,0.4879987962318189,33,0.40224206529855566,0.3172610337007786,0.43398200456658187,0.452780175526826,0.41016521928284244,0.41065547685967696,0.4046638153366108
905.jpg,9,0.5622347933905465,35,0.6017420607237023,0.6533373742939058,0.6174163701579863,0.5995624083626093,0.559635686106258,0.5573298587322563,0.5572932293256309
906.jpg,2,0.6779266175101785,34,0.7479088678240411,0.693269291877131,0.7507992908336357,0.6878192991634875,0.6883415732938942,0.6881984963978852,0.6860677749172663
907.jpg,0,0.7565770821911948,35,0.5702014145713847,0.5899695052686835,0.6386538550353558,0.7385449740944203,0.7374961577877772,0.7381903732443277,0.7411656896794869
908.jpg,0,0.4633080917684471,34,0.5230307317334838,0.5786838051749038,0.5031135282446784,0.566137586674059,0.45323249748561556,0.4529068836406838,0.45214217147633595
909.jpg,6,0.7539603911340237,40,0.710315228024074,0.6859499927618158,0.7890245679630384,0.7497694380623577,0.7914577670838486,0.7936642990253104,0.7908279547807333
910.jpg,5,0.8439137988230762,34,0.6110279457649783,0.6539998308834252,0.6979364641075296,0.7297219883213291,0.8144922825477833,0.8133223635806464,0.8181126646884684
911.jpg,6,0.7067133551690636,41,0.664547775822093,0.6672278469326691,0.6900701148640603,0.6672721107349012,0.7233452522048804,0.7245572244027497,0.7232738430922417
912.jpg,7,0.6808386760599473,34,0.6722107719454649,0.6669360555564974,0.7214985549880358,0.7651984287640351,0.6689793187002196,0.6722780844482494,0.6761014054153305
913.jpg,3,0.5866336557600234,36,0.7147781316850148,0.6829534270091989,0.7402353541022904,0.8405588083900853,0.7249539825977831,0.7246440700919143,0.7250152015999387
914.jpg,3,0.6386138583357269,37,0.6823590940294902,0.6650596673970122,0.7508533119253861,0.7897261264249831,0.6514148761756069,0.6530208940944292,0.6554304866933276
915.jpg,0,0.4626591211983136,35,0.4478888698972091,0.3857695869294708,0.5520855948338734,0.5309774348546222,0.4828207809007848,0.482310573344091,0.4797503510456222
916.jpg,4,0.42161715899904567,36,0.4791819432730654,0.46463483502953734,0.422837507048732,0.4349201849905483,0.46331428818970977,0.4638939750234129,0.45666801546934593
917.jpg,6,0.6963696380456289,36,0.5457793112086684,0.5761673720718848,0.533199061116689,0.5438932093246787,0.6445425708764492,0.6445373392263742,0.6433988744270951
918.jpg,9,0.44408852423486467,34,0.6418837808386402,0.6641904878837275,0.6195515326997716,0.4914870385179252,0.528705569589504,0.5210654032357137,0.5282852432776813
919.jpg,3,0.7241224104707892,33,0.6690873205724628,0.6650596673970122,0.6734298105622673,0.6953296675795992,0.7781082603064411,0.7780180959915248,0.7774833000391981
920.jpg,2,0.6086280064923423,35,0.6890593802284786,0.672947164826379,0.6503995385254336,0.5972865431901645,0.6715159851619421,0.6746905042452979,0.6769620542714507
921.jpg,4,0.6740489805999555,38,0.5367180745555336,0.5774130219214472,0.6395377784743602,0.7329844956662831,0.7170185333334562,0.7145390179284903,0.7110506715881488
922.jpg,9,0.5469589795385088,35,0.6600060323579806,0.6653564641083346,0.70093104408368,0.6793396929043392,0.5672138427667123,0.5674005011770217,0.5667508601895168
923.jpg,5,0.34236581567184704,38,0.742002546023685,0.7035317079107198,0.49811645394592396,0.2901151109393256,0.3128329130968065,0.3179663575903223,0.320212767086127
924.jpg,8,0.3952145224644078,36,0.5568072252255295,0.6038361243767831,0.5207319574461944,0.4642906908980429,0.47681596889338557,0.4801593778243618,0.4825398133476092
925.jpg,2,0.7315084417076672,34,0.5601221456946075,0.5940812369333526,0.6641711263855898,0.7039631326172862,0.7253346431343365,0.7257723520965305,0.7238887404300098
926.jpg,7,0.7438472373144968,35,0.584844612563303,0.6526093488646079,0.6904821649112575,0.7198367539628713,0.7021190105795809,0.7024024854842309,0.700914771185745
927.jpg,0,0.5213652927624551,38,0.6350040067815922,0.6490917586046778,0.6707428740308323,0.6775316113920803,0.6073720501011518,0.6065864947755415,0.6060434234212211
928.jpg,7,0.28556539995693847,38,0.351606151084092,0.29707329415079414,0.28735513511058175,0.3657184769749572,0.23228683765765107,0.22947446541032407,0.22624415158506028
929.jpg,6,0.6944444411330752,36,0.6643700683256285,0.6672278469326691,0.6863540911139574,0.7049140545095406,0.7583418601244521,0.7595811121256086,0.7562235284177787
930.jpg,5,0.31128112806684594,33,0.3461425275920277,0.29440297668148957,0.30765100267752254,0.30395614883078437,0.38391044227251464,0.3840583699827277,0.3811330760978986
931.jpg,5,0.6056997526336361,37,0.4369887437678972,0.3917278869399529,0.48754452554513045,0.54490529112653,0.6435067867068882,0.63890951713144,0.6412057433272041
932.jpg,3,0.6304600997006192,34,0.43769418778636027,0.3979867832982218,0.5551288928490656,0.653320431226777,0.7005121840288964,0.6979089404647378,0.6972942818266107
933.jpg,7,0.821490969728021,34,0.7987521579103525,0.7244263612096028,0.8434400211338164,0.8179298617325332,0.7634324409540703,0.7629555769307347,0.7638478456377694
934.jpg,0,0.614002828512873,35,0.5521087636410151,0.5899695052686835,0.6651102299952851,0.716111049302236,0.6843409869427277,0.6839796500903427,0.6861569555458052
935.jpg,8,0.8124312394195132,36,0.6148006121017835,0.6512644860453761,0.699669540743675,0.7336034592870163,0.7723077964375586,0.7748090299727808,0.7708350380408797
936.jpg,0,0.435039840820359,41,0.5679342306274227,0.5899695052686835,0.5765891458047132,0.5371442737639671,0.5361984099074226,0.5392640092952816,0.5423726800910731
937.jpg,9,0.7568905546858504,37,0.5646013989129193,0.5985409233521501,0.655613463637274,0.733688806464084,0.6907134689848586,0.6932977845401513,0.6899327461178492
938.jpg,6,0.6014851455887159,36,0.49772538618516954,0.5456352091279765,0.5706307019457606,0.5953290595628105,0.5634326573609397,0.5624310008711351,0.5623031353057547
939.jpg,7,0.7566006614102257,36,0.5948046905155712,0.6529911730053147,0.667845484063083,0.6981431842482677,0.7302505395588429,0.7270116814420754,0.7292331527918953
940.jpg,2,0.6289878922204176,36,0.4665964549647098,0.4617553694665715,0.6024149783263957,0.6966110390737633,0.6958704236928182,0.6973937875697386,0.6948306256687853
941.jpg,5,0.23534921068396117,37,0.515880307289885,0.5783524373811708,0.2742868380358945,0.2358075041608726,0.26970897924714426,0.2675834956312527,0.2662343158725099
942.jpg,6,0.3517457010886191,38,0.5766139252186102,0.646102292964712,0.5243649769322056,0.4890771509789707,0.5145189623494677,0.5147317717398348,0.5120815306858332
943.jpg,6,0.5228272823409902,36,0.5950754161774028,0.6541603195966402,0.6097426519733506,0.5453471451620272,0.6612905036901227,0.6589013702931633,0.6597814025950749
944.jpg,1,0.7118290741192667,38,0.6898031122816553,0.6703138009528102,0.7319578762019914,0.7110884416503076,0.6470984179446826,0.6470791914035294,0.6573903454681529
945.jpg,3,0.6790429022577074,36,0.5518206377328894,0.5830817075668134,0.6282058051327921,0.5962093144462333,0.6956619013392387,0.6927111178843963,0.69167234396668
946.jpg,2,0.4385630864745531,39,0.4090795758783875,0.38026976963571313,0.5066600329758932,0.5871756248714544,0.539148753182817,0.539622395679356,0.5443186599509824
947.jpg,1,0.2399687321709567,38,0.1555657939854771,0.24615217760898492,0.0392446696585762,0.15141229760536634,0.1826813493152193,0.18263069896265582,0.1748206585239459
948.jpg,4,0.6886688694357872,36,0.8539495413437619,0.736713726204548,0.7454952562930806,0.5950654386822525,0.7438655102073467,0.7430140629083751,0.7362409777394296
949.jpg,5,0.8751060741288321,35,0.645165095698392,0.6564752801813882,0.6571161694262854,0.6061572390954038,0.6843705079322167,0.6817195678311487,0.6873991408471706
950.jpg,4,0.7613861426711083,40,0.48674163143174093,0.46463483502953734,0.5604622977687652,0.5978168045104828,0.7107396597554886,0.7128963431385408,0.7122126744964963
951.jpg,2,0.4974540276186807,35,0.6350792364523992,0.6537644610221381,0.6009334627942557,0.6381220503959604,0.63149918381303,0.6314476301225077,0.633204110298643
952.jpg,6,0.5348034781036954,33,0.5745851964411972,0.6360722989817089,0.5680674798983231,0.5347735975807346,0.5195065234004808,0.5172931630590325,0.5172692425206822
953.jpg,1,0.44115983034883227,35,0.703395795447668,0.6703138009528102,0.6830501589541399,0.6185866191365728,0.6783552631919448,0.679683539555259,0.674230300722482
954.jpg,2,0.45519801825284956,40,0.4897120747376051,0.49566967559628466,0.5250290519560901,0.5303720605710003,0.5331713012164022,0.5318204974371963,0.5290533414729293
955.jpg,1,0.7234412681412052,37,0.5357814892850163,0.5831883179064062,0.6579914483361993,0.6980420960214296,0.686644978985808,0.6820707617718366,0.6848906223965414
956.jpg,1,0.6798233863066983,37,0.726266328385812,0.6870584885373884,0.7562452349679913,0.6630396910328142,0.7756569248960942,0.7820232247870673,0.771689808643303
957.jpg,6,0.2657708641407745,35,0.4799165953176114,0.4649387372989754,0.38424422954261134,0.37625070219133794,0.3474202424332996,0.34619029632760684,0.34593529458194927
958.jpg,3,0.5932343221373029,36,0.6395747067884181,0.6643570208330195,0.6308196847881901,0.5965797649334584,0.6195352380507643,0.6185581375967016,0.620185172598148
959.jpg,5,0.5211047361555853,38,0.5676587878350983,0.5977441204593461,0.5564835454623398,0.5859595729861554,0.5067948985969114,0.5088389259870535,0.5044834631519494
960.jpg,7,0.7113154138837542,35,0.5697366271015456,0.5968977719312591,0.6863547846057316,0.8033656415954716,0.7363272134387016,0.7449537513071427,0.7436502332780455
961.jpg,3,0.6237623708115684,36,0.5987255473121624,0.6564975545950875,0.6819567204226251,0.6392770167391012,0.6294522832854337,0.6280726195084425,0.6348291518249023
962.jpg,1,0.3569567471889681,38,0.5596108427820854,0.5979475141669043,0.518420731350711,0.47119218136328167,0.4203787988098642,0.42581798645213076,0.41554065462321615
963.jpg,6,0.438453304606515,37,0.4339409390129952,0.3959439431871761,0.5234852023245973,0.567964878064431,0.4800018436725246,0.48114243377465227,0.48088278613616314
964.jpg,9,0.49938118481077254,32,0.6555899698650174,0.6653564641083346,0.6626026169744444,0.6079913217941213,0.5583488497822413,0.5595253936847977,0.5622296777643665
965.jpg,6,0.7550961024620954,34,0.5605519854064516,0.5934374532201891,0.6474030590198402,0.6951799122201259,0.7549969327976753,0.7557965143686608,0.7537935357604695
966.jpg,8,0.4086908660829067,36,0.6747905568700567,0.673215557960659,0.6817299568942419,0.6971474496690678,0.5864637319045312,0.5892563151713291,0.5885250686747184
967.jpg,6,0.21177117831798065,36,0.35476756804084786,0.29699527565796807,0.22534914199106681,0.22673170710247048,0.24164019103002654,0.24483654912086572,0.24592358285625926
968.jpg,7,0.3961810476811869,35,0.5184576160681538,0.5901850906305742,0.3103076030599552,0.2837355720794136,0.2863489007941733,0.2867419312056316,0.2860003368479447
969.jpg,1,0.43979127302363114,37,0.5700186807562646,0.5979475141669043,0.5348924846406823,0.4466548245639068,0.4942097891788177,0.49353956691081147,0.501418077175226
970.jpg,0,0.28967086014312665,37,0.47471486849333944,0.47799863898817424,0.40031482532293095,0.31885783299771864,0.41869246075774336,0.4191418336368128,0.42162681698070714
971.jpg,6,0.747264198566738,38,0.6886975428493021,0.6672278469326691,0.8031431838741833,0.8150773165658576,0.7214986571050748,0.722405059677795,0.7223425193181974
972.jpg,5,0.2709020921675902,36,0.2914210695957844,0.2543266569374062,0.17441789140946617,0.2670488617322748,0.27319947462011035,0.2717474759435195,0.27724469097096727
973.jpg,9,0.6114496030868628,39,0.4701302171018512,0.464085850463256,0.5658690324947557,0.5503856643346221,0.6587217022436059,0.6568204312331956,0.6562094723199119
974.jpg,0,0.7073550241334098,35,0.548082437946739,0.585098054808373,0.6745577096208037,0.752046842027618,0.7200948933232643,0.7216930740680552,0.7255993332819098
975.jpg,9,0.7738468966832975,41,0.6660528551970908,0.6653564641083346,0.7976192446121229,0.8153175059359621,0.7563544420293512,0.7565004050541231,0.760992420194943
976.jpg,3,0.3608509496458479,37,0.41055360349647785,0.3742788723861726,0.346907743209506,0.3674651627014901,0.3065175675069554,0.30675222108514855,0.30830285055227563
977.jpg,6,0.6610366956276053,34,0.618086991686975,0.6541603195966402,0.6169672013597585,0.6300575781765715,0.6702490012726287,0.6705382104974368,0.6716127851851268
978.jpg,5,0.688118810003454,33,0.596366908502298,0.6529198914827967,0.685854141169445,0.7476466901952159,0.697279410112043,0.6978643081275283,0.694135127671407
979.jpg,3,0.5535668925597117,39,0.6313828028806421,0.6643570208330195,0.6007813153002404,0.5165105815144657,0.5677327728901009,0.5685245280724186,0.568977292349531
980.jpg,0,0.18175389150689755,35,0.4902927849655793,0.5226241561749962,0.34965622037961686,0.3439169462458088,0.24194290180979056,0.24032385132473955,0.2356800506057788
981.jpg,6,0.3610861089616788,33,0.5522604535880371,0.5934374532201891,0.5040503401585013,0.4778153855504912,0.4295381253796129,0.42733427326643536,0.43017544779664985
982.jpg,3,0.6698801431216692,38,0.6535186065527712,0.6650596673970122,0.7864931424137743,0.8850231921256119,0.7238200394636243,0.7244643357367047,0.7296360065304486
983.jpg,3,0.5806930664926767,40,0.5076908497283661,0.5376109674773113,0.5723638453029036,0.590305275545821,0.5881612102198391,0.5844043953279153,0.5842503977421781
984.jpg,5,0.6129877707537483,34,0.6898622337224568,0.6721142694266388,0.7423075933551142,0.7261168607379687,0.6125018144213846,0.6090182905464363,0.6071774779272855
985.jpg,6,0.5505204330652188,39,0.5510098200381104,0.5934374532201891,0.5739176220476502,0.5294208657807062,0.4701076733831133,0.4682376897867989,0.4712437176455729
986.jpg,5,0.3891639177583986,36,0.5150777185980531,0.5783524373811708,0.4612954096974392,0.4528652147719094,0.42347965965001466,0.4251567969243998,0.4139967055209606
987.jpg,5,0.5234497105212588,38,0.44943891683594267,0.3917278869399529,0.48918169283904034,0.5261554904351948,0.49283490676232605,0.4901017168305006,0.4837581656011849
988.jpg,3,0.6581158141295115,33,0.7454651639132639,0.6888902331195356,0.771863365699384,0.692287448934169,0.6780951006005235,0.680181904676405,0.6856891547782012
989.jpg,0,0.37908790937878867,33,0.46889391429926847,0.47799863898817424,0.425543853809085,0.4392352851090247,0.3912223869451581,0.3912183623121409,0.39529393670197255
990.jpg,4,0.7085208531581995,33,0.8016654672227348,0.713424779362774,0.7291190901439933,0.6644575362145259,0.7402727625212401,0.7406454979139985,0.7394826039575423
991.jpg,2,0.7139134924662741,38,0.49131236980819015,0.5290042661183955,0.5959073300980215,0.6837167515725577,0.6962888314316211,0.6963809645024153,0.6968303330502651
992.jpg,9,0.6499292748314994,35,0.658543654933704,0.6653564641083346,0.6941511329569089,0.6810420288929668,0.6684560586304462,0.672408583541521,0.673085151647425
993.jpg,0,0.6837183725502756,36,0.6780124140526822,0.6711737226359442,0.6665605032005326,0.6125964229520584,0.7227411535528128,0.7243422238124577,0.7240771981583742
994.jpg,5,0.4171917213155239,33,0.7174091311423806,0.6992490429898235,0.5384124281658095,0.3770761759674785,0.3951181870905041,0.40065738708100196,0.39709350877122274
995.jpg,9,0.8184818426767985,36,0.5852628648940656,0.6299571672542784,0.7231501114049252,0.8445084525533975,0.800634543122279,0.8006742135505198,0.7992826568103407
996.jpg,6,0.42231530600633377,39,0.6194575209851556,0.6541603195966402,0.5380421593353484,0.43455588328405403,0.45552009254078774,0.4556517490932932,0.4578310790653799
997.jpg,8,0.8521541276493588,37,0.8039063048047208,0.7144618111942744,0.7074810326470158,0.6649954419582208,0.8293642125049505,0.8265688643477965,0.8258917674975743
998.jpg,3,0.4385556187480688,34,0.34492629070053693,0.2821987528839085,0.26258765104683646,0.27725618785327266,0.36129492697848253,0.3602117421019283,0.35663312951109505
999.jpg,8,0.7799779921770096,36,0.5243132282636435,0.5734453192411686,0.5888728469183913,0.6666661414730645,0.7951251259191147,0.7892435273486872,0.7890746091841796
1000.jpg,3,0.5361094939358094,34,0.6314138488241852,0.6643570208330195,0.6532347021692521,0.6500208783487186,0.6066772292790885,0.6050253739434979,0.599726274308112
1001.jpg,5,0.7644978727613176,35,0.6375609652096412,0.6539998308834252,0.7132535447555989,0.7630147778930001,0.7788246844837472,0.7758262410265323,0.7781790998389256
1002.jpg,2,0.346039604768157,40,0.3573636970860614,0.2824741659948822,0.31481194797232825,0.3810016016704657,0.27878962242006533,0.27713173544553055,0.2764205121164038
1003.jpg,9,0.4162223919844016,39,0.35283508055813084,0.3011715842503415,0.39141466280895587,0.3332367241341575,0.2641543583387187,0.2638872952301923,0.2658438223563242
1004.jpg,4,0.6333721569355797,34,0.9059070324968036,0.8044047780901369,0.7397201761981277,0.6121012252319001,0.6849781547177739,0.6841273136137586,0.6812373777045213
