face,fold,human_mean,rater_count,reference_linear,reference_isotonic,original16/ridge,original16/lasso,original16/evolved_ridge,similar32/ridge,similar32/lasso,similar32/evolved_ridge,exploratory32/ridge,exploratory32/lasso,exploratory32/evolved_ridge
1.jpg,4,0.021452145328601964,39,0.12880539145707437,0.09031865104030083,0.017852198399047642,0.017762248297305994,0.008874323226293002,0.027901668151933845,0.0233001778053456,0.03352801317699733,-0.04266736087717515,-0.04122372429887686,-0.04387641441848514
2.jpg,1,0.43910890782717615,40,0.23624492685098347,0.14899925499258218,0.24315997286989666,0.24246275899044617,0.24420303641724697,0.23822099916070832,0.2379528320908253,0.22650847111545214,0.2251001353765635,0.22542587215814952,0.21248424976283056
3.jpg,4,0.27557755656363,42,0.23069427120467528,0.1688615547697128,0.2780644241305896,0.27770208016585063,0.273319265632163,0.3511008386864153,0.34779393663822344,0.353964997440049,0.3553684865652425,0.35479359654627507,0.3463332865526484
4.jpg,1,0.5756537169934466,39,0.4602581202252059,0.3789747453471549,0.37350401241455133,0.37367743223524624,0.3761888559557128,0.3819609139550913,0.38643504652460886,0.39140589246019486,0.3810086607061454,0.3867540662269486,0.39051935271461236
5.jpg,4,0.019421172937235005,39,0.09636782360334428,0.09024910936197758,0.08921445034828551,0.08911613528548426,0.09419812484928161,0.10507407021702861,0.10522669675178556,0.10429808026099005,0.10881707109436647,0.11169439108634452,0.11956500686736328
6.jpg,3,0.013719943471785102,35,0.1566157632736217,0.11389496517094584,0.03437693916062251,0.03457901422719939,0.03380958199953074,0.037875064026772376,0.038725921656027784,0.04391501008052534,0.08550334075929127,0.08350297488454639,0.09748341082368908
7.jpg,4,0.032853285020047966,44,0.06516691374102879,0.08104644604314803,0.17934399849195712,0.17911665728587045,0.18977111211173048,0.16843737097255612,0.1627779030395883,0.15879356458058072,0.19910518029092664,0.1923121076289093,0.18728111956572813
8.jpg,1,0.12011464286938701,38,0.1372293723907989,0.08696600077595058,0.18541390027938537,0.185213562781048,0.1825483999034899,0.26677050941203645,0.2583575350038573,0.2630896252832029,0.22016441313355448,0.21884565090409974,0.2155896832093931
9.jpg,0,0.238827938830631,37,0.1534664969662377,0.10508825987869647,0.2545232456640037,0.2544047487525874,0.2501650399796322,0.28418581358554684,0.28598631840141575,0.28528140784209133,0.27905056875536266,0.2731350826892935,0.27099229410931297
10.jpg,3,0.17871287179877982,40,0.39655529018482616,0.3445973538016325,0.4382685937500251,0.4385004393680587,0.4370134759380655,0.4193947787293769,0.42129353854114854,0.4191759033222171,0.36954981018824407,0.3679358239056755,0.3753520789488337
11.jpg,8,0.8965225641320391,41,0.7541692590803512,0.8291036201363157,0.8455019646724126,0.8413161497745516,0.8444004268895245,0.8463710143835442,0.8424893569093436,0.8359447089662844,0.8696814822565762,0.857603554715967,0.8578383725908849
12.jpg,7,0.00978586218471444,43,0.10225098164703916,0.09245949040187365,0.2034028367722068,0.203437295364654,0.19337019201951453,0.2149456279451375,0.21349742616479536,0.2171655161058074,0.1271519017134065,0.13002082780847576,0.13420915829311653
13.jpg,6,0.014583890817153293,37,-0.04686147611303204,0.047867178442361276,0.04855805316677983,0.04964080314816757,0.03511481802256711,-0.00553356214221018,-0.0027680882239615734,-0.008642380537581429,-0.00652972445083741,0.003048951929661453,0.0032118720473055806
14.jpg,3,0.021287128527183084,40,0.13013947637121215,0.09343298057992042,0.013352043663803437,0.013047879637154869,0.01600747155888199,0.07589689442802158,0.07741660966119521,0.07310939336328498,0.09007840385832874,0.08882581725633282,0.08738180821897636
15.jpg,9,0.9294888729581962,37,0.9594974212688023,0.9437609635128607,0.9187878471664596,0.919780242023953,0.9360526436041077,0.9053176932480475,0.9064381355648957,0.9022009795485408,0.9532861069072984,0.9576218146764903,0.9669462141324792
16.jpg,7,0.8684210400832327,38,0.7682913138097838,0.8263668485298996,0.8425800247436938,0.8401368499065411,0.8168192362872684,0.8833928403234014,0.8772290585183818,0.8638893499546887,0.914635689529701,0.9107562176034123,0.9118189346536603
17.jpg,1,0.0273733258329551,34,0.429952517687581,0.3789747453471549,0.28361157249253044,0.28330777314279104,0.2866824730302094,0.2659588577367206,0.26783776873120635,0.25940802197398766,0.27640585696062236,0.27440615171959976,0.26883582435033226
18.jpg,5,0.49639963424962125,33,0.4716437807523796,0.4821382780739375,0.5116611395643995,0.510954215327748,0.5082657174094671,0.48132896797349506,0.4861587743726037,0.48548166328684283,0.4394899273596782,0.46091478773794525,0.4482090203146549
19.jpg,5,0.013245919165579049,37,0.25046754285448997,0.18559673401908236,0.06760464854058465,0.06765763554244289,0.06600738196391234,0.10002766195199037,0.10720792311260982,0.09976539770369397,0.08232389550007797,0.08345011999512691,0.073874195235363
20.jpg,7,0.14411441179820234,36,0.25279965566073864,0.17574664971982815,0.31823914035548995,0.31726482667594946,0.3071255643821253,0.3375630164786023,0.3331594785789485,0.33559305407371465,0.3287587434884522,0.328514345607976,0.32961411324520173
21.jpg,3,0.4478895240830944,38,0.7874717131654801,0.8271674701275742,0.6454213262067412,0.6457615442371475,0.6460572248164453,0.6144235678444432,0.6152680602781284,0.6218796301278322,0.6512844388281009,0.6526171813112946,0.6548048699017941
22.jpg,5,0.02399086104467129,39,0.11894147951041634,0.09375199361545665,0.05269741739781533,0.05403998494113857,0.05447663634507435,0.05576608443375902,0.05375958421536986,0.05594766612172114,0.036002949911582455,0.03039917811388812,0.030994893248149358
23.jpg,3,0.16641279417448318,39,0.23137570751673153,0.15741149184841272,0.31180106835647176,0.31169488403286916,0.32820099589093077,0.31582360668391757,0.31410282692955305,0.3037016622016918,0.3657073199297435,0.36565867312981004,0.3602312359434413
24.jpg,5,0.017527428531163448,37,-0.06102583489653113,0.0451188606233738,-0.017120594846340986,-0.019834007184232005,-0.02002564985548566,0.0015631977033759847,-0.01172128610030182,0.003183508918969735,0.029251330381134116,0.006238061099821279,0.025683096674803646
25.jpg,6,0.02571842566177976,41,0.06376070325423511,0.08062979660919803,0.10323790999489099,0.10309238009860167,0.0902235827657154,0.06457266091793817,0.06690563369985644,0.05897524267773149,0.1367633797594147,0.13706187301573206,0.14315770402365613
26.jpg,7,0.18069307048572228,40,0.2251465562179551,0.1544335050115881,0.1799487515090048,0.18050762353850736,0.19028800476703905,0.23982625847031336,0.23946143029461486,0.2293693917827272,0.20921210519248085,0.20808519254055063,0.22013918947901817
27.jpg,2,0.41597537522682465,37,0.31974335871654525,0.2784880027323385,0.4003317492040899,0.40102346885173745,0.39461942097837266,0.39817492134165355,0.3980948389713247,0.4023926574597827,0.4289942450990305,0.4239633586178345,0.4276499283176917
28.jpg,7,0.310865701128466,39,0.3763189216529643,0.32401560943700924,0.37087519768233945,0.37072180976536384,0.3651885607152869,0.45158562795647017,0.4519329888101964,0.44675935981296483,0.42779251786194056,0.4257983761145253,0.42638385524080724
29.jpg,7,0.17352787771654365,38,0.3506088228862612,0.32131502585496047,0.1585370767122346,0.15869039104465518,0.15996539052288553,0.17126270967267182,0.17045700752292925,0.17310291218382853,0.170411769604911,0.1724565546271809,0.16780585581521174
30.jpg,9,0.014576457531398369,36,0.1396763550245067,0.10266632355612886,0.07027888792907117,0.07120270286317687,0.07290570483666026,0.08786258965796914,0.08944487030841569,0.09151512866667688,0.05914200786875107,0.05547398422407504,0.05606951392834017
31.jpg,0,0.08763714181259274,37,0.21996403330039882,0.17321647455354827,0.0734822034398733,0.07406541298246969,0.07612605732348307,0.05884819769826222,0.05569222683002428,0.035361052404168314,0.14500971601346796,0.14556170227454387,0.1326864476887982
32.jpg,6,0.520563594567088,39,0.7847100775733065,0.8302449055608385,0.5541604557833086,0.5537433398356548,0.5469385113653973,0.5796143754972585,0.5795089043921611,0.576097931964952,0.5804329101904748,0.5807184612265865,0.5697539814015379
33.jpg,8,0.03143564395140856,40,0.13248202063508385,0.09568715002140056,0.1648774379325666,0.1664189496888998,0.15803813921804244,0.15590179425452688,0.16900389879918537,0.14673226540879472,0.16330759568893646,0.15900155731755666,0.14298532586457657
34.jpg,4,0.4765502855328745,38,0.6041954920846966,0.6944368492261428,0.47820065153038804,0.4776312300788398,0.47696630305690313,0.4705297817988795,0.4738163239796951,0.464618876711649,0.43335618367259454,0.43289389549226764,0.425427018100735
35.jpg,7,0.023927392774365015,36,0.09139980430077643,0.09245949040187365,0.1114690568375139,0.11064316389828463,0.11481120548156706,0.14848116285425655,0.14689207023468173,0.14449593979184047,0.13911981064930806,0.13963397445833722,0.1430948389162223
36.jpg,8,0.1067106695069621,36,0.11432959578687019,0.09568715002140056,0.158444728247668,0.15791805982055612,0.14638838113612984,0.17837144948411035,0.1794588039041642,0.18920939121546287,0.1895110530593598,0.1870420483208661,0.18150766735589435
37.jpg,2,0.021452145444022283,36,0.1758234818166461,0.11403317596848969,0.17296187857081052,0.17561117969369316,0.16816521101746343,0.17439853855247306,0.17400107151762786,0.17424408018576623,0.13907045558691467,0.14431073013143864,0.13489056791817644
38.jpg,7,0.011551155171428736,39,-0.13161700680220967,0.04675982649611991,-0.06158170138418251,-0.06237039503575298,-0.059602199119335675,-0.037429784737164074,-0.03939698420090115,-0.030879615186898246,-0.017062361605268306,-0.018111977552653757,-0.01493787994900525
39.jpg,1,0.052631579314995756,38,0.068197220678334,0.08696600077595058,0.04602047273999885,0.045281584782932316,0.04458804089328161,0.08853656048872086,0.0813225696394819,0.0827526845220832,0.07064323939270101,0.06616732366994217,0.0695111870174626
40.jpg,8,0.01799082371020099,41,-0.029756704227715924,0.04780499342012981,-0.044337550502349665,-0.04551297163174778,-0.04720441299511252,0.025749753639114414,0.025099552713958306,0.01579230344706145,-0.002171562132155136,0.001971729074148443,-0.0021263717575424335
41.jpg,5,0.031174739331913157,37,0.26769133421409175,0.2189167564273336,0.23941709148797424,0.2402554902448552,0.24226797188820087,0.21816156886896926,0.22968764802628808,0.24498649045679738,0.2282522918816257,0.2438379627873053,0.22789495862359777
42.jpg,5,0.5752996302356845,38,0.41870586604185583,0.35227441850988017,0.3680522665848765,0.3691668313276408,0.36632060532025773,0.34056869305620463,0.3475012695427586,0.3393202951708679,0.3747742245771143,0.384448499719377,0.37255012068698623
43.jpg,2,0.09988351685323697,34,0.02705301412354255,0.059156486024733834,0.04200837356554454,0.04391925510168124,0.03777769404048559,0.062300704457830314,0.06273876998560429,0.058669411861135334,0.07200269427151301,0.06872371038848177,0.055290634471638594
44.jpg,1,0.945835737621083,34,0.9696291704712074,0.9392111901903376,0.9398122960306365,0.9406426283314279,0.9453353257670745,0.9033272618385846,0.9021661973382933,0.9121028890031915,0.9572500052739363,0.9610272074450823,0.9593695241953519
45.jpg,0,0.04910355910809862,37,0.229840859340534,0.17321647455354827,0.16770801784568054,0.16775348346943209,0.17296631546365032,0.144221258002612,0.14011558114194633,0.15615102951475635,0.1668631649207145,0.17933688618430615,0.17135068949925272
46.jpg,4,0.3109152362250337,41,0.13946189487987515,0.09031865104030083,0.08694513965750705,0.08591720811696646,0.07678443799006354,0.13561456901742444,0.13119881547228163,0.13311965658792624,0.13169010825544794,0.1327184778220346,0.1340897075404972
47.jpg,1,0.05750190415300238,39,0.14206908751864233,0.09782522074322003,0.04834115104771769,0.04978319878497184,0.04964286677693458,0.08226236154872665,0.08475868148801047,0.08788108295864772,0.040019127362755785,0.04305093764920176,0.04629942320907615
48.jpg,0,0.05064737283362028,39,0.08655239240593371,0.09178363700124348,0.15244357197002495,0.153149238993882,0.15094245983963472,0.2192226181333754,0.21716820595268602,0.2204950291471842,0.18637491198701955,0.18471273254675147,0.17966529753072386
49.jpg,4,0.21340647595305298,37,0.4901549111443747,0.5356324681070789,0.2655764456811016,0.26678030706093325,0.25685472854669084,0.27657578326567583,0.2771540970953157,0.2905556993160317,0.29253721662866106,0.29748471335918625,0.29833729582192553
50.jpg,4,0.9142297811286394,43,0.831842143546655,0.892573537021361,0.8639121369041012,0.8642292104512608,0.8690554245395553,0.8637009429789511,0.8610504874570752,0.8596603848207431,0.8457019816259792,0.8500779506650373,0.8563516745325024
51.jpg,0,0.7531099183819233,39,0.6863748787614272,0.8256634164751945,0.7751118172777995,0.7749359326995624,0.7807912281304511,0.7479599685490255,0.7484333192916288,0.7424283823291312,0.7598623558524373,0.7624606837841021,0.7699053702145312
52.jpg,1,0.4629347562694397,39,0.34122226012231216,0.2829656260725926,0.3379069645104626,0.3384233519858736,0.34212962525016033,0.4124496157473626,0.4121776378439417,0.4238739053964164,0.3617232449969932,0.3645533750628579,0.3689321248913129
53.jpg,5,0.5473047300733419,36,0.614937744835518,0.755329325658379,0.38847937422574114,0.3885970126220362,0.3901990931067456,0.40471053332040846,0.40908414323903636,0.409649463724022,0.40075707364103064,0.4014267656366615,0.40375091479286696
54.jpg,8,0.012926292735048465,36,0.09950146203192989,0.09022034348362962,0.05163734630780614,0.04644889293687718,0.05418114097151572,0.05711921613721921,0.04990613685889689,0.05691224781302301,0.06761612871187145,0.05765842813163835,0.071297591380341
55.jpg,8,0.02895289555079106,33,0.19144049340276015,0.11147243874180873,0.07618688560983222,0.07751774440243328,0.07448136171309389,0.05751613173349243,0.06583175699751426,0.05310153687610128,0.07194647169104568,0.07529325181398597,0.0677139293867521
56.jpg,6,0.45615275276026557,35,0.2651695220082117,0.21055097669596728,0.42496703018501797,0.42108821338856406,0.42399527482666843,0.46667690612671686,0.4658639507050344,0.46807301458739714,0.4287280416867385,0.4164146970828051,0.4055203816287696
57.jpg,0,0.9393564179539681,40,0.8806711677385395,0.9049897411136875,0.9991687593159451,0.9992404150615743,1.0086651699956304,0.9273942320030812,0.9275509322271553,0.9350708446277515,0.9646425087664812,0.9755318479929607,0.965432265892754
58.jpg,6,0.07146483856754807,39,0.01802394808050245,0.0577014529451478,0.0546553728805233,0.054168553026269384,0.06565772610009002,0.07216102995008986,0.07494010172007909,0.07647881821641966,0.07198587443937422,0.07057860598714139,0.061664571301765086
59.jpg,2,0.014851484990989169,36,0.22092863745798375,0.17238838442383636,0.2093015972813077,0.20972023218932206,0.20712025630286612,0.1428900152881079,0.14523705407773138,0.14464519672800202,0.15602413204712115,0.1643027450717168,0.1476301872984748
60.jpg,2,0.04257425774121657,40,0.2759844856486864,0.2279942647802445,0.236876037887838,0.2397684693924219,0.22905965201982686,0.20908555921761118,0.20916106067130308,0.21169707002501892,0.20428570731507126,0.20227836648654057,0.19023638914729754
61.jpg,9,0.08603157567464419,37,0.32405491567373085,0.2817759203420918,0.22924535622651182,0.22917370562648365,0.22806285107069263,0.20268692194860516,0.21221193716654863,0.21625056568725765,0.22312515242171643,0.22742392120660035,0.22671502203975163
62.jpg,7,0.01667535172677354,38,0.07233524516113166,0.09245949040187365,0.0723314441096119,0.07263120154258126,0.0684706907047011,0.06963366248301026,0.07001431664426852,0.07199189968809955,0.05618064906779377,0.05880621691608143,0.059650684336498505
63.jpg,5,0.030484627589191262,38,0.039210645794789944,0.07956274420352492,0.06183300823552332,0.05897539524991102,0.06397554728126373,0.03373242951169131,0.03962227250920425,0.045431193244103885,0.030296178130771095,0.028375772028048557,0.03490289812512101
64.jpg,6,0.40443392142491497,46,0.17137104411118387,0.10969353815065673,0.18268923068976523,0.1825010278742299,0.1833323762837381,0.2012014226224522,0.2019046478760168,0.19784075919036748,0.27186367412880824,0.2760971404070126,0.2678694907432678
65.jpg,2,0.031188119621947407,40,0.10638218338956473,0.0838281791445372,0.024761548642447145,0.02210247782340119,0.021473460481225615,0.014382658752002397,0.01022723544626325,0.0057101221657950285,0.03433577087021278,0.025443473106469133,0.027100402242897226
66.jpg,3,0.15901956105286755,41,0.30019936235564165,0.2283526204932256,0.18300940833151524,0.18341579605557717,0.1946640984927032,0.22255378130899112,0.2191489362849286,0.2141318207561732,0.18997199947250443,0.18856897099562042,0.18896944154301615
67.jpg,5,0.15971860163354953,38,0.4314607037157027,0.37973103047151907,0.2881515183180901,0.2861081596365003,0.29035131568156347,0.3025039787473344,0.3137928572268682,0.30809570494878624,0.3225992589891671,0.32285367248008473,0.3281337536481267
68.jpg,6,0.012767066174235783,38,0.17635145039468747,0.10969353815065673,0.05470596962784882,0.053605137226098415,0.05522750073055874,0.04569072025621246,0.0430845746172171,0.05369999167943723,0.08414294299835483,0.08253621934873025,0.07112487099559074
69.jpg,6,0.20216751625962756,37,0.5242650854684645,0.5572004056188183,0.5573760329130641,0.5565041765607011,0.5579309840773192,0.522599266077948,0.5270025440151624,0.5207827367807941,0.44970944980680905,0.4526291911852515,0.4541795244975636
70.jpg,1,0.01431629663282955,37,-0.09757076790449692,0.04699201732799663,0.010518646175752877,0.01008413525956181,0.0074666379314828335,0.00592419189452037,0.007249588452999944,0.0024530968779303275,0.06370992484067949,0.061397188860492474,0.05798287931593646
71.jpg,4,0.5158936946873406,38,0.5438168373176862,0.574312315147553,0.5531674062250089,0.5533516407455242,0.5518363442039695,0.5098872266396158,0.5079571280425519,0.5032069224000594,0.519389388342866,0.5208877183439529,0.5291547737626086
72.jpg,8,0.16776677813484436,36,0.13756069267654847,0.09568715002140056,0.15257908829971395,0.15322661159503853,0.15552831525484864,0.20523036598535757,0.19780649043125492,0.2050173476178699,0.2319161857755123,0.22575155353774107,0.22374990619778945
73.jpg,7,0.02220650670517768,35,0.2024026675755578,0.1544335050115881,0.1885266336712377,0.18919600326851943,0.18487292330263422,0.10116774380387053,0.10597605469240506,0.10312792166516752,0.11296857825264145,0.1152987222069395,0.11748963810955056
74.jpg,9,0.7082208169229103,33,0.6546065613014911,0.818903719579024,0.8021225043420397,0.8024183654860416,0.7965670208631039,0.8021587836796306,0.8004445410446718,0.793520037361054,0.8684033507100464,0.8589579337968107,0.8600946773383645
75.jpg,7,0.24765854939264623,37,0.15536723799451713,0.10992061623006806,0.04063591789564211,0.04081505030480312,0.04169135116395156,0.10195681356794617,0.10222995841434362,0.09936352874916773,0.04478951898035294,0.04364449966733458,0.05023845038997954
76.jpg,3,0.1960946091890542,36,0.32777463778999477,0.2988385305882715,0.30607993404283057,0.30589614855372316,0.3100589215720446,0.34510600595709295,0.34696449982396593,0.3401962961684508,0.32480205543304497,0.31629108262095956,0.3126190309627296
77.jpg,8,0.07264563634038665,43,0.09185784378027584,0.09022034348362962,0.06304460763818404,0.06262563567910753,0.06888949912710235,0.1148919596246786,0.11013479186504344,0.10422866648959814,0.0990179550559302,0.10001399700748978,0.10657029537853786
78.jpg,8,0.05750190442762314,39,-0.005838446682257414,0.05613198961494695,0.09211946299357893,0.09359192459026869,0.08936911357311819,0.10034327978941102,0.10637871139243216,0.08906237415233836,0.1373881935597613,0.14141152048739655,0.1426163855782341
79.jpg,0,0.015594059531576932,40,0.07601396447890008,0.09178363700124348,0.09867630118047718,0.09931793785842835,0.1002632856663046,0.04910194010245156,0.052483707444507754,0.056478500946542165,0.07474260131021562,0.07658411969117904,0.06464706604039475
80.jpg,0,0.017680339659342452,42,0.014947439143792818,0.060152652749432545,0.05807399274182426,0.05830866759846556,0.06330737985529672,0.02200952886355312,0.019383577878769598,0.014976035353508721,0.07207365704394297,0.0755424183806635,0.055468273425431674
81.jpg,6,0.014576457764229013,36,0.14912225125707257,0.10427798245806101,0.13454530489464608,0.13524724358746854,0.1412750148419556,0.14174799019135062,0.14084449338945015,0.14047129579549636,0.06353415220074048,0.06655355049783335,0.051634786387790454
82.jpg,5,0.6569306888035499,40,0.6339160693434676,0.8115467368088619,0.6176264096717943,0.6173880921204054,0.6159436813337392,0.5769903948416395,0.5744186411546572,0.5737779005320298,0.6297849173661466,0.6203847660105762,0.6273095233943804
83.jpg,0,0.04321648488828057,37,0.22757394038564116,0.17321647455354827,0.17477119172153427,0.17492196864448156,0.17659985943315035,0.17672922222246548,0.17584875233448943,0.17724612975830192,0.1629299447123024,0.1738914032772618,0.16486319101704078
84.jpg,8,0.018238666062978536,38,-0.02580891841400834,0.04780499342012981,0.015955208491889916,0.015458979357561548,0.008818676253993019,0.042080713052806806,0.039116170493608216,0.045970894032463655,0.0504849697325476,0.04919659011180047,0.048347486458513
85.jpg,4,0.595883273139694,38,0.577956136321472,0.6493828967059526,0.5839701372137964,0.5850548135508583,0.5938999561121243,0.5765118323566027,0.5750887324640565,0.5721956998908246,0.5233236688225475,0.5253240992258014,0.539399109394219
86.jpg,3,0.5408415857004002,40,0.2094943237927176,0.15741149184841272,0.19936468137622765,0.19971670130762598,0.20401175733847882,0.22893909468261336,0.22786793651415127,0.21373589611540703,0.1682696503042127,0.17131364370758828,0.15910108914761345
87.jpg,9,0.1346788523145593,39,0.05559666060163437,0.07888092093988094,0.1417220563084842,0.1413381920643736,0.1351238970825842,0.14767853669252531,0.15883881515482365,0.1700173658965563,0.1769841208670558,0.17097231485562178,0.16564259345006035
88.jpg,8,0.556683165463619,40,0.31714852320508613,0.2705656963702694,0.26859950171050223,0.2687554733484217,0.25724947285553096,0.3389766239718636,0.33695822741551634,0.3497926367303712,0.3154285081099519,0.3156981247202124,0.3103113990859308
89.jpg,4,0.6806180552494797,33,0.27111943601609156,0.209303890086277,0.6547267229533533,0.6550634468711296,0.6584850924324883,0.6191707566202629,0.6221238787792922,0.6094122629280667,0.6177050935133954,0.6159021408274704,0.6299098582600835
90.jpg,5,0.6400698863846415,34,0.2637790012922016,0.19532473367711933,0.2365566701816072,0.23973117438871855,0.23722228887234176,0.21337830297964747,0.22491477653496728,0.22077361636906145,0.2500197312166566,0.26871105254529604,0.2514388959848467
91.jpg,8,0.31616269649837064,37,0.1097272843320255,0.09022034348362962,0.050096325226990424,0.05201143140784112,0.05213322523152547,0.11240085741822872,0.11426052124629046,0.11029332944327128,0.10433741021768922,0.10896942528398874,0.10153962778696486
92.jpg,8,0.13558855870117745,36,0.17358051147389852,0.11147243874180873,0.1527688284865752,0.14987889042291178,0.1543692369106558,0.16680774775175516,0.16425320231466356,0.17177239515402842,0.18689960968031627,0.17819013055434443,0.1866429539139142
93.jpg,2,0.9120334921739041,39,0.7833837865398352,0.8194997091332786,0.9101616798521074,0.9041972618414057,0.8961312416218046,0.9004537242253756,0.9027826061976515,0.9032814024963767,0.9126514823717546,0.8958076944892012,0.9078104146145565
94.jpg,0,0.02415241545179125,33,0.005598420230125689,0.060152652749432545,0.015999854994831975,0.015353349611018696,0.015694633958985016,-0.0359477643425451,-0.03590413734654796,-0.043049190786754454,-0.03056983572447436,-0.025167804632263535,-0.03237165142167381
95.jpg,9,0.05882353032939136,34,0.032129153577808434,0.0785158378729208,0.022371877079269742,0.02321180180225546,0.02462316592318331,0.024206804470796595,0.028674986220218024,0.03494076934817636,0.03273325041340522,0.037319214137320866,0.028173153262967876
96.jpg,9,0.01980198054973568,42,-0.06517930491838764,0.04396160951719659,-0.01839484233755173,-0.01778483200405301,-0.010481847814691803,-0.01831161947748977,-0.02536235218221572,-0.026210965302396194,-0.03692833464254047,-0.03223567988713716,-0.025469088607751295
97.jpg,8,0.04964639352900641,35,0.1630434396358431,0.11147243874180873,0.18823931100393784,0.18881538552690857,0.18398334227718002,0.16927370126348035,0.17407431261801892,0.1731954382746811,0.17447603848532586,0.17309808505361135,0.17302579666866713
98.jpg,7,0.33890821778442004,37,0.32283441963168,0.29403284052994016,0.32202848118868904,0.3225313064335425,0.31961829700688865,0.3211967278611941,0.3202985607850944,0.32266365658955315,0.2999359844057244,0.2975780509775611,0.3055324641808445
99.jpg,8,0.253931272391449,34,0.3027988519529631,0.21825878335516818,0.33142837368934264,0.3289917905537709,0.33838616564517965,0.32647973972302574,0.3230964372435933,0.31600203644795777,0.32425195732125334,0.31750047088457833,0.32526568507479525
100.jpg,6,0.09515951588077264,36,0.21837994345818856,0.1705420677895202,0.23407020655489885,0.2354677191702912,0.2442900778316909,0.2256514099330002,0.22759363267533333,0.22867723448247193,0.2859719162512928,0.29623359131224974,0.307826396576551
101.jpg,4,0.0381188118015416,40,-0.07421045495850465,0.046074668289470995,0.09176814302394246,0.09130196792946504,0.09237009660365614,0.1252462575427645,0.12399165118313613,0.12851863315891404,0.1443916310059507,0.14228417414977929,0.14400327841855953
102.jpg,7,0.09240923969385524,36,0.07585162924505162,0.09245949040187365,0.1181857478321024,0.11922886965605195,0.12166872134081888,0.1246339899027814,0.12306756224988769,0.1309085380854899,0.1390666553381094,0.14244074162534856,0.13513938945340764
103.jpg,0,0.019351935169349115,33,0.20458445762321587,0.17321647455354827,0.01685749454049673,0.01735841090580259,0.02096012516626322,0.05415243244038109,0.051200882263996494,0.027421741530233967,-0.013982727496327119,-0.004465272627663774,-0.00962183929390903
104.jpg,0,0.025013027577906063,38,0.15945942395338253,0.10880517982917093,0.08407986454601493,0.08404002163119276,0.07810688626932566,0.03488312930808912,0.03635140244959806,0.038249266785513325,0.027856466581886563,0.026197565989653615,0.02192068715065404
105.jpg,1,0.4840484045368309,36,0.2017488392636405,0.11668608350343794,0.322913583499598,0.3221699323376149,0.32649440844644173,0.3519442617723296,0.34651705000337063,0.34807811759946816,0.36256250087190145,0.35731910035555126,0.3722795101276697
106.jpg,4,0.08496119868564042,37,0.19403340798662883,0.11542028892925937,0.12930885116382027,0.128790140667134,0.12897937552558197,0.0923589856408574,0.09525786621467228,0.08173741014849423,0.10795683088592296,0.10811501849434837,0.10518555201946005
107.jpg,9,0.13553652650601156,37,0.2211073473710503,0.1710332517940374,0.12310712330553919,0.1221973234070311,0.11717821487647354,0.17146090850602702,0.16518822090746055,0.1541407546673941,0.15197647087636856,0.14329107654815082,0.14231412751600042
108.jpg,7,0.6127612677713236,36,0.8003056446444348,0.8357016652665727,0.7182675730355099,0.7190722571342196,0.7235212704551721,0.7600353182161528,0.7566406680054969,0.7614719984598821,0.7867241974957877,0.7870062645167739,0.7905068047882
109.jpg,9,0.5792079142346565,36,0.4292056487148664,0.3681598393293792,0.6101917620791129,0.6076774277278281,0.599126933291872,0.6126365251932803,0.6091666778032246,0.6044893847518638,0.5753262674768687,0.5728606897696451,0.587126307210578
110.jpg,3,0.11038266144994949,37,0.23727100237307386,0.1616590991434552,0.2348867248389887,0.23533905908151997,0.24306663951111812,0.18727056732443445,0.19122468981777874,0.18304085706584589,0.22700303965751725,0.22922437755964595,0.2258423175234464
111.jpg,9,0.6097359666730173,36,0.5601022762595973,0.5752370765628166,0.5831692879346289,0.5838454661482391,0.5819061645961363,0.5595691733839623,0.565789211716204,0.5725306998017725,0.6000797429267357,0.6060234883223957,0.594836201313742
112.jpg,6,0.4588728062211512,39,0.3306138173678447,0.2801461345829121,0.3063256890318158,0.305329987919603,0.31379824987052574,0.28181622555776664,0.2818794896306869,0.27025082582548626,0.33546083702092333,0.32594711540730725,0.3310898900350032
113.jpg,0,0.3524752456462011,40,0.30461771667643345,0.22532522586400788,0.23112597789639316,0.2310918835786101,0.22399730785914335,0.23715912435846861,0.23544074043022048,0.2345025691118243,0.2637508144895739,0.2608844470101652,0.26713435558695037
114.jpg,6,0.3376237627118826,40,0.4213554785847605,0.36804604377087086,0.31954866679902993,0.32051109959946866,0.3247456999017788,0.30494981653011755,0.3003309517164717,0.2973943043159639,0.30818500479730215,0.3056774108217084,0.2868360969571912
115.jpg,5,0.1387476589832757,37,0.26478921789705634,0.19927559682562315,0.15680570100195906,0.15613677183516061,0.1510590363928111,0.13924300254676034,0.14836428260996498,0.1461035775365889,0.13218621237092043,0.13213876818601056,0.13238376959331719
116.jpg,7,0.8100424247128623,35,0.6099892359122959,0.6527743768882674,0.9071388358359455,0.9049450175219673,0.8999116722851044,0.9622699639170376,0.9572425293776523,0.9604154138692351,0.8857791067010325,0.8803401679366412,0.8754417414620803
117.jpg,7,0.045120226219296455,35,-0.022225273214108388,0.04675982649611991,0.11338570881476173,0.11183732684534334,0.10630822060744985,0.08712885706309734,0.08598141236111817,0.08161084024382179,0.08169284622080393,0.07843264861414578,0.07327303121332268
118.jpg,0,0.3490767957693016,37,0.4129267208023483,0.3252013798013883,0.3045662878874384,0.3048287141263816,0.29815039710460917,0.33491313230507963,0.33735527074665583,0.3525232789720718,0.2610149728615178,0.26272343035475276,0.27245997795956284
119.jpg,3,0.6815181443622956,36,0.38799451309433924,0.32974927925934716,0.32799646868557114,0.32733355316003765,0.33070206988815,0.33660312052624913,0.3352315241308322,0.33713302616173324,0.37210345706278813,0.37838056418464106,0.37376575236654663
120.jpg,8,0.04979615714674925,34,0.17214213703190318,0.11147243874180873,-0.01125335397896865,-0.004644251639239705,-0.015154069720496433,0.0655927083744112,0.06539075240687942,0.07001604733324027,0.0755198890955445,0.0792117913699127,0.07001089848809891
121.jpg,0,0.07687827574965708,34,0.3494008365156436,0.319539975166323,0.11496116106987911,0.11499139686059981,0.11542512809792063,0.1119985640016182,0.11119362853961068,0.1063509949930116,0.09974262340391091,0.11309796489168682,0.10362306793350975
122.jpg,3,0.04867986812152796,36,0.010401485491964513,0.060087102351925305,0.061779372240696184,0.061257660420519056,0.0534166588870362,0.0980102232919115,0.09900170723476318,0.10147823027688435,0.08755894616202178,0.09567011207515042,0.08740444423657297
123.jpg,7,0.1812951570326412,37,0.16789779556652662,0.10992061623006806,0.15444801338434802,0.153848378435601,0.15317942859523095,0.1751792948407119,0.1742729282079988,0.17084875271216246,0.15201127389959312,0.14953345978140317,0.15009143911873474
124.jpg,0,0.03987898783654802,36,0.030031202967836457,0.060152652749432545,0.02777175924684544,0.027404771651066112,0.026451826489310215,-0.02131634634517826,-0.021423497993830087,-0.03816867850303157,0.005006164167779575,0.006822292966578547,0.01282492689078174
125.jpg,7,0.6358910826849751,40,0.21890146730202797,0.1544335050115881,0.3342837253523267,0.3326696539311222,0.32955553677440064,0.3918394514508312,0.3909330169378229,0.3897338192162317,0.3442910361494934,0.3380276966786423,0.33438642506421123
126.jpg,5,0.08863743454484004,42,0.1275154425363223,0.09375199361545665,0.15439991535956304,0.15429649605743115,0.15654280010296584,0.10918210566374209,0.12270659827898289,0.11601240589717732,0.13021355580432592,0.13048577005698958,0.1347651303744748
127.jpg,8,0.3290900522510388,42,0.40685852776221343,0.3494641751312002,0.39579352874323614,0.39605005601692833,0.399593157979115,0.3530732494605478,0.34986653949122654,0.36488875668735987,0.3489513306232209,0.3471445415692173,0.3515878190090356
128.jpg,2,0.2693793790346784,41,0.07704355668214458,0.08220653567574492,0.15946578307084808,0.15662076867383165,0.16699233745778969,0.16645592496206169,0.16686573877431862,0.16915984261099992,0.21290418986600046,0.19569122072871362,0.20833751606554238
129.jpg,9,0.4733434898707156,39,0.3345388229037447,0.2817759203420918,0.3996774473978785,0.40033917602866165,0.39580143872352647,0.4045890082795882,0.40548685407325047,0.41357379063450084,0.4738657778552236,0.46777290050805725,0.4731722896389817
130.jpg,5,0.1527581337196309,42,0.10559650495196193,0.08505280299375119,0.06653736196796392,0.06941796003715814,0.07578803446959753,0.09949454896491369,0.09932065140574328,0.1059938648829177,0.11375608434571044,0.10953870706348458,0.1081518552541774
131.jpg,6,0.05665566578196982,36,0.13202308286582454,0.09350601973726523,0.13703389043235958,0.13774278271573287,0.14143861074558292,0.08458211551242903,0.08527313952241738,0.08236585185239542,0.07990990361525385,0.08383832946544842,0.09233762763424144
132.jpg,6,0.08335563361745428,37,-0.006219591791132184,0.05638836705578609,0.07503861604951989,0.07343836635304829,0.09311269031703215,0.06564878111395422,0.06568643366470445,0.05994451007079302,0.0669404045075575,0.06387671838120762,0.05382865914865621
133.jpg,4,0.030224075406103543,38,0.13562596704603014,0.09031865104030083,0.07640978832341236,0.076182635947074,0.07567585656465708,0.04316203643051292,0.04453580986434405,0.040466892163712076,0.06854523401464375,0.06706826778342728,0.06037669736242754
134.jpg,3,0.3139534896066369,43,0.5489751385639545,0.5692812518347478,0.3548882644297641,0.35520438114969405,0.3671859595541947,0.3839828868521447,0.38309752397505104,0.37723070940507286,0.34347416033218425,0.34781765904975503,0.34006331121762373
135.jpg,1,0.025287663752867562,37,-0.03363784567762429,0.04699201732799663,0.005662862163291205,0.00589865255935168,0.004321361107922028,0.003363763312030532,0.004209135940994313,0.0007034553815061795,0.005813471735257508,0.00648409630325103,0.006777479376715412
136.jpg,1,0.04479594306066269,41,0.19951248511271846,0.11668608350343794,0.21680803968597362,0.2174906018726812,0.21705510668460792,0.19763838863286168,0.19509205558738288,0.19872555660190389,0.1572701094328574,0.1593417435828703,0.16297118378523728
137.jpg,0,0.4054194890256775,38,0.3057867704014121,0.22532522586400788,0.32179638390145104,0.32155109372788576,0.31707108126136624,0.343850991475904,0.3470810784180348,0.34034409671710003,0.3736364540799374,0.3715940787019446,0.3809315224796827
138.jpg,2,0.019330504472323116,42,-0.06898484324412646,0.04710013709962234,0.04662370220983786,0.04429272577031604,0.049475124988717506,0.08897681229222767,0.08702457312700368,0.08359220994540287,0.07779330583587868,0.07256572779885531,0.07305347355685138
139.jpg,3,0.14711855760274026,39,0.36962137026858205,0.32974927925934716,0.18135212930155892,0.18113501879775445,0.1775390207295206,0.15662183847657116,0.15337314975744698,0.15860628150522174,0.14886699963199437,0.14759136458030975,0.14497132517878897
140.jpg,9,0.3140545740451028,41,0.2041181642170521,0.11278499585182684,0.41103992796709476,0.40974431927041655,0.4092347298575606,0.4644732292590348,0.4604226192265505,0.4477541334937395,0.3646218679595169,0.3532175804490966,0.36733849922916345
141.jpg,8,0.282661193220808,41,0.27161648265663996,0.21825878335516818,0.3092972197986424,0.30720347758632127,0.3058859974591656,0.3090195885345758,0.3078160305066805,0.31389622201021244,0.3131081856430056,0.3097670135730822,0.313049449131221
142.jpg,2,0.019275331849906038,47,0.0496333123014171,0.07637236495700603,0.057064830276405326,0.057109734264245565,0.05608172132339584,0.01963523354033081,0.025935744135406114,0.03060333849922381,0.0314980111431101,0.033180116827739636,0.044802306630771144
143.jpg,9,0.024045261875948028,42,0.036191402527266825,0.07888092093988094,0.09498586187573846,0.09535963051508434,0.09643371451268992,0.08756320221696959,0.08682129009075337,0.09395357776763422,0.09063165653549439,0.08991111524837633,0.09063692800085284
144.jpg,7,0.021613136921986575,41,0.1097472938700027,0.09245949040187365,0.06359589760658557,0.06445292834543659,0.06187699380089448,0.04725854015275477,0.046846868557841426,0.0528150676166082,0.05249076595144217,0.056853687554816124,0.057159411845312036
145.jpg,8,0.09268426787780805,36,0.23890264615621265,0.18043383842456098,0.13012373996907867,0.130236424151422,0.12657144232753562,0.10774221188561159,0.10653372755915666,0.10259293645931894,0.09963260901534432,0.11507529329586133,0.11204896433131382
146.jpg,8,0.2022458344538946,41,0.24933185650519363,0.18043383842456098,0.21845985289420142,0.2180399771791118,0.21095251403635995,0.18063921087826282,0.18229993658582005,0.17599804821603798,0.13192713651360466,0.13234868880992892,0.1260183093731716
147.jpg,3,0.029963522732846047,38,0.10357634795721937,0.09002553482947455,0.12108089354805618,0.12123301114159865,0.1159730011190509,0.0757820449628078,0.0774782240084669,0.0856986987261367,0.09777839902161908,0.09655339222053153,0.08971549669700536
148.jpg,6,0.048514851415529844,40,0.27799938480285474,0.21055097669596728,0.28368531817610904,0.2824980201441385,0.2860223472199805,0.2341820450450014,0.23514131326091048,0.2331870986398062,0.21920363104953744,0.2190619598204663,0.21494516345718043
149.jpg,4,0.2539984780148818,39,0.14331197110690053,0.09031865104030083,0.15062722462403644,0.15062239699427027,0.14758115630715307,0.11324426308934635,0.11435012254211388,0.11152324859807289,0.13361048615094867,0.13696068048661753,0.13482359617344242
150.jpg,7,0.4582226479471457,41,0.42837948919600516,0.3792280136128459,0.3592071375964969,0.35858038754281196,0.3589658928706003,0.3361251283751454,0.3375364570470756,0.33972353395896593,0.2731248699969926,0.2709720611620104,0.26782191975692227
151.jpg,6,0.03437843812733061,36,-0.061388060293642965,0.04615976376832619,0.08309996783606147,0.08451870990589902,0.07383786300638026,0.08287174883137352,0.08313228399338385,0.08720112735000815,0.07046530480234792,0.08377514983543889,0.07919725899511768
152.jpg,8,0.030104361801735452,37,0.0923101429577945,0.09022034348362962,0.20590527010815035,0.2045082707402716,0.21014939324015983,0.20445136206024733,0.20244697077439933,0.1988723718752663,0.17973561391776235,0.18063570941623389,0.1938273376402705
153.jpg,2,0.33007760074090314,37,0.35455341232539794,0.2964758631876315,0.37920163445800514,0.3810640260543651,0.3835424692493712,0.35350761612813025,0.35750058449444605,0.35703753066082705,0.351266473071,0.35259195469402693,0.34802437182271084
154.jpg,1,0.09028759976804611,42,0.12809806488643805,0.08696600077595058,0.1654102426940318,0.16467546088686857,0.16863923470959463,0.1572267266785091,0.15542997589094257,0.15105198554549398,0.15281512198562158,0.1503785888859832,0.1524688059884391
155.jpg,6,0.049244398606548966,38,0.10504899210920648,0.0905351674444794,0.09642644662642147,0.09471060249141808,0.10047186013162543,0.14343774756592576,0.1416162083716496,0.13930420207511848,0.1090949359360957,0.09883691736450463,0.10955184432204627
156.jpg,4,0.16764784414270842,37,0.07513970711682438,0.09024910936197758,0.19066321557782617,0.19111543173131257,0.18999059664909224,0.18504713214251675,0.18595399620944583,0.18467375763868807,0.19582367376906798,0.19511564340423695,0.1967265998610393
157.jpg,1,0.10280911807447325,43,0.14918585513378568,0.09782522074322003,0.17803806930839014,0.17796870156602157,0.17194757193608334,0.14546320475949345,0.15012612402365444,0.1543653308898267,0.15577543913259687,0.1535549098250612,0.14704453451569885
158.jpg,5,0.1400101548896577,39,0.09570770836173992,0.08505280299375119,0.10621092993040865,0.10856508469002746,0.10368155396565429,0.07198061578714943,0.08142892534987367,0.07298632986401624,0.08774979300534236,0.09981653794380382,0.08515131425441977
159.jpg,7,0.08787128659896552,40,0.0948258277433437,0.09245949040187365,0.15832999975173678,0.15827196570001573,0.16528077505491037,0.1276363603206531,0.12780731842697154,0.12914104671538165,0.12518462647773035,0.12492416530745246,0.13133716962867686
160.jpg,1,0.05238314540406992,43,0.17876055330568386,0.11668608350343794,0.05515105061085651,0.05467245905057605,0.05084529280465194,0.037400106288151824,0.03691798965510551,0.03148357878203817,-0.026870123131583545,-0.027925837243431506,-0.024702998537242643
161.jpg,3,0.11064356536371633,40,0.023037120639458397,0.060087102351925305,0.11296599474055721,0.11286771297530071,0.11026795098960923,0.0735019746954434,0.07596340591974218,0.06473491802139125,0.050264065981755396,0.0514114705595734,0.04153770833923681
162.jpg,1,0.047666195540555886,35,0.03957546322574357,0.07009247484503445,-0.08268356679725841,-0.08292723942550417,-0.07779759970181155,-0.07024839985062215,-0.07587213746162302,-0.06831128525375119,-0.08890261226607898,-0.08520789673184054,-0.08224817328237183
163.jpg,1,0.46496572516237694,39,0.27995621714905417,0.21111957116287813,0.3028624515428951,0.30219731673607003,0.30137392751869174,0.31176632381810016,0.31478951522795057,0.321468716688375,0.30536271543335153,0.3025156996996578,0.30879255599443334
164.jpg,5,0.07549504933413118,40,0.33837829127989905,0.3136316975673283,0.28542541250513837,0.28598442207864005,0.2796945078549967,0.2433242575725399,0.2566652204798512,0.24477944832859921,0.2449517658122002,0.24997620019314384,0.24646856122666055
165.jpg,0,0.6395798045006104,41,0.4070502040590649,0.3252013798013883,0.5871619927386423,0.5875735990156628,0.5886501784472886,0.6590310741277854,0.6587021611535642,0.6549211381742556,0.6068405585759528,0.6072075944827469,0.608773042057056
166.jpg,1,0.0712871283874847,40,0.18842643595690112,0.11668608350343794,0.02921860413686561,0.030146349434073738,0.03219391043775957,0.0016348892383657443,0.005514787940938903,0.006052193440048148,-0.019823373181241943,-0.017736249745711447,-0.020923331678729562
167.jpg,8,0.09834091501260125,37,0.07379812449908207,0.09022034348362962,0.16277629345668376,0.16085282222128716,0.16257634243897873,0.1771568003942285,0.16681420648571632,0.17592940632019916,0.1662871337447158,0.16688075108666617,0.17665483444887425
168.jpg,2,0.9462871089577675,40,0.7461999935140482,0.8194997091332786,0.8789939616748075,0.8765136181186488,0.8806721898417675,0.9598024617334631,0.9559019306256614,0.9523828419912583,0.9736539554674699,0.9590759979880141,0.9621770145029931
169.jpg,3,0.1396500111319298,43,0.07788726792345846,0.09002553482947455,0.14857024215373835,0.14933021888954834,0.14426607597537927,0.15372140800473133,0.15044038836416107,0.1562712851152354,0.16560759959075488,0.15655500950977758,0.16583626558902922
170.jpg,9,0.6672406328902782,46,0.37587996020301534,0.3315604026100768,0.5289454030325843,0.5282067611558168,0.5236000739767879,0.5678591103610964,0.5662974839775544,0.568405078819867,0.5491567323783837,0.5423254327216113,0.5505283768492788
171.jpg,6,0.8148997745862822,41,0.6185877331077129,0.7392163843169202,0.6000056423189737,0.6022544954492657,0.62120114830549,0.6037191087749959,0.6057107952604452,0.6133929448071045,0.5506032038281112,0.5565220113711994,0.5805302400095236
172.jpg,5,0.3036706110394401,41,0.46045605562065733,0.4007065619712453,0.41525967663736374,0.4168385726669614,0.4194922309366386,0.3358029952664487,0.3490640062522231,0.34601396624820707,0.38645040474877423,0.38595812383830286,0.3815222179746365
173.jpg,3,0.8025558279329088,43,0.6690929564784506,0.8271674701275742,0.9021454638737242,0.9032799627938202,0.9126885624474333,0.9238287816897812,0.9248519139174524,0.9433742437112205,0.8772191345213707,0.8793775151359358,0.8946195145602249
174.jpg,7,0.734725904571483,41,0.4791443937723281,0.45830565104175136,0.49257149296617386,0.4928456274218614,0.496754653735561,0.499645880855523,0.4960674101949098,0.5048778602176648,0.46161154130004844,0.4603825037040103,0.4554922856968851
175.jpg,9,0.03875875407148425,41,0.2840612706230583,0.23143298266791631,0.09669348011657905,0.09697508516831238,0.10057796597794322,0.09775526338582324,0.10467988633552469,0.11163549468567233,0.07225343917237888,0.0785801114877655,0.07389046705139465
176.jpg,4,0.8948321509652022,41,0.651815501698416,0.8126710213490494,0.8488294930519756,0.8480147148848276,0.8366260516068942,0.8706370438756024,0.8699354177340323,0.8728908834206723,0.8416613307904723,0.8379042334590998,0.8398357604823035
177.jpg,2,0.03338410784132206,39,0.005340288206321597,0.059156486024733834,-0.048680609410994224,-0.04862516658396021,-0.062360361571252354,0.0183298205271199,0.017501674477819973,0.01755726363726201,-0.040528845375947864,-0.04044972334056998,-0.053031985338192755
178.jpg,9,0.5891089108414375,39,0.7319291879665664,0.8302564021486892,0.6295882043809854,0.6291848296433366,0.6335885833396077,0.6507303648161278,0.6478003068227779,0.6541755439228976,0.58742316484471,0.5829410798071405,0.5843133471211279
179.jpg,1,0.05885588579500715,36,0.18746688800426603,0.11668608350343794,0.15725548724021343,0.1581567863867847,0.16095103514034148,0.20439856770169948,0.20337105129394362,0.21822466519240086,0.1521478705474819,0.15352933416658024,0.13988574520782657
180.jpg,7,0.17684268581473994,36,0.5378288846141377,0.5749942019927433,0.2859973752140102,0.28645985629766546,0.2908354245310724,0.2519727017317762,0.25212667961193785,0.2492183000550754,0.24785091302766574,0.24611830604586943,0.24407336246946718
181.jpg,5,0.08035034357976073,39,0.360373396862795,0.3174853331550328,0.1614268549510213,0.1639535508272708,0.16396746300191276,0.1778840040536709,0.1735410066485162,0.17346470435589612,0.1656091695607504,0.17018532499255398,0.16162494579249012
182.jpg,6,0.33396800892809647,39,0.34629033878113663,0.2964616693142951,0.3792836075624461,0.37954580394997556,0.37890421127703905,0.3120549450374852,0.317908928377289,0.32691582998751506,0.3755247809636165,0.3754560347124326,0.3860351033648908
183.jpg,9,0.3672732113407472,37,0.5186512872477904,0.5396116639684924,0.38362236816554596,0.38304736276135876,0.3777304162583314,0.359443179661616,0.3585581035106906,0.36759067569607345,0.3589106167238309,0.35886057725092974,0.3628202521449787
184.jpg,1,0.7470417722332768,41,0.5420766565003564,0.5312916593649352,0.7416380637647324,0.7420994682491224,0.7353118018607485,0.8324602872294018,0.8213218185302851,0.8373765276119953,0.8008850519332564,0.8041878779998795,0.8002939023351363
185.jpg,1,0.42145214281562304,45,0.35059248296287193,0.2829656260725926,0.2852344325512901,0.2850646366327308,0.2860342356083087,0.33857210071711985,0.33377419787756696,0.33833566780693564,0.3413908226411591,0.3426106090729436,0.34278781594911945
186.jpg,2,0.023267326958011834,40,0.10057578136081802,0.0838281791445372,0.08745653754164057,0.08281796325004126,0.08977663713536044,0.052190544469969125,0.05429483564169818,0.06308768980663815,0.11630840318654052,0.10222990271381165,0.11326926090331925
187.jpg,2,0.23967640534633908,41,0.5174695311287825,0.5391577247554177,0.34504365591343866,0.3428911247823305,0.34660812630541743,0.2578346892943086,0.2609655535961344,0.26429478275727897,0.30540521980338914,0.2896955784400426,0.31236007445388086
188.jpg,3,0.8654155952985897,43,0.8074982469799166,0.8271674701275742,0.8931664066820715,0.8935032275488985,0.8831470006080798,0.9048990478165524,0.9045625851893015,0.912421645378062,0.9285615459200511,0.9281649063149908,0.9381955751318036
189.jpg,7,0.022524752805475147,40,-0.0033958053605572802,0.06188151602676304,0.1433510133930034,0.1434243353073359,0.14309908558123485,0.06122100436671418,0.06522878925718067,0.0725050450560667,0.10332947560029354,0.10469297078907219,0.11041214952163647
190.jpg,0,0.029823714356142575,41,-0.04250486720231683,0.04803947853713769,0.015977271186250197,0.01612779361386224,0.020688938424658798,0.021665173231806945,0.022512836591675245,0.0034197224767800183,0.005770509101643589,0.009266969474454295,0.013675089950495545
191.jpg,1,0.049752475798595694,40,-0.06244388386478228,0.04699201732799663,0.04743846862988732,0.047436556398771534,0.05267915448945548,0.08564590313272075,0.08065254764890933,0.08737049388988738,0.0711465900730512,0.07283661569458691,0.08115059470456246
192.jpg,0,0.09355166273860213,39,0.05993213135233577,0.07843474573306089,0.12024981103106941,0.12059777697465529,0.12278177081628755,0.162161145367014,0.16124168221859195,0.17736332767841811,0.1271516899075964,0.12862211401725823,0.1322815276729815
193.jpg,4,0.09532876364074838,39,0.3227811883707005,0.2779542624929281,0.1365381789225641,0.13680783060814655,0.14740780113043098,0.14855931643849177,0.14540754540517714,0.14842445537590765,0.17255252874577134,0.17280376435057412,0.17272889032769764
194.jpg,4,0.9210526131485638,38,0.7205809481260079,0.8224084921835075,0.9065866569195296,0.9067698285245054,0.9092875585273525,0.8700577610848679,0.8677879026794884,0.8716720047699242,0.8356702239622362,0.8357213453661287,0.8284189394702572
195.jpg,7,0.04529702973086387,40,0.156275014055125,0.10992061623006806,0.1093621642341644,0.10994318424461674,0.10377374512567161,0.1093883208734609,0.1092391999252848,0.10800219753863369,0.09483457578592948,0.09924523469261541,0.09669053072987968
196.jpg,6,0.4200676136831867,41,0.4210937418418994,0.36532762595465557,0.3146984199994509,0.31456279317001756,0.3033660878606642,0.3732605536869005,0.37174325743716485,0.3683003221524641,0.3847807748975489,0.385726103747573,0.38501265048065936
197.jpg,9,0.10207449350993902,42,0.20281126573854658,0.11278499585182684,0.11748277442417587,0.1172052739569866,0.11855781226945852,0.11878236734683773,0.11563395735231294,0.10595989979034912,0.08655021738907902,0.08359625095220068,0.09067516685582565
198.jpg,9,0.05341323685685271,38,0.2886139033611592,0.23143298266791631,0.23285825914831143,0.23250866180612756,0.23113264173694364,0.10637386349272512,0.11670769297153852,0.10703813775100424,0.1486817022444193,0.14851236373931764,0.14445771102879432
199.jpg,5,0.09301719652782929,38,0.23000289671615737,0.17034711880619444,0.15210243390586026,0.1505612120310493,0.14965636318300438,0.163697901085036,0.15471045740447603,0.15024007674946038,0.1628945763314737,0.16003353783416746,0.16581912233586915
200.jpg,2,0.15841583997410322,42,0.33081340983415575,0.29570470111212455,0.19056971003650972,0.19258959985697935,0.1870102238357495,0.10373640243156881,0.10541654150027499,0.10404932786657245,0.1709095000540075,0.17770066483342278,0.1779151093899272
201.jpg,1,0.5820739910888829,38,0.42558752394586363,0.3789747453471549,0.6123977391848877,0.6102647067639148,0.6055801797598765,0.6106991146916222,0.601633819104181,0.599413713909901,0.5745011363806367,0.5726110805494344,0.5629456975830718
202.jpg,0,0.07628839880896685,39,0.1468470672110903,0.09612480933775552,0.028166326407019687,0.028052758169527126,0.021245168586209506,0.10575848304575786,0.10701665474454455,0.09357946068712977,0.026152136458474695,0.02197438652072564,0.030916273654389842
203.jpg,2,0.2501456031356664,34,0.5628572734746073,0.5842020190032561,0.36591412602831686,0.366322947597823,0.3500343100447082,0.33064807455833883,0.33281603101928625,0.33415674072415763,0.4107798698066136,0.41809867050015787,0.3952006239004533
204.jpg,6,0.14891624472078843,37,0.3386849897983199,0.2801461345829121,0.2131372267817525,0.2136818856257317,0.21543644424137723,0.19996290189716864,0.19865215501581915,0.2016072934736085,0.24874200739224656,0.2509175764638219,0.24255923364408816
205.jpg,1,0.34666845164689664,37,0.37218314474169834,0.30697309991881444,0.3958959879139222,0.3956273627196964,0.398853552941005,0.40495991341379667,0.4089538924388749,0.4021923947530169,0.3991198333401643,0.3981792176438123,0.39627015668698434
206.jpg,9,0.024752475270951115,37,0.23337660727047077,0.1710332517940374,0.10009470051391228,0.1000847621208982,0.10295313869352407,0.08755042713670869,0.09016714768604678,0.08973504280743849,0.10971465448528911,0.11257331808232401,0.11218645502781467
207.jpg,5,0.050880087306723,36,0.25611278029508594,0.18559673401908236,0.07309814582050797,0.07441949283901692,0.07807884996989917,0.07333292286531351,0.07486849915477795,0.07304728099324961,0.09019401246399378,0.0840237130736815,0.08205024898125594
208.jpg,3,0.3658155294159721,38,0.4122004828939898,0.3445973538016325,0.49008282094715433,0.48958752539741424,0.48466373911461913,0.42407328178602444,0.42278230664748784,0.4262579675262083,0.5036822525025609,0.49798509262226587,0.5133851314205417
209.jpg,3,0.32282438707586963,38,0.18748030736828936,0.11389496517094584,0.21974927001942246,0.2192753613111554,0.21637240569827892,0.1955875539209772,0.19690863461955435,0.1916338568112403,0.20617669715228035,0.2040324623388972,0.20072398759758295
210.jpg,3,0.08663366336582436,36,0.25447677664556384,0.1687349779497318,0.13393904298396447,0.13368006839304467,0.13466949161697978,0.08323641584573174,0.08145004650935048,0.07689026760913217,0.09000940979847974,0.0812377180018368,0.0935844541103945
211.jpg,1,0.3765288312535952,34,0.12301843500895127,0.08696600077595058,0.22712132411858027,0.22666989679830404,0.22367167221000442,0.2715170699524216,0.26503297703560297,0.2637171157266922,0.2804757275869791,0.27808826054561625,0.28350989707075197
212.jpg,5,0.04503743038172039,41,0.046034946241618635,0.07956274420352492,-0.017525037273599275,-0.016741596733466257,-0.014226760816746065,-0.02595766786184961,-0.029527894882716343,-0.028619019911762522,-0.046187184396612124,-0.040094146351845106,-0.04857399155681841
213.jpg,7,0.3019801993181722,36,0.32467965305646085,0.29403284052994016,0.3574394938031732,0.35724464462915284,0.3547167225247686,0.3492986233097446,0.3489874269443778,0.3473290109328152,0.3767920473697565,0.37336552503264053,0.374495181227537
214.jpg,4,0.05145514605453971,33,0.058602280374018045,0.07725340324812345,0.07713241563930501,0.07722999498202912,0.07481702782565994,0.09000837760740232,0.09336889739803375,0.09825402823410223,0.06872042333828011,0.06816320061258735,0.06337929025799877
215.jpg,2,0.03358308804800381,37,0.076082029336908,0.08220653567574492,0.09430211590369089,0.0952305547958737,0.09718999156162306,0.11949571230987824,0.1169028230566381,0.11319586624647895,0.0678762758184811,0.07455824198489766,0.07543893161686166
216.jpg,7,0.04879773730146034,35,0.05226075360738869,0.07832462369996988,0.059730999113337985,0.059444357931582814,0.05860207647610144,0.06320586966828856,0.06185608085797259,0.061061755573522614,0.045880704569346675,0.04546258635017572,0.055336366482302335
217.jpg,7,0.03217821824364364,32,0.06590839255072889,0.0819199847828798,0.002656606788680349,0.002866541687272517,0.007259340245800994,-0.01153014303457367,-0.012168989795459162,-0.010766471474733696,0.030621379217025346,0.030235238011006166,0.03244545013720382
218.jpg,1,0.021273749112780835,37,0.18777792767737456,0.11668608350343794,0.07281207737667861,0.0725999378321934,0.07634007572817089,0.12233346531957462,0.12280724371463778,0.11868710520910314,0.09558679871450977,0.09342648180769973,0.09602029970679368
219.jpg,9,0.028147100191563367,35,0.13461936540411223,0.09824223285682643,0.09065216175608012,0.09013731599557487,0.0987082775211755,0.06454284608457045,0.07114509066105865,0.06269100944628933,-0.0015447093214482899,-0.0045393158785323184,0.0043608654362156385
220.jpg,0,0.26039603665204986,35,0.34991021385397664,0.319539975166323,0.27424935276682605,0.27418236157790415,0.27335945917576626,0.31023227108627754,0.31248479416274627,0.3071153627891591,0.3273101262691916,0.3320772783133061,0.31445089703499274
221.jpg,5,0.8142857023647854,35,0.658575623973402,0.8211445553423046,0.7019681931082391,0.7024079262071734,0.6994072434784826,0.7146901625065288,0.7184195113080101,0.7204404032626915,0.7360308650512024,0.7347133207455209,0.7390198011368339
222.jpg,6,0.09009901116202984,35,0.39143349351463286,0.3561860687998188,0.19927884026208223,0.198905321018504,0.18605685041554892,0.2007636476090469,0.2014233852401534,0.19595516449964154,0.1376050730645706,0.137490282545657,0.1500746506755707
223.jpg,9,0.02475247514833297,35,0.03407389892815005,0.07888092093988094,-0.002687561496008628,-0.0014454315732096434,0.0024251690300285955,0.03304551502077341,0.030494769295152047,0.04242109471280381,-0.03948818765576739,-0.034324519113836494,-0.035331966119973746
224.jpg,3,0.03245324544453373,36,0.25243262674220757,0.1687349779497318,0.1095799003425271,0.10892919477025645,0.1111505585681225,0.09538737589838611,0.09658313802283891,0.08423140269295978,0.06837233178031837,0.06610924749198846,0.06953976468564121
225.jpg,6,0.02695269577412142,36,0.21612897404927112,0.1705420677895202,0.10774327763194957,0.10915933534245628,0.11074548409222146,0.09628884826252213,0.09580420222663913,0.09232446130883437,0.14147804615080173,0.1399002284339417,0.1399810512850248
226.jpg,1,0.07906647850094096,35,0.15718355017726526,0.11668608350343794,0.12228589944113458,0.12220590162114853,0.11173462147597898,0.14009611680910558,0.13440015341342237,0.12739718869549888,0.11239568719835523,0.10956567177126147,0.10367308817786233
227.jpg,5,0.042857143602200914,35,0.0951513077365993,0.08505280299375119,0.010268091592429418,0.00971481144501568,0.012724020362871569,0.027243476828632818,0.018431834987773454,0.023227352180200722,0.013715298526249448,0.009550323914010811,0.006796693829937639
228.jpg,3,0.04214610635126765,37,0.01729927831182465,0.060087102351925305,0.043585157737603714,0.043101174067565945,0.03401986084621253,0.08313921150337006,0.08443314836645743,0.08226834838442088,0.04979739155489116,0.043709977000246036,0.0455801581480047
229.jpg,9,0.1344884488757493,36,0.17484149538930605,0.11278499585182684,0.14917755518884657,0.15067998472687644,0.14652011253543257,0.13964450832269812,0.13755047982304788,0.15381068553381338,0.1763635599710006,0.18093087072151384,0.17375695038960462
230.jpg,0,0.07542224780327696,34,0.15857958036639042,0.10880517982917093,0.17768110791393255,0.17756993385513764,0.1735263065613677,0.17487063154285218,0.1731378724417965,0.17926102474378708,0.1709174704129999,0.17211283588324305,0.16279661507499688
231.jpg,5,0.03313023611330069,39,0.11018601210649726,0.08505280299375119,0.1326150006863254,0.13401698381283592,0.12726016566100917,0.08230815734901625,0.08904058703769097,0.079243058088904,0.04483657107927297,0.054158003095046287,0.04369935184464008
232.jpg,7,0.8738926405969419,38,0.6794169870502524,0.8263668485298996,0.8679486809654253,0.869560250139785,0.8763544478378242,0.8867982133762795,0.8878844917405655,0.8892376383965874,0.8126621816907607,0.8162896773973709,0.8217501669695546
233.jpg,4,0.04710042499271887,35,-0.09976223197346357,0.046074668289470995,0.017556851526398437,0.017049799873474936,0.003150922770335851,0.0038992957380812876,0.008136094177357278,0.009977869748060753,0.008385655323854158,0.012802736645408819,0.014163593906403121
234.jpg,4,0.9155415350740607,33,0.6225757470392355,0.7348008467465369,0.918128214291562,0.9186076010332627,0.9124784780318239,0.9140598760914923,0.9152124152842251,0.9096693097858177,0.8738688255876352,0.8717432553690614,0.8642480801499981
235.jpg,9,0.859547365882567,35,0.6048071182850183,0.6290561766464906,0.6787805743456028,0.6787140099575413,0.6778900532995258,0.6242426964944721,0.6283738762891586,0.6376442403325189,0.6649491572786466,0.6713924609677977,0.644158043927848
236.jpg,2,0.07542224888525464,34,0.2559748829392436,0.17947616864135016,0.21095746188614317,0.21029587551172263,0.20157836600952322,0.16622426339263452,0.1652272307392604,0.1654861840703879,0.1665618048741649,0.17023737876212772,0.16552354793796267
237.jpg,3,0.02805280515876336,39,0.005852094627924798,0.060087102351925305,0.0359936171907029,0.036169068027469886,0.03145541481045794,0.027816680799776672,0.027738022165947396,0.03746740580998231,0.0449796547524528,0.05020707833261864,0.046301653426339684
238.jpg,4,0.14851485255272373,38,0.1557223778796094,0.11542028892925937,0.168547967294538,0.16884853025678845,0.17910682127886002,0.16125984473567978,0.16502711836172798,0.15456856342666703,0.17677435476568157,0.17699699750389217,0.1654998277861669
239.jpg,2,0.021357850304671695,35,0.14567388898340672,0.099169498795871,0.05047614921662086,0.053239390137063164,0.04124266648911373,0.04345910264013925,0.04485495088128405,0.04568774097140843,0.02128743497446775,0.03229572681406273,0.003683537816382032
240.jpg,4,0.43642522170404463,38,0.27051437113899074,0.209303890086277,0.16439818998133618,0.16427932837144532,0.1582528843559428,0.2036063563209754,0.2016641311020705,0.20438554504288248,0.14691774020393375,0.1470056118299699,0.1527044346256863
241.jpg,6,0.03248007753409627,41,0.09631203136474553,0.0905351674444794,0.06869067756385785,0.0696631536183469,0.0850612940284709,0.07798569531131169,0.07586606281280897,0.07047125437214302,0.09564169953720446,0.09193728643546849,0.09832947135368772
242.jpg,6,0.02657634218370444,38,0.030381721119001726,0.07909843229091319,0.11102498992188023,0.11197903484488003,0.12353830954161224,0.09824101929990511,0.09711655804756444,0.0970627350457097,0.10068276460048012,0.10201909298108898,0.09090032760110155
243.jpg,5,0.3536259026795223,37,0.2910458239355917,0.2189167564273336,0.20217572004318157,0.2063580366497733,0.20841919678350762,0.20641918371770313,0.20584121795146582,0.2032392526164901,0.18030337043980368,0.19274778732005118,0.17603447156520435
244.jpg,0,0.09680968177660058,36,0.34046106892715844,0.319539975166323,0.1906706000968254,0.19038295483091947,0.186704259111998,0.15766994118817793,0.1603616234225559,0.15471157708631894,0.20405653965217788,0.20466041704585686,0.1986243136751261
245.jpg,4,0.04152915342193511,36,0.012415735111537596,0.0634406446141155,-0.004946283029278908,-0.0052315512864560265,-0.01990756203974564,0.01942779331327893,0.01866455332752831,0.025814296328848185,-0.04369625498665797,-0.04261365934937941,-0.047089646501542515
246.jpg,6,0.8273150772267186,34,0.5868820502898429,0.6134421766421815,0.6865013012850623,0.6873475024176556,0.690324423759995,0.7385540113390892,0.7385093570285184,0.7379706798986634,0.7002494883823818,0.7018816466420112,0.695165464885263
247.jpg,8,0.8652662439523516,37,0.8732096235096019,0.9102484365641883,0.8873073972449175,0.885880592605054,0.8781385591345995,0.851246212470032,0.8553705956547596,0.8626747880654088,0.8817378524833837,0.8817278741111012,0.8714836528907901
248.jpg,6,0.045685997898025174,35,0.019350511661685665,0.0577014529451478,0.07055515348295471,0.07047173404611243,0.05327371608599388,0.048554762227062453,0.0493655528460219,0.04629789200665496,0.035241712237717826,0.03535801702086175,0.040312175096059055
249.jpg,7,0.03693830863071176,39,0.09179882855369559,0.09245949040187365,0.08146820871164573,0.08117357732951355,0.0801731090915927,0.048673822952398915,0.04823606481436521,0.04209025654918752,0.07788440727297975,0.07415799678661836,0.07063578414158686
250.jpg,4,0.10735502016863653,35,0.30313470749368654,0.21030470920259142,0.18328418104168456,0.18337274227674694,0.18702043295015897,0.16455389665166512,0.1642877545787148,0.1629772748307841,0.16915814120892014,0.17449823022003189,0.17345377411685187
251.jpg,4,0.03411827679421451,37,0.22432583625871927,0.1688615547697128,0.08167510393856897,0.08207524021479079,0.08079403154417616,0.034983016885622775,0.0358556075676742,0.03132857621512747,0.07626374642087225,0.0726528620514849,0.06866231160384723
252.jpg,6,0.04775771736989126,34,0.10329704365778902,0.0905351674444794,0.15555509543438883,0.1557884443940015,0.15576121672176135,0.11762599509522964,0.11600602219754819,0.1104501188053511,0.09928950959247032,0.10485292009502475,0.10818047704542595
253.jpg,9,0.02502750285849389,36,0.021603437526080183,0.061856093146539746,0.025968807103021074,0.026543184105491446,0.029774098996450782,-0.03210856951875829,-0.027505603041638516,-0.022770066129483457,-0.008957591266828546,-0.010442387632740885,-0.003757658373075956
254.jpg,0,0.05039350121305921,39,-0.027064115631384333,0.04803947853713769,0.07014302648073054,0.0699565944502378,0.0762921144999765,0.013483892698158861,0.015054101415749643,0.025037337465547538,0.025240971962007558,0.0270866794610084,0.027880961252636727
255.jpg,9,0.8844884333925115,36,0.6680206759767615,0.8302564021486892,0.8191232194333078,0.8189231342158235,0.8325088570781829,0.8520139967490857,0.8538583851207892,0.8484447063135392,0.8644710701544436,0.8518836390289057,0.8633076735763814
256.jpg,4,0.026918316827504896,32,0.11253761319210642,0.09031865104030083,0.14484714706337337,0.14514584389800345,0.16643778050575442,0.03685849206044739,0.036181481739663846,0.03840824462784859,0.07955961476360847,0.08592010432814053,0.10591405873449074
257.jpg,8,0.4384282152313972,32,0.4454689582727943,0.38369255979442657,0.37626875539567395,0.3794341620955326,0.3884602035474366,0.4903218000155569,0.48226204085633173,0.4873778948808388,0.44175321874495527,0.4431314717895749,0.4456006163733926
258.jpg,8,0.0282469420995125,34,0.13935080620009466,0.09601488089019844,0.15638235800348677,0.155960595317779,0.16321704900278905,0.15003611343011275,0.14758289377220074,0.15438979785935172,0.12205734364116126,0.1243821293745949,0.1263128081038669
259.jpg,3,0.9499449729919434,36,0.7495324025089782,0.8271674701275742,0.9340317414236078,0.9334014922018312,0.8981171455022432,0.9594345555888413,0.9583017457021636,0.959105706133657,0.9494213301297489,0.9058483616424426,0.930218032059881
260.jpg,6,0.5935093491829725,36,0.4661780211258949,0.44760488037132545,0.6714091471278802,0.6677333813256389,0.6783954436008999,0.7117974027774135,0.7074111684919113,0.7052300060131441,0.7158773353616104,0.7118828818781391,0.6959300230476928
261.jpg,2,0.0437727988526029,38,0.09710643575378441,0.0838281791445372,0.10163626908818166,0.10308362536427307,0.10443412291093723,0.05374634101565812,0.05552346379493367,0.055432584757125425,0.10125120007870021,0.11468469062876903,0.0971841383325763
262.jpg,5,0.041761868740790166,39,0.41427623463569174,0.35227441850988017,0.1519999147612212,0.15428248253285917,0.154685271770443,0.16992434314490643,0.17294400037586663,0.17235486168527284,0.14803780823186585,0.14238175068886222,0.14259971671307736
263.jpg,9,0.9009900838136673,38,0.8187595383427617,0.858799137142746,0.8769057125951345,0.8769654138247855,0.8708172717202207,0.8088660484163537,0.8115512341356994,0.8104201836110987,0.9168030804461238,0.9223750218710705,0.9124844339067567
264.jpg,1,0.02504368093522156,34,0.08667182238322302,0.08696600077595058,0.06647966371200581,0.06719042887355023,0.07092922601154092,0.10367753455270098,0.10089462506929145,0.10481969270600971,0.06380484685620676,0.06349821719427594,0.07061408049394778
265.jpg,2,0.942868592771324,37,0.8773265509641031,0.9096841018651254,0.9517249262059119,0.9500837861412478,0.9501037774908698,0.9260381902868198,0.925907081138746,0.9250581876236843,0.925734696516237,0.9329940260394538,0.9270963652230781
266.jpg,7,0.02996352296567669,38,0.026598112008123453,0.06188151602676304,-0.02248426215777366,-0.021497076467969223,-0.014767952156010622,0.03265753070953881,0.03254375515661728,0.03375519273553068,0.0011873079731771208,0.002879440759344848,-0.004966184882255059
267.jpg,4,0.045544554572552444,40,0.05363851558849264,0.07725340324812345,0.07308932379656019,0.07336355800971567,0.07897589611434408,0.08858041879396261,0.08986633634564145,0.09137186171667566,0.04438687847386058,0.04638193176327113,0.049621794633378624
268.jpg,0,0.06435643635793692,36,0.10301580466833105,0.09178363700124348,0.02204323690343521,0.022091774375464807,0.025695803297473563,0.037185941306516646,0.04150733801396156,0.024012345625543496,0.0367604278835853,0.03505475770659275,0.030302106643508075
269.jpg,8,0.3209570947413643,36,0.2865499887893683,0.21825878335516818,0.3297137707387172,0.3289492308490378,0.3262426466592208,0.29281369377573585,0.3014109994080488,0.3017896876358372,0.26568794736608903,0.2691350222528003,0.2594552513850492
270.jpg,4,0.027298443964017288,35,0.16481537332166663,0.11542028892925937,0.12427075503358309,0.12432465653164998,0.12831159415682392,0.08125702667833865,0.07763667524835793,0.08302988794054825,0.121508447487635,0.12172601104279065,0.12539953823831101
271.jpg,6,0.03135313550965526,39,-0.07456964402099442,0.04615976376832619,-0.012376966924083188,-0.010674624776772779,-0.01500189480301617,0.005810526126980797,0.009107019063327615,0.012582938741243999,-0.00030222900486481796,0.00687126018066142,-0.000548294871400179
272.jpg,4,0.05724009966070298,32,0.1749046146053952,0.11542028892925937,0.21585512108158764,0.215784539633285,0.21799303182901686,0.17675341220050736,0.17039688938994713,0.17287068512537745,0.23165539393103413,0.23071341191126105,0.22965470205014207
273.jpg,0,0.0508077122074993,38,0.2846075329481832,0.22532522586400788,0.1878092587527178,0.18759832375461033,0.17708613829720804,0.14395691299455224,0.14337215907711853,0.14068049703486693,0.17229088716027224,0.16999153458363472,0.17579745681947326
274.jpg,5,0.7498697160473583,38,0.5319144613277018,0.5300755890724904,0.6521384527206922,0.6488652458858715,0.6462842249663335,0.667427638768372,0.6571871338944579,0.6527965997956623,0.6375364865613591,0.6281526454651629,0.6368187763207902
275.jpg,1,0.38066701506460576,38,0.3872752316437589,0.34999447819696666,0.47932318696603576,0.4775892204189469,0.48218356577771104,0.5297524129126512,0.5206190127113584,0.5240528634292448,0.519449699055185,0.5137014329667469,0.5161093346091611
276.jpg,5,0.2662766234892787,33,0.08249800904923954,0.08505280299375119,0.1828398639146151,0.1840591111624979,0.17142538509416083,0.26425943472599106,0.2670954143517908,0.2815979674822878,0.2384161325629667,0.25029389825152765,0.2461502031263933
277.jpg,1,0.0429911417396445,38,0.2542916130327294,0.16675564607080134,0.06569757868094314,0.06496406679522929,0.06564703280009654,0.08581243605116107,0.0808445226869858,0.0764423943075305,0.09980539120656412,0.0994893372459256,0.09971849540689103
278.jpg,8,0.04018637188710272,34,0.13653197063869926,0.09568715002140056,0.1016225690433305,0.1038918455895951,0.0973268003929742,0.060325782478831136,0.06588142517295645,0.06383511961780142,0.07812891355254893,0.08175822309611822,0.07749994725274227
279.jpg,7,0.07797029762878083,32,0.28376592375600906,0.2191168118424655,0.0026486501402647744,0.0023710206490165087,0.008792217116928902,0.024809910199871776,0.02505426708405256,0.0358528096612728,0.03194007442393118,0.030481593791956196,0.025389420082257225
280.jpg,3,0.014269074164878796,34,0.0008498116161290703,0.060087102351925305,0.05012384969252545,0.04980680729158099,0.04766353814977717,0.06225783073147123,0.06383045421531489,0.06591230820803079,0.10336316218741029,0.10643818180591734,0.10426426589282504
281.jpg,4,0.8300329885549016,36,0.6975147011364284,0.8224084921835075,0.7241108032480914,0.7238691079154249,0.721872230525245,0.7104128419714045,0.7146307737895801,0.7066738879531562,0.7369648803858175,0.7373092812334512,0.7236837971599592
282.jpg,6,0.45162658988099014,35,0.3338841062903519,0.2801461345829121,0.2651522441391765,0.2625155534865495,0.2613790884074299,0.358707541626608,0.3525429880499544,0.35360458089756597,0.34854482926363806,0.33303819273531843,0.3448016716533154
283.jpg,0,0.09004549217737608,37,0.0674778367577169,0.08087277079929998,0.20049651812663094,0.20034028464004394,0.19908195216154273,0.22439751688299917,0.22482926400324094,0.22358408948812786,0.20528820655859512,0.2037494993172787,0.20700079418690528
284.jpg,4,0.13315562257925287,39,0.31291185512003583,0.2779542624929281,0.18283616520440732,0.1831813201801048,0.19189956240827663,0.2141089618678347,0.2108218460502066,0.21395336640231072,0.1827584514586121,0.18424100363148949,0.1891533260733882
285.jpg,7,0.12574257460821953,35,0.16826110350036838,0.10992061623006806,0.2191855447552786,0.2172780373517768,0.22271667308641818,0.1882574988656699,0.18650925041370003,0.18836996606435713,0.1820961851658913,0.18058405860832347,0.19345668314149228
286.jpg,3,0.046101485670078546,32,0.15296373469594204,0.11389496517094584,0.1645255218135966,0.16478764283568403,0.17008308153872986,0.15668293454868573,0.1579025473980232,0.156794827696832,0.11728472747263578,0.12116807904977157,0.11811655699994633
287.jpg,7,0.08780614961870015,38,0.07701243704695793,0.09245949040187365,0.0025119127507367,0.0035639729008259957,0.009376331010107708,0.012720575988335647,0.0130152621216299,0.01037920704137929,-0.04006638929806222,-0.03527129084186384,-0.038148048012534685
288.jpg,6,0.23327332555852603,33,0.3046213925733854,0.21055097669596728,0.32429080601877447,0.3246665656475913,0.31541431274267306,0.3408056483037882,0.34332093136186337,0.34887628783466595,0.3475249011392707,0.3529318291451375,0.35710028026792984
289.jpg,2,0.5844189714836446,38,0.592793649866637,0.6588988490755896,0.5380133546924663,0.53800411871945,0.5321935854744271,0.5288212597993915,0.5302322399990291,0.5320068972519222,0.5308043231563485,0.5409228966816212,0.5141181305730224
290.jpg,8,0.05627931194919113,38,0.12780365300204555,0.09568715002140056,0.08061671199385384,0.07892241764932162,0.08394316816151282,0.014749825669005012,0.021988413339501744,0.004952914737672398,0.01682630485204034,0.015144149755779018,0.020798210211561724
291.jpg,0,0.13421342194649494,36,0.28801181739532106,0.22532522586400788,0.23028574691607073,0.23001130312549908,0.2166555887319514,0.14789586963590118,0.14711285046522668,0.14698620373914725,0.19680297220499185,0.19867047318212006,0.18900309668796839
292.jpg,6,0.032569046193537746,38,-0.03278662314855285,0.047867178442361276,0.06196175354873623,0.06182410095795257,0.05510555307848175,0.050959322370704885,0.05523761608854977,0.05927487320263669,0.0763793179179581,0.07749331172322749,0.07600873370804563
293.jpg,7,0.07369165514994945,35,0.11955523648929467,0.09245949040187365,0.03930090776414552,0.039211628451203184,0.03968321792106838,0.027287935840735023,0.025917224695381602,0.02613770214689809,0.01412737119445892,0.014905431280223147,0.002275965629432275
294.jpg,2,0.6441990313215706,39,0.5469067191062673,0.5588957662967173,0.5551833215899271,0.5515001344533155,0.5508820190662744,0.5811677228595902,0.5807016397277011,0.5811863610859596,0.5681095034615748,0.563430826803125,0.5748408562896753
295.jpg,3,0.03569567497623594,38,0.07071294317397103,0.09002553482947455,0.06590559067865684,0.0661545259659094,0.06645059230787118,0.024632029887529328,0.021734116949787108,0.02272121339706351,0.04870208897584774,0.047298913788693525,0.048154914038879615
296.jpg,1,0.7985930092828838,38,0.701516248106828,0.8316101821454598,0.7821227928255907,0.7817375073669076,0.7872326308339135,0.7915883411328578,0.7917997141888127,0.7890275629573751,0.8224020194437711,0.821751633776153,0.8172056438752759
297.jpg,8,0.2336887521430468,39,0.37188916924127985,0.3302065349921424,0.20777449189834196,0.20991980151452103,0.2107121463059376,0.19648096873958576,0.20054968696489966,0.19700524080290815,0.20574349019202245,0.20888985840704358,0.20560072909377392
298.jpg,2,0.892326720058918,40,0.8513381194995109,0.8778256005418854,0.8408199963187399,0.843949991892918,0.8390563332648605,0.8148731639755761,0.8153998418226207,0.8110182194550837,0.8259636799909845,0.8315240210909741,0.8287281159705022
299.jpg,1,0.4575671832343297,35,0.30703293693945416,0.22840737349696372,0.3236751605831769,0.32394336235126575,0.3280102270520543,0.3220265223378327,0.32574979590902786,0.3255887876998986,0.35642298483596596,0.357866229131112,0.36666989110214415
300.jpg,5,0.07836271494218125,41,0.02995243657972735,0.059062624410804926,0.12008448076389916,0.11579971715509432,0.12727649789645826,0.11170062629397776,0.10023871338643545,0.10426085333930366,0.13989378113016254,0.10708301271041244,0.13069974409678525
301.jpg,5,0.16577468632493872,37,0.1582863233204348,0.11387846393182476,0.12994637001148698,0.12777578592037006,0.12619375942929742,0.11589111293971718,0.11737818422423746,0.10702439446147907,0.1285661041431519,0.12395565915898431,0.1281177803161275
302.jpg,1,0.14411441173352715,36,0.13048655197279702,0.08696600077595058,0.1714280678323003,0.17174893352902415,0.1783380365137932,0.0793722541979818,0.07794051049737502,0.08388147804408522,0.12412885944817713,0.1258597753027465,0.11342705519371588
303.jpg,4,0.4594678197900066,32,0.5684972170073576,0.6493828967059526,0.5715657256860214,0.5719301066330114,0.5790919509706913,0.5659860654900812,0.5640155594659461,0.5632275036650416,0.5670303990854489,0.5620377581657825,0.5681732827901991
304.jpg,8,0.0557934162584511,37,0.02946550370914336,0.06488899778921321,0.09538291561210571,0.10166957101359683,0.09478961788649751,0.05606066041601762,0.06330742401622394,0.04586623853402133,0.06710424867225231,0.079357154159657,0.053969654660134134
305.jpg,5,0.9070721147315842,35,0.571852303825741,0.6077452453918338,0.8013477566812561,0.7952054500162233,0.7932674501651631,0.7486215581280113,0.759817750929882,0.7606447352662242,0.7405498585919141,0.7283230112442907,0.7423892766242344
306.jpg,7,0.48169817037485313,33,0.30810272731099486,0.24264042063788177,0.29603117267213325,0.29575398227856603,0.2948603341701991,0.32739675013003494,0.3247118204892516,0.3213683728698042,0.2870959658207539,0.28653820878804487,0.2905220722476553
307.jpg,9,0.7478159543756834,34,0.6235837528339517,0.7587616439891622,0.7319116090190173,0.7314130688657661,0.7314625535307595,0.7378625123186344,0.7302347456767685,0.7341200902786398,0.7003965948724629,0.69595604898216,0.7022100787245892
308.jpg,4,0.25162659055952513,35,0.5400912780040795,0.574312315147553,0.4176465266098144,0.41825170480110335,0.41380096868442995,0.4095231638342982,0.4083402963717837,0.4136118510104965,0.4377918459920061,0.4404176038012719,0.4405298266697491
309.jpg,2,0.05106826497879075,38,0.13028018359244775,0.0871365717591907,0.07088197427463136,0.07006558220565753,0.08419227937491192,0.06696494156614874,0.06674480829137697,0.06892326556022058,0.08609870570497631,0.09172116852274606,0.08756441191008227
310.jpg,8,0.08295829633645939,33,0.030117429611825952,0.0652317334831271,0.07722916747599057,0.08011195943078184,0.06804521720329923,0.07177745929506896,0.07877237921758551,0.06049235170896658,0.07591293204918362,0.0831761848370138,0.07382682307118021
311.jpg,1,0.11221122025098237,36,0.08019923225601355,0.08696600077595058,0.005867211031368114,0.007021979649857901,0.013172291858316865,0.07201594992785346,0.06319006734719565,0.07538891113929513,0.002932411815353697,0.005338716927939302,0.008378485583894008
312.jpg,6,0.9376237411584173,35,0.9347631562600168,0.9121654356387189,0.8550009900399371,0.8544943377406973,0.8542450776927394,0.8290565078974712,0.831274570583723,0.8379759047461464,0.7817911912595878,0.7910624790177849,0.8067180102020645
313.jpg,7,0.09298902833079165,37,0.09302558261601834,0.09245949040187365,0.04105503496997856,0.04126908622006928,0.04711070906430917,0.09406469014415031,0.09168038898988351,0.09360727965752247,0.06975970770673329,0.06754195480502764,0.053534402953761134
314.jpg,3,0.21938509691359573,38,0.21553162153184158,0.15741149184841272,0.21140048734957145,0.21064341520050078,0.2176327986772818,0.21794278844177145,0.21859332504723616,0.21146973861708207,0.21993353918063469,0.23256239649491592,0.21244810711251547
315.jpg,1,0.10258525857029276,36,0.1217684464047577,0.08696600077595058,0.031421039422773384,0.03099599324096311,0.03251669010953548,0.16005973841591445,0.14974463747727645,0.15950255916731595,0.11131744760388274,0.11078699359737487,0.10973927104539052
316.jpg,6,0.3634245741619345,34,0.26994135769506844,0.21055097669596728,0.3335264617001477,0.33348680967513117,0.3251391279030817,0.3079488985061059,0.3076141702420481,0.31023792402975736,0.3499532698926253,0.3528915665888986,0.3718966444557834
317.jpg,9,0.3379066494958741,35,0.4903842710881574,0.4979875765493122,0.4928589783212992,0.4937864636419038,0.4906808162073928,0.42225284394313956,0.4307281479019639,0.4304736986432252,0.4627978594256049,0.47149622391781865,0.4625648134295949
318.jpg,6,0.9468138936238412,39,0.9116359662075825,0.9101506201764687,0.9180708287323198,0.9203018643551829,0.9204313620256617,0.9042540351281146,0.9075250938924344,0.9145672670169751,0.8814161756642132,0.8854529581930932,0.8927928898016734
319.jpg,0,0.2092959302632759,36,0.4041786230104667,0.3252013798013883,0.27819886338581273,0.27883409805671105,0.2765478243949835,0.3189560576338141,0.31854548296012425,0.31439157937898,0.29865964083157415,0.29403312477036825,0.2984383244779134
320.jpg,3,0.8569856865538491,36,0.682649546692908,0.8271674701275742,0.8142794414051289,0.8143794249123641,0.82591776380348,0.8223342520911108,0.8308274506494034,0.8342959269775212,0.819223673862228,0.8357952837383495,0.8290760715092549
321.jpg,2,0.06407355031530772,35,0.013572152120302383,0.059156486024733834,0.07074687365836557,0.07289315663082852,0.052660394267222965,0.09477485573430744,0.09770937699835286,0.08873398789171463,0.13636435186910195,0.13214506974278456,0.12934219527100624
322.jpg,9,0.38260254824001877,35,0.5920437742124707,0.6290561766464906,0.4146392276448476,0.4175558089851945,0.4233129984801188,0.3795480851021297,0.3906632129862633,0.41569728702405945,0.38671627012496324,0.3953921952969992,0.37030396784342884
323.jpg,7,0.26166902311767143,42,0.24819236022730062,0.17574664971982815,0.25782266793571046,0.2571512234143559,0.2685925111055704,0.28569417384177387,0.28382699859545946,0.27603411216421603,0.241983696370213,0.2381008120895847,0.25321829580821453
324.jpg,4,0.04116727513457207,38,0.01626299271335907,0.0634406446141155,0.06256608345538378,0.06299902741040408,0.060946498657245884,0.03472516566124373,0.0358944736578482,0.028341148401683725,0.030536513942373444,0.03280640027490936,0.03354799925868643
325.jpg,1,0.936209317616054,35,0.7240028285156579,0.8316101821454598,0.8818518993185525,0.881985163567376,0.8796606113258929,0.8641033029873073,0.8627009603589764,0.8639506214882056,0.8908495406294257,0.8923193140384038,0.8967010039862029
326.jpg,5,0.1630663071251051,33,0.08320008647504751,0.08505280299375119,0.20289163328134951,0.20020649988262063,0.20157853617018695,0.1378829712767634,0.14148793978565405,0.13160169049958334,0.1498542626454014,0.14624583406416491,0.15384822963371614
327.jpg,4,0.09983498251272573,36,0.24593894378779346,0.18232693091440594,0.16877505809891097,0.16784674750711776,0.16239366290857105,0.19145871795685707,0.18955064670147387,0.19444521722847138,0.12826033114192628,0.1352573694850692,0.14090330881758917
328.jpg,3,0.05528052775965383,36,0.17170359745661234,0.11389496517094584,0.06664184442300963,0.06664875474522766,0.06912769250630293,-0.001058035816766112,0.003612949256449227,0.006567040203715069,0.02443588372817207,0.03379292175246584,0.0300596480765562
329.jpg,9,0.07816571163895883,38,0.2607640917447638,0.18026991335862208,0.1480435958621115,0.14829895715095648,0.14554490533974757,0.06530302330696064,0.07710811543606041,0.071273795520535,0.12591440893979952,0.12514906890583494,0.11189479212406389
330.jpg,7,0.02930157878310294,37,-0.002841736072748846,0.06188151602676304,-0.0038275188352754896,-0.003720775436510726,-0.0010089618896224617,0.03201664309835722,0.03137536839501609,0.03135479234770766,0.03500472462477733,0.03325056347450256,0.03390710870822561
331.jpg,9,0.12761276263174498,36,0.4185919518797945,0.3550918695383253,0.24557302748889384,0.2470552101926973,0.25528180792830873,0.2757486156498342,0.26721366293791066,0.2764201667376417,0.20615813896819055,0.2157841820277925,0.21104649435102568
332.jpg,6,0.144099544998057,37,0.3080763844197758,0.25750635764370744,0.21689032826816224,0.218669058954957,0.2307321433548127,0.2483262463900338,0.24802334874990284,0.2457544107450742,0.2107565010010617,0.21510996924973533,0.21831327536110334
333.jpg,4,0.05394770249199027,39,0.03139552822709135,0.07725340324812345,0.06194975500223335,0.061674415213427286,0.05356117571689406,0.07341529001635866,0.07062379617806408,0.06887369148268932,0.07956565771141037,0.07611977523971324,0.06581677450719603
334.jpg,4,0.4251388519116473,41,0.34949274675631714,0.2792575155172218,0.3437702262733895,0.3441858006981334,0.36438575395140765,0.3524381506771874,0.3501044317970544,0.3526947405796135,0.3269568347517541,0.3276364546334182,0.32612794149131824
335.jpg,7,0.04579208022914827,32,-0.035244063541064685,0.04675982649611991,0.03952804412718747,0.03942420533352961,0.040387276468221045,-0.013899062496137926,-0.012694412297826307,-0.01850325228591676,-0.013468536275164339,-0.011119865199101159,-0.009874920196368014
336.jpg,0,0.06591975016176309,38,0.14540987382232118,0.09612480933775552,0.19904287285712793,0.1993386078871483,0.19586742141119004,0.1957081838750138,0.19175718950700277,0.21228217810876593,0.20043280535087593,0.2040224291496121,0.18796946781324608
337.jpg,3,0.057060969601336275,38,0.026754350069444266,0.060087102351925305,0.08909331665865955,0.08994715071403514,0.09191372639913734,0.0703797813589708,0.06776904853822904,0.06790715665495001,0.018605744991833345,0.016532070827901674,0.016016968754317157
338.jpg,8,0.08066394816919722,34,0.06430244150964404,0.07720480173154516,-0.019576062580501874,-0.02056430186758057,-0.021183980153090587,0.028076181060604888,0.021524763889985032,0.027946127453795988,0.04977431497913529,0.04374798309093375,0.037238116799348214
339.jpg,8,0.03719943409253444,35,0.02238868375417924,0.060823839924755894,0.027587199153693148,0.02852695502642555,0.015779201678825155,0.06743396763617102,0.06256413994809934,0.07994575022696174,-0.040122291154062795,-0.04380981856962471,-0.05599357142898215
340.jpg,1,0.056930693704634903,40,0.09917887088817767,0.08696600077595058,0.054703004213658035,0.05538971788368624,0.06165942080786013,0.03573241632205726,0.03833080874856615,0.03993113355334632,-0.0012679278503022196,0.0011152606239900054,-0.004773457924223928
341.jpg,6,0.06029449113143178,39,-0.06914580589881936,0.04615976376832619,0.006345817832885681,0.006017365577333844,0.0059746182616471355,-0.015459676806899525,-0.014406120702358638,-0.009117917192722813,0.013343546749874119,0.01018881395873944,0.016605000252069013
342.jpg,5,0.41891891974955797,37,0.31131949973077516,0.24424512303934906,0.4480404071596744,0.44743904530954304,0.44212824816939,0.4260261322412606,0.42821470579972865,0.4305457739181876,0.45374211358626976,0.4550632622830935,0.45735825928455276
343.jpg,7,0.9537953601943122,36,0.6564828856916622,0.8089134816711285,0.7271357664306317,0.7277114797694005,0.737730087995655,0.7457697270795803,0.7440802260414991,0.7528383115488662,0.7096907860862953,0.7100741635067833,0.7046458958515738
344.jpg,1,0.43826441509265673,34,0.2679292202352628,0.21111957116287813,0.3410845865126081,0.3415404468722038,0.33926248081713284,0.34102644012839883,0.33814292313284444,0.34078549634524585,0.3514794533234241,0.35150734783287074,0.34609501914842433
345.jpg,7,0.48902862783320045,37,0.2212372377604057,0.1544335050115881,0.2669183934416678,0.2661533398928428,0.26459134239993315,0.2817400448049052,0.28408564221018745,0.2793408303347848,0.2756861553131615,0.27204309075931243,0.27366322511840446
346.jpg,4,0.05472304070418751,37,0.14059719289827166,0.09031865104030083,0.15927842565168426,0.15853938318895117,0.14781403660588965,0.15093087755600304,0.15356467467663967,0.1531825770159518,0.16017955468406947,0.1611420435323669,0.15828869358162873
347.jpg,3,0.4832233225590446,36,0.5083886956137775,0.547852635146345,0.4420802195468033,0.4418371759381004,0.4458352483611355,0.4290180322992032,0.4285415176549963,0.4286699797524698,0.407788083057844,0.4132369064825804,0.4101208408561989
348.jpg,5,0.10742574285250157,40,0.16701328275958416,0.11387846393182476,0.2209477879897613,0.21942729663719146,0.22105173143425758,0.2498836719423883,0.24476974427205025,0.2440076547656271,0.21661054614876538,0.21577946688942273,0.22120461504240968
349.jpg,4,0.22784351445053044,41,0.12102996512993158,0.09031865104030083,0.22449369083078594,0.22511397456569568,0.22367020065417847,0.19191543668228278,0.1916168563247457,0.18822504860606504,0.18714319149910005,0.18318103685094492,0.1745934246605069
350.jpg,4,0.30451891281140536,39,0.31457103055622904,0.2779542624929281,0.25696824952267716,0.2580989093185909,0.2717909247124124,0.3097031388352306,0.31315043538245424,0.321445777396454,0.2845244061656581,0.2825585718790626,0.281052121737555
351.jpg,3,0.08195819674680631,36,0.30478093533412176,0.2283526204932256,0.08103823741231914,0.08146894518797679,0.06684511551715222,0.036394457250812695,0.04020950465686812,0.035311606698407605,0.0683082761090539,0.07347569970018661,0.06769226507125198
352.jpg,5,0.38063806413103723,36,0.03154354424277794,0.059062624410804926,0.13577321874401968,0.13411334835308267,0.12644524941650692,0.19288658750816864,0.18900033935674973,0.19191465615745484,0.16656891654454464,0.15549110954730036,0.16967405513830192
353.jpg,6,0.10031266345054303,38,0.164182780621141,0.10969353815065673,0.1466088285973355,0.14973259976852932,0.15726041786661685,0.16384989891815047,0.16106204292910595,0.16895032898115456,0.1368888226370469,0.1424107786661589,0.12484694888114758
354.jpg,4,0.8992428490755093,34,0.7350544227464787,0.8224084921835075,0.8934765466604849,0.8937447027009457,0.8964346380798088,0.8984181080570364,0.90193760485978,0.8961799710236975,0.8873627958566399,0.8857171259288301,0.88519958218896
355.jpg,8,0.03846153867645906,39,0.2523832856879008,0.18043383842456098,0.11213612913144072,0.11678244192903495,0.10461943608570173,0.09998645013287422,0.11118449977238129,0.10333726762821019,0.12337706858783937,0.12826767517975113,0.11395428001325023
356.jpg,6,0.42496091774419736,38,0.6175103179519005,0.73898688244722,0.4386978235151449,0.43891665298980376,0.44329082869804703,0.4403391573191201,0.4416786391210156,0.43958710212393415,0.41687165257959746,0.4178062438906749,0.40741364157323956
357.jpg,3,0.2323820614940761,34,0.21746723348944252,0.15741149184841272,0.1238403305611531,0.12426980882367283,0.1252681739527092,0.2236053204529214,0.22199468966937574,0.21464190255585763,0.23522635321673396,0.22507416149454,0.23524116189594874
358.jpg,1,0.5712321254864542,36,0.21026128775399444,0.14899925499258218,0.4621240420414555,0.46192857985761077,0.4504437010392728,0.5650327199696847,0.5553694224713339,0.567335733171358,0.47372441891387806,0.4734791010485334,0.4747110545769792
359.jpg,2,0.09140304330645538,41,0.22777315160262546,0.17238838442383636,0.2539099904818558,0.2544688207070406,0.2561449829285388,0.23046262192414085,0.23300015814976371,0.23568540771761756,0.24712005055598465,0.24511050074647944,0.2544380459068604
360.jpg,8,0.09930110648822259,34,0.06885690671420708,0.09022034348362962,0.08382405711975122,0.08572329884235666,0.09106499902191617,0.08356076388011813,0.08507301266277653,0.07998903013941991,0.09199817963188842,0.09166549442489459,0.09899115204132647
361.jpg,4,0.03224511691243262,37,-0.14973430141908428,0.04414578446612066,0.002708012188991915,0.0029582272587715397,0.0005516882192904693,0.0016460705972116685,0.002660322934512016,0.0023504975007185847,0.01584276285255079,0.01756069625456219,0.015694096335600843
362.jpg,7,0.8003300239162688,33,0.7376525276017228,0.8263668485298996,0.8013648761723644,0.7996550032697242,0.7978385109274713,0.772845665776085,0.7673770051020742,0.7709126667805677,0.7523532820954371,0.7504433161690824,0.7473526741602678
363.jpg,1,0.8261668971606664,35,0.5294864901106029,0.5312916593649352,0.6922169045274519,0.6920343848937196,0.7190883849578451,0.7262559655422092,0.7257509914272272,0.7264451450901099,0.7027684172471624,0.6997254380415396,0.7231615363824104
364.jpg,3,0.05235523572473815,33,-0.08063056128060153,0.04588519817390452,0.015849886648956868,0.015400938696597366,0.017554762893924047,-0.008752526381689274,-0.009844265006443975,-0.003606630372620323,0.017881476545021646,0.03163287279209981,0.01920467675967724
365.jpg,4,0.4973240552621113,37,0.4478759199562145,0.382018357237972,0.3515644472349376,0.35131772871954886,0.34384251523471826,0.32286987273784207,0.32451360774163157,0.321794904317745,0.31990553846390446,0.3210944345770592,0.3102106647536521
366.jpg,8,0.3338565558944715,41,0.23555025576219585,0.17035578839766205,0.20079747456311142,0.19870376401399345,0.20803190901165147,0.1675282724740534,0.1726609666294801,0.158877269082788,0.13942451348819462,0.14467396930178278,0.1624574437113556
367.jpg,5,0.9248424678137808,33,0.7773893914520593,0.8211445553423046,0.8529808579059164,0.8501225092939895,0.8462253109929175,0.8918472990757116,0.8748958794060806,0.8841118281541689,0.9014512890779312,0.8906484631697631,0.8985709709570986
368.jpg,8,0.08852650066289831,34,0.1107224863378854,0.09022034348362962,0.09563973615884452,0.10080521883029311,0.0974454010049701,0.08857949174566207,0.09497613757319201,0.07403444452896579,0.11700102814549108,0.12541536767564185,0.12201286735382999
369.jpg,9,0.04200848658968295,35,0.13412412140898233,0.09824223285682643,0.09773250970749617,0.09789836470753624,0.09766337760823152,0.021186227200181207,0.03167664387484698,0.024376804355836057,0.03905094087492117,0.05216400943962857,0.0432178799052044
370.jpg,4,0.06655665547845678,36,-0.013978092366291994,0.05662182306211851,0.004648475700953059,0.004896088394847509,-0.005022523596673434,0.021977014298349473,0.02121335554543685,0.01832495679456969,0.015209883489229026,0.012764140337179486,0.006012971815627238
371.jpg,4,0.03691654875874519,35,0.01784998923746839,0.0634406446141155,0.07987989959173666,0.07976394780297799,0.0939132935246833,0.018738724347915958,0.016876847063869826,0.01753166110080928,0.0430290739367965,0.04682995399783929,0.05637243555918639
372.jpg,8,0.46873371604535924,38,0.43476378845253527,0.38369255979442657,0.3787470132311513,0.3770437909603842,0.3860056217444918,0.38148729888093785,0.3793577706445769,0.36841395700604496,0.3770127781591087,0.37366711136495134,0.38546404706828563
373.jpg,6,0.3040186344399391,34,0.2970617737173805,0.21055097669596728,0.24463105957151388,0.2444304763980978,0.24579348212092145,0.25760737268139444,0.25583383529845083,0.25264638199054984,0.2516623098643416,0.2515956180997165,0.2432906799015031
374.jpg,2,0.3226072607665426,36,0.16448488453583576,0.11403317596848969,0.20955066035645395,0.20773452804113815,0.20965090867607392,0.17718057641603452,0.18120973836527451,0.17866641851458062,0.22051518477584303,0.21588696172413274,0.212034630254404
375.jpg,8,0.04535723739379161,37,0.09017747240766472,0.09022034348362962,0.12714424972337718,0.12406204594358372,0.1259065075185752,0.06172169484213186,0.06571964374005707,0.06210971253061276,0.09559289444964184,0.09322017970535507,0.09500351122413964
376.jpg,9,0.6182766849477146,37,0.5656033120181477,0.6173481591970952,0.6473361159116766,0.6461420531445334,0.6388348856109851,0.662340959978562,0.6640807908261465,0.6675372373349596,0.60008714292425,0.595086754417079,0.6102246532866513
377.jpg,2,0.20381895335657255,35,0.1803448135922301,0.11403317596848969,0.17318325973600895,0.174329855917913,0.16196303466736767,0.2201534607052568,0.22064051106624494,0.21131287060210993,0.21751915727158821,0.22169602252704662,0.1935370837841937
378.jpg,8,0.03410341033142888,36,0.23413627461080655,0.17035578839766205,0.048999867337488984,0.049720647849018806,0.04660388271604135,0.023760507182810142,0.02711013379147742,0.03065667630768007,0.041617093160443985,0.0387505592727993,0.030446677184714444
379.jpg,5,0.04921374613802661,34,0.26476351670101866,0.19917508183922356,0.11316283173322736,0.1138423649511135,0.1073251119025811,0.10840050049996577,0.11190847204993629,0.10368047942759095,0.100727548289017,0.10576365116991007,0.10402088821267612
380.jpg,4,0.9263249653227189,34,0.7700302454970491,0.8224084921835075,0.9109393220877592,0.9120060609111569,0.9128148579558406,0.8836889151403516,0.890693049147845,0.8826168652796818,0.8994003673736386,0.898816909695437,0.888414816696147
381.jpg,4,0.11968549799776691,34,0.0643259686213754,0.08104644604314803,0.13337940921877578,0.1339112608500398,0.13942987930575945,0.12452141773294761,0.1219461720579138,0.1347758622142482,0.08091826871096801,0.08415402856520496,0.08936795474401109
382.jpg,1,0.12065063796139189,35,0.16915385813956718,0.11668608350343794,0.19960144713960254,0.19886986820472113,0.19392355999276595,0.1346742104687917,0.1319924130159495,0.12211379765554459,0.16895458491917317,0.16560748574883752,0.15426995986231762
383.jpg,8,0.05044152950112884,37,0.024115905732557397,0.060823839924755894,0.11406644500422941,0.1087901531768114,0.11311846159879288,0.06899374501187733,0.06892229113911363,0.07511411993817146,0.07510396762078965,0.0669577765905261,0.0638358951618611
384.jpg,8,0.05745574424156186,33,-0.01931405267778874,0.04780499342012981,0.040649684978739054,0.04076952245919652,0.04362005852003126,0.020150573465070376,0.020484470380861985,0.01663388774804936,0.06647209173041947,0.06814326551728406,0.07097601758479488
385.jpg,7,0.8442497975551165,39,0.6819193788005478,0.8263668485298996,0.7933181855751259,0.7933773308584118,0.7919283196450084,0.8219962153542029,0.8176876697641796,0.830444293846561,0.8301663667786361,0.8296260171950316,0.8246591499467613
386.jpg,0,0.563256320453042,36,0.3761852052050821,0.3252013798013883,0.3833442242746622,0.3830488395983554,0.3714285194685007,0.4417720231666955,0.4421084318011388,0.44445218237169337,0.4240650442267398,0.41231953661054876,0.4304012184380359
387.jpg,3,0.7831683105656079,35,0.4685292784204968,0.45346141044233884,0.5072271482276298,0.5060127130625014,0.49161723308744165,0.6209647321050402,0.619436368892412,0.6118078551346411,0.5630669661745884,0.5662709692761412,0.5485553791656437
388.jpg,2,0.055198020208626984,40,-0.0028462907997915954,0.059156486024733834,0.03883743317698493,0.03818385326983598,0.05024132179294197,0.017151227302680816,0.017569113618551513,0.011251232472551442,0.003105429235767204,0.009488355262989967,0.015122448369220609
389.jpg,1,0.5681753907352686,35,0.8031516538657678,0.8388715222685609,0.7426178423565414,0.7427638653183803,0.7419255123497366,0.7234987574641916,0.7238173372348964,0.7226745843787794,0.7648384298571387,0.7667509768340861,0.771198090016747
390.jpg,7,0.5832218282000238,37,0.36707887399338174,0.32401560943700924,0.4645199845239531,0.4629229985928989,0.459848828219083,0.4352302400329466,0.43766665350965744,0.43208267913487014,0.4434165675240265,0.4389736305465598,0.443530081864336
391.jpg,4,0.37649817571142,38,0.4756686698097452,0.5356324681070789,0.5677948222170367,0.56732702943987,0.5745174677500526,0.4413085218286288,0.4438888234992301,0.44524615548542235,0.4755651008475015,0.47719187206658986,0.4843408563856282
392.jpg,1,0.7381448628822047,38,0.9290946268523415,0.9392111901903376,0.8386812679447273,0.8391147062701306,0.8324862293079112,0.8087550623455741,0.8098371142313898,0.8071718058256405,0.8948281886629823,0.8960559291840784,0.8799618412895154
393.jpg,8,0.04382999333348579,41,0.1548265513981546,0.11008366568617393,-0.00572810524763373,-0.006699426177184331,0.0014206941677052387,0.07795638340729491,0.06801705086922338,0.068583236739102,0.020387233351032014,0.022803796065573895,0.02955922389769461
394.jpg,9,0.05242447315070491,39,0.18366089235666527,0.11278499585182684,0.07415956134731455,0.0751942629579096,0.08130057946434277,0.0722682414918919,0.07367137517051903,0.08529041233784898,0.06604887008533268,0.06964039680156964,0.06118106507394694
395.jpg,3,0.9658542565810375,39,0.8377148541188602,0.8571376444109465,0.9309862138104121,0.9303354339779513,0.9142861956315194,0.9976241379218445,0.9945400568420445,0.9855155052143796,0.9678615775116439,0.9597147087526872,0.9695105655983132
396.jpg,9,0.11881187966921264,36,0.1628104960670006,0.11278499585182684,0.13449372993472206,0.13612234250888933,0.13886684154728798,0.15289068016412452,0.15097619684146607,0.15358005534458638,0.16461532168341372,0.177450410103756,0.1611180407810181
397.jpg,0,0.8643564246594906,40,0.5457233569160354,0.5342618607277735,0.6548374957636349,0.6548627685384751,0.6447248600981732,0.6759191051436305,0.6757110813582814,0.6717864215584359,0.6889758513770068,0.6887883920985036,0.6912775911434036
398.jpg,0,0.20066774014903363,43,0.2658604773858393,0.22532522586400788,0.2965729479090746,0.29680021076199187,0.30345808292566223,0.2538980614820187,0.2525638055937666,0.2485159843322121,0.2794628577264713,0.28388779540718206,0.2872350732847513
399.jpg,2,0.9568206634786394,36,0.7344867968115395,0.8194997091332786,0.8879895315193215,0.8873666175380857,0.8946516954862691,0.973645815293855,0.9705241344819623,0.9614435043271277,0.9223759259958957,0.9151219147905999,0.930263180021266
400.jpg,7,0.03350218733079558,43,0.09090745676252576,0.09245949040187365,0.06328973673537006,0.06470263037738619,0.06899293659808173,0.08696791997259248,0.08796464811405835,0.09443571829798922,0.053679646514331214,0.05779559040954915,0.06636589560862902
401.jpg,1,0.13264788047243387,39,0.03196942720656015,0.07009247484503445,-0.0020718619050243414,-0.001235176651202985,0.0003077331417158935,0.033106358098356325,0.03572397308776848,0.0364824300412841,-0.0049258855347814046,-0.003934730549315951,-0.005310849416741009
402.jpg,2,0.04027294712392865,37,-0.08229055920664374,0.04710013709962234,-0.09235503893214775,-0.0900726820266986,-0.09137639344151682,-0.06609506873981286,-0.07125285570380119,-0.07631397249734168,-0.03454805611196976,-0.030240560729825644,-0.040821935250732605
403.jpg,0,0.8066630943401439,37,0.5183869748112351,0.5144128087219171,0.8320047156455688,0.8328111108175257,0.8429571375431453,0.8704229861071178,0.8692329353821235,0.8680771226803037,0.841947451429043,0.8433783101111005,0.8536829134094079
404.jpg,0,0.0464863563524332,41,0.026752791222945715,0.060152652749432545,0.07610443222561936,0.07636952786774226,0.07666069330173922,0.032438139095854135,0.03267087228221316,0.035861688724116714,0.06950329263444485,0.0694446106756347,0.07345261018949485
405.jpg,7,0.04977997863251302,36,0.052456452701320044,0.07832462369996988,0.045224228389210086,0.04487735003535201,0.04731246642165235,0.04268610646839538,0.0397085203691096,0.039459120783901014,0.03554649021301118,0.0357959928265304,0.03246994974601225
406.jpg,1,0.03759700290204303,37,0.020041871930494115,0.06203751294145813,0.0672167814039194,0.06792810668006433,0.06353666493335641,0.13962890025761987,0.13042697295258482,0.1371233296396769,0.040528418264377614,0.041678551216803195,0.0336200956185234
407.jpg,8,0.07713190789124177,31,0.07264041118301667,0.09022034348362962,0.10705582137332403,0.1085339727751333,0.1060660822963698,0.09994324206258759,0.1023120671160089,0.09945597093491823,0.05106566754469144,0.051687670599401075,0.04587928320782997
408.jpg,1,0.7858259450448187,38,0.5650673299459861,0.5731092604615442,0.7271086404173233,0.7273880015950172,0.7193736351167971,0.6989582762669655,0.6977133920026963,0.7016643779906582,0.728016847614797,0.7296718828285012,0.7230979876711137
409.jpg,4,0.15268368913645022,38,0.05026357114338509,0.07725340324812345,0.07861157018294848,0.07857240902008808,0.07302995570724588,0.049309869295738246,0.04391037138647838,0.054868752036822066,0.00624955395737084,0.00811412299061251,0.013520477434283529
410.jpg,3,0.05575820761977842,38,-0.026883808745253424,0.04588519817390452,-0.01901525161969586,-0.018396942501551217,-0.008073305265565489,0.010207923292371912,0.006389876297167085,0.001158748876338711,-0.008634135712880991,-0.014972757447596186,-0.0061910267404949315
411.jpg,6,0.09202843324209635,39,0.1407539165531,0.10067436559965179,0.0741945955965844,0.07309586642369845,0.07249467005929075,0.08313660143223453,0.08164322346472114,0.07782866991246132,0.07174037724266495,0.06644101206364114,0.055619227092794404
412.jpg,1,0.48715546907152274,37,0.36137865256237744,0.2887977454122295,0.4504690499607237,0.4501942302827071,0.4463247547490463,0.41576812096713045,0.4128249414004281,0.423218619106337,0.3522861443866574,0.3531092797191153,0.35084652754159174
413.jpg,7,0.2967202973086387,32,0.16926412307851613,0.10992061623006806,0.12305276838276744,0.12385859900608984,0.12153724240188635,0.19188539401086818,0.19321810635574593,0.19404387094887648,0.1839902340398755,0.18382741827112847,0.18364521432871897
414.jpg,1,0.44966996625427985,36,0.24561154069854935,0.16675564607080134,0.2025887553071269,0.20241801970314496,0.19876064323472664,0.20199918282729862,0.19779769758336163,0.19684189207469927,0.28056229986641135,0.2783963007222585,0.2940507691557853
415.jpg,0,0.30318032083750673,33,0.42553286092953835,0.39021824793749493,0.17698837618590582,0.17799934361397407,0.18788705624038513,0.17403995693340402,0.17580942586191223,0.1794441891801567,0.14349238675197118,0.14978811871810582,0.1459967127304145
416.jpg,0,0.11386138732161592,34,0.05224030798490542,0.07843474573306089,0.10113539618934697,0.101294255810638,0.09576888842497891,0.09771022566800017,0.09797893065793181,0.10225942065806085,0.09006971718520519,0.08730493850189683,0.09357763895825214
417.jpg,2,0.7283051803242415,34,0.6642186048461907,0.8194997091332786,0.8143234550831022,0.8142842412780293,0.8199373462714387,0.8146003363325744,0.8142210410182422,0.8048328374289848,0.7953721208349972,0.7849698627671138,0.7930109124490403
418.jpg,1,0.049638748131188994,37,0.23548148602534225,0.14899925499258218,0.06446420540232009,0.06470178270943933,0.06587660441195528,0.017327649418039992,0.020775300212169,0.022040719067855152,0.04428616059777321,0.04459977708356594,0.04935525441513082
419.jpg,9,0.05720572068821639,36,0.24658432885888937,0.18026991335862208,0.1390293802046736,0.14059202913052338,0.14712509633766824,0.06698386243622911,0.07649451616280295,0.08949330872285835,0.10497887923416024,0.10550767189309959,0.11109445270433088
420.jpg,6,0.8298592943894235,38,0.7030415297382567,0.8302449055608385,0.8142198674815342,0.8141493291298126,0.8367795587173641,0.8445519033033833,0.8443643559374858,0.8438398637280721,0.8453659393599615,0.846966655272521,0.8191240383773494
421.jpg,1,0.06355365229820883,37,0.04545956540306417,0.07009247484503445,0.10614889711782466,0.10699501472139944,0.10923057028415781,0.109114290731599,0.10948659165445387,0.10834837016396176,0.10595135640914104,0.10704448454806403,0.1160904203177612
422.jpg,7,0.07135957504463632,41,0.317716616749677,0.29403284052994016,0.10672085525071437,0.10695920450069057,0.10874793065009455,0.13088843350515503,0.12982182150900992,0.12118145809177247,0.08783037089167692,0.08573963637673102,0.09909099135136573
423.jpg,4,0.17707540038734293,39,0.1841576637453044,0.11542028892925937,0.13393829417833925,0.13335969514409277,0.13585742209791868,0.13282657189412267,0.1345499915456101,0.14019640644681267,0.14115373638517897,0.14513345784338472,0.14600208036808987
424.jpg,9,0.04830077603912434,37,0.012992366682243794,0.061856093146539746,0.07155176235597308,0.0730780877182966,0.07970357764885119,0.045020320443795114,0.051027757268899604,0.06814631300118096,0.0519709223344034,0.06110693636636488,0.05152610426973797
425.jpg,6,0.04252348311293202,39,0.08909619611736785,0.0905351674444794,0.12181860061109495,0.12343522793453662,0.1169421170279353,0.12885964432687738,0.13067680772514476,0.13119830293408097,0.07072114106170663,0.07712940014971792,0.08058331794147879
426.jpg,7,0.06011315460449883,35,0.14924707389969494,0.09986975099713806,0.08431296238449912,0.08589633504859012,0.0851413730106057,0.11275672241311818,0.1138754149458879,0.11110960281121313,0.056489922507130474,0.05936370163725482,0.05379001213074669
427.jpg,4,0.10286028681892073,36,0.20725137851383146,0.1688615547697128,0.16900842619613726,0.16846458193331915,0.1722208513090413,0.16400939979015297,0.16776927524056262,0.17337559734733757,0.19479458721814932,0.19880884847775782,0.20107366036500315
428.jpg,6,0.07265185900787646,37,0.056606027177672824,0.08062979660919803,0.18905401392842258,0.1920901618094565,0.1867780608499539,0.15289226150448493,0.15258913771316968,0.15246229440973033,0.18461364069288277,0.19333025641805338,0.18777379004645053
429.jpg,9,0.2798332480566674,38,0.43986734008900014,0.38955879196305554,0.380759322502662,0.38143344999359774,0.3794487708930637,0.32706910386336513,0.3321954132891811,0.3257190147937551,0.3551687629289939,0.35584209833639935,0.35664939900854215
430.jpg,1,0.06380638169745605,36,0.1432518378072103,0.09782522074322003,0.14217583066132305,0.14292292544347013,0.14511014443273657,0.15113464839637533,0.14282160682800787,0.15172317151661271,0.1306356035504066,0.13176228806192372,0.13734495568355673
431.jpg,1,0.7712871223688126,35,0.6279640269998447,0.7554086199901437,0.7072063049053924,0.7077824110828962,0.7125184954054514,0.6659604243756425,0.6725524877592093,0.6733437241628325,0.6532620250836612,0.658441643492118,0.658567872013516
432.jpg,7,0.8655750056107839,39,0.5687230068421472,0.6284078276900482,0.7484625902618812,0.7463774900459725,0.7405979026682399,0.778744755774575,0.775675979709044,0.7736613623111515,0.7328831255714383,0.733210871234667,0.7347317263027884
433.jpg,9,0.4592959312980788,36,0.3187467969749539,0.2817759203420918,0.4856381325992877,0.48499518832335115,0.4797144816379157,0.42367769364473784,0.4263075245878881,0.4295791360726583,0.4904831380303825,0.4877174134298331,0.48786902000368676
434.jpg,7,0.1388613868970424,40,0.37962364128373394,0.32401560943700924,0.16450325665962712,0.16371179295850713,0.16013556433771492,0.18519404852478413,0.18201936504488328,0.182548133563998,0.2212086282479198,0.21721395240148078,0.21703497640994207
435.jpg,8,0.0832847994615269,34,0.26155538421011554,0.1830098341587011,0.23748440596310336,0.2398930992282667,0.2368212982641814,0.19743463423696367,0.21019675830753085,0.18837552363207372,0.24373915628056503,0.24240550235495012,0.22885729211659248
436.jpg,3,0.15560609849824295,37,0.22369695461646766,0.15741149184841272,0.23111162132599844,0.2311428620825277,0.24259651470111748,0.2560603553561915,0.25546797730773924,0.2644068826207369,0.2595192658775125,0.26683916611203795,0.26218252892888627
437.jpg,3,0.22153465294104535,32,0.2090134326476497,0.15741149184841272,0.22849404192770023,0.22856333830605724,0.24019056947278922,0.16373779199959404,0.1663118764696463,0.15498432179550464,0.20153284327449428,0.20745136828923016,0.1967172001381047
438.jpg,2,0.06486417876126674,39,-0.13252900333809414,0.042150377768202005,-0.06538657017901967,-0.06418254277445251,-0.07936249635408821,-0.07218323602223742,-0.06998042397566945,-0.0728409949009114,-0.04536501269848153,-0.045783525876891856,-0.052310800128636814
439.jpg,3,0.9389438794718848,36,0.6988099321075916,0.8271674701275742,1.0185330710510434,1.0191350748270878,1.0135981954645192,1.0384739106427463,1.0397508730824712,1.032453046655496,1.0243729332598945,1.0184145389494814,1.0267414117626492
440.jpg,8,0.061956196247289576,33,0.1526739126441501,0.11008366568617393,0.20068821426380737,0.2024704621194427,0.20252141142519173,0.16330472584051506,0.1634804124651747,0.17127379565029016,0.1589027915390077,0.16636057077002592,0.17120377332369172
441.jpg,8,0.102585258298657,36,0.03524101628361287,0.07720480173154516,-0.054301241671739275,-0.053299680083629675,-0.051132365423586124,-0.011452576073908316,-0.014600051695225158,-0.012416127228307983,-0.09696028243870103,-0.09343682590804808,-0.09327172277069307
442.jpg,1,0.04164240017588086,34,0.10928277424292099,0.08696600077595058,0.1683311585182033,0.16893023979332927,0.1652225576163338,0.06282483389812799,0.07385334709900312,0.068264838108207,0.08410352871601423,0.08847810114319908,0.08865729651256818
443.jpg,1,0.3741616116265856,31,0.48377437409669155,0.49436208033624107,0.6549292723314686,0.6535569735465905,0.6532920292769224,0.601124452378806,0.5990569561720629,0.595249623077267,0.646821650588967,0.641733128587313,0.6302703858344051
444.jpg,1,0.0717114561503487,35,0.012094924880806213,0.06203751294145813,0.0076052745782639875,0.008470443067564226,0.00768608139684851,0.008007300175874144,0.014423767941121046,0.01453312151763042,0.005501642787753308,0.006840648754775136,0.005658873941522868
445.jpg,5,0.08475847632595987,33,0.021604500988782194,0.059062624410804926,0.08471636570006183,0.08131278369219785,0.08345314208829843,0.05101129327691584,0.041481934776152474,0.03384381067707182,0.07525809478296969,0.054305787990630655,0.06933391609614623
446.jpg,8,0.6316831627860665,40,0.49108524140988674,0.4809193335538279,0.7555937761854246,0.750015261213123,0.7468009670753506,0.7912402521056687,0.7854729657825337,0.7882487501026393,0.7579758775832397,0.7517219492097689,0.7583690457594996
447.jpg,3,0.08800880076725864,36,-0.016157627129585017,0.0506860908242286,0.07507197001629659,0.07508842159273896,0.07294238109672693,0.05999454994155884,0.05733382789711097,0.06232704669610978,0.1174486432850007,0.12844789100578727,0.11519749866630409
448.jpg,3,0.16144114427475464,36,0.22668648899081678,0.15741149184841272,0.21813086219804,0.2183182117108387,0.22703731849053993,0.18321138766926306,0.18345002317157544,0.17184177364055164,0.2032312004487312,0.2056002382349617,0.20552755473841205
449.jpg,4,0.22249725248871577,36,0.2893500274990203,0.209303890086277,0.31589941589625,0.3158542152793738,0.30682934195333644,0.32795778470007636,0.32839944305770463,0.32882271998657636,0.31689889496826884,0.3186753733950745,0.32705103146850034
450.jpg,1,0.08470847056661215,36,0.16772702887867053,0.11668608350343794,0.1451088097888386,0.1451350354892839,0.14716520005875455,0.08222834568245482,0.08836159402476046,0.08544026283705847,0.12095278467605428,0.12237420059008182,0.12927112890020862
451.jpg,5,0.14486711795784926,38,0.2611098192625952,0.18559673401908236,0.22440411793166862,0.22675562312477573,0.22364621676082,0.16820116899891477,0.18164901979879877,0.183190909732759,0.24295236610046272,0.2523341019322818,0.24116359464130335
452.jpg,2,0.04483734093872564,35,0.15561281633611979,0.11403317596848969,-0.010838372456846546,-0.0082876276604395,-0.005076552576851301,0.03807104143641432,0.03673625254508156,0.04326249806214588,0.003759730341287487,0.012200758017516633,8.514207527260398e-05
453.jpg,0,0.6366336601919361,35,0.41347614854594184,0.3252013798013883,0.5848147284735883,0.5841791469651683,0.5802575968557846,0.537695589132596,0.5349870613816713,0.5580758728269857,0.5501156778582124,0.5552902146147336,0.5515023686800743
454.jpg,2,0.9247766068068947,41,0.7475991639762498,0.8194997091332786,0.8561864789302456,0.8505203261941046,0.8525094365193314,0.9162628686689076,0.9146145075827273,0.9149669090716339,0.9539749187773723,0.916964909923235,0.9677249435426314
455.jpg,8,0.6140028262111757,35,0.5723302763044543,0.6286787660004344,0.7015091122444345,0.7039934582820959,0.6952842046610033,0.7163310384944288,0.7167626921377874,0.7260030096303886,0.6845059988340135,0.6882249774938232,0.6740405901627202
456.jpg,9,0.5860836076188005,36,0.7478566369215709,0.8302564021486892,0.7186311460944566,0.7182242666901659,0.7149135001598328,0.7687295453670397,0.7633892398332098,0.7495802607551414,0.6777099164097384,0.675616808434796,0.6799254647520097
457.jpg,2,0.2654015407509481,36,0.5861433169629616,0.6588988490755896,0.3638032198167206,0.36465422535284364,0.36797736481528526,0.3725313622987297,0.37271598500670367,0.3740165993044111,0.4103051929263364,0.41749269031408076,0.40975779219505837
458.jpg,4,0.6922876447022549,38,0.6900382701495411,0.8224084921835075,0.7660212323902192,0.7662435525580453,0.7615296493800943,0.8332371959683489,0.8274327366818933,0.8320005718245063,0.770172679380128,0.7664971964816281,0.7569786218738463
459.jpg,8,0.07949912797330934,34,-0.09273243667078057,0.047032444124202745,-0.03140687379370555,-0.03070165480241549,-0.04747650281787191,0.062243860258540534,0.05881003556385203,0.06530059316248024,0.036534498277021515,0.040123540737328434,0.03213291408603017
460.jpg,9,0.9173417217803724,33,0.6398834494221866,0.8178174078791465,0.7732945879987027,0.7729786104754507,0.7806170173777249,0.7873117993774223,0.7847303930207041,0.7797534798725316,0.8027585644007618,0.7895371218404519,0.8168619035071913
461.jpg,7,0.06357477925178644,38,0.10430387446922129,0.09245949040187365,0.08584038787076673,0.0861679256114447,0.09458315337450385,0.0691829216982848,0.06884935756098323,0.07254947849138038,0.08631535742346694,0.08549168248192987,0.08906569248063813
462.jpg,5,0.143855561474886,34,-0.11282067928221118,0.04435740758591622,0.04781181678218882,0.04545595741609604,0.0522861562997442,0.030016124701564728,0.0074702917931107615,0.016389708246356494,0.04414019710431169,0.019547761169639077,0.03462863542150865
463.jpg,4,0.03861386175932629,35,0.0011179668212722982,0.0634406446141155,-0.03695259954494656,-0.037152835425606934,-0.023136833582463046,0.011214813337832197,0.009466737279375581,0.01663702650991561,-0.0013228839536616188,0.00048646067954111194,0.0038376840747348095
464.jpg,0,0.056930692750029266,36,-0.07530059266703504,0.047137475622535334,-0.019172748913937332,-0.018578377858665285,-0.016853261393430408,-0.00673537432536947,-0.008870053131524669,-0.005382955444542148,-0.005483402946497212,-0.014470284626089014,-0.0007613258800819867
465.jpg,0,0.07243356074353582,38,-0.12079317682800161,0.047137475622535334,-0.04562199479971912,-0.045927012987123816,-0.03991474398356282,-0.014531669654381296,-0.016122404240479782,-0.028138991494772003,0.012610851266893763,0.007810446862715814,0.01577535990023063
466.jpg,2,0.09950495088705794,40,0.2507978634351608,0.17947616864135016,0.07276075583604308,0.07262598887038976,0.06374393971443651,0.11953896763934849,0.11682713329540181,0.12109086307185993,0.05812572050728107,0.05582360609538023,0.04718480414862816
467.jpg,3,0.8392545002759161,34,0.5697214473989315,0.6125893607100957,0.8659381717683088,0.866534824284682,0.8778639324241312,0.902932624243137,0.9009006258156618,0.9025118204583296,0.8916697071215012,0.8893093089037529,0.8977936216111602
468.jpg,8,0.14799374759834455,38,0.06237542686534958,0.07720480173154516,0.14855510901060698,0.1465846322438205,0.14970600412462115,0.14082455294136084,0.13907001411174347,0.1271114946869123,0.12634295687630495,0.1329114180034743,0.13883352538129742
469.jpg,9,0.03778009446288802,38,0.17763103299452743,0.11278499585182684,0.17269240720155865,0.1720579624053307,0.16640031055953547,0.07761961644345314,0.08426713388021956,0.0759515440733402,0.14967482949570965,0.1493013899082864,0.1430458904222255
470.jpg,4,0.368878781833258,37,0.48072450968526415,0.5356324681070789,0.43169213251675675,0.43176708814665954,0.42545615910001006,0.4699795958779782,0.4726888109015648,0.468243707638343,0.4192989762534088,0.42482986243325044,0.4323792355582703
471.jpg,4,0.0670567064433161,33,-0.1225976280321287,0.046074668289470995,0.017088913283805796,0.017505577853273974,0.02874250393339839,0.0011327985608168278,-0.003704221788288997,-0.0028264804630944718,0.017469811041723987,0.013500658284738953,0.008654259748570287
472.jpg,7,0.06156384915065689,39,-0.00591196791897608,0.06188151602676304,-0.03721662226148076,-0.03709208450475038,-0.04416967573919284,0.02481885382263027,0.023204873411974802,0.014389797142999039,0.017326115687522764,0.016139955784614968,0.006629555201052739
473.jpg,8,0.26470588012050617,34,0.4120531370760371,0.3494641751312002,0.35321062284065907,0.3567771406043377,0.3403497873739314,0.2562113937581558,0.28517266432465865,0.23936532694221602,0.3834659890617127,0.3804287426592278,0.3658246550415427
474.jpg,1,0.11764705952202134,34,0.11364210464178637,0.08696600077595058,0.21375264997140894,0.21385250209279086,0.2206894358469486,0.16841191315977305,0.1754739166910598,0.16901382130308468,0.20544529950006432,0.2051971958872632,0.21890667798723348
475.jpg,8,0.9202096506487578,34,0.855107810590877,0.862209267292311,0.8766868086844827,0.8727181321564029,0.862052271204664,0.9217692173632707,0.9220817667958421,0.9240704391801504,0.9122739457619744,0.9058622069567106,0.8995777054819765
476.jpg,6,0.4921992221480292,33,0.49513254386643013,0.5306168221636097,0.4377169216408733,0.43589332298061445,0.4334571239173758,0.5244993030072721,0.522864873931401,0.5194003465317318,0.4749899755588736,0.47040913202013857,0.473012602479021
477.jpg,5,0.07238426428237879,37,0.04432876106054939,0.07956274420352492,-0.05930757477614046,-0.06047226953181972,-0.06000880144074244,-0.039786779599736644,-0.045714211510384295,-0.045430836871213354,-0.02944264810654587,-0.04190882756868003,-0.03949191224924822
478.jpg,3,0.0646103077615874,39,-0.04370060889970773,0.04588519817390452,-0.12980408736512378,-0.12973821384238232,-0.13560287892224643,-0.08224013205582026,-0.08504511392767228,-0.08959644963971286,-0.10389193294566013,-0.11073862680621283,-0.09904246226505409
479.jpg,5,0.1763790689541825,35,0.24010671380513543,0.18559673401908236,0.26148611692074064,0.2606988698419802,0.25717162614247163,0.2750190083127453,0.2774110538590966,0.2692069363661659,0.27404257854352143,0.27081289815457954,0.2754802525723907
480.jpg,2,0.14472917871385374,34,0.011622070775256343,0.059156486024733834,0.10625935169033002,0.10860408697694673,0.11506796608868741,0.08640971259933525,0.08888823588970263,0.08899107095103823,0.16760449380995235,0.17680476092137565,0.18130972822872096
481.jpg,5,0.9178800092023962,34,0.6988441698697073,0.8211445553423046,0.8965926731296716,0.8996706876865905,0.9033574357604474,0.9202724874546742,0.9146545937936019,0.9174337204734164,0.885901055075089,0.8953685112026248,0.88780175409063
482.jpg,3,0.22588401823969825,35,0.14759512217349846,0.09343298057992042,0.22445407243552384,0.22457879634648206,0.22044759420055987,0.2586942151657019,0.26165307361505136,0.26881827260141355,0.26602337157033185,0.2669323954158893,0.26625458908140803
483.jpg,7,0.051430143855719104,36,-0.07540923146287914,0.04675982649611991,0.019981007287399932,0.01886842077925127,0.012764842518602382,0.024840894657453205,0.02459110035747958,0.022796865694968027,0.02195790159747163,0.02329101365893177,0.029490633085366952
484.jpg,8,0.03663366398374949,35,0.05762166681712744,0.07720480173154516,0.16087889994738713,0.15457274676408012,0.16925485914259977,0.1401222999247014,0.13364127796493339,0.14869051569495728,0.09159276695092158,0.08381770231405543,0.10447231011058523
485.jpg,0,0.5034034649142995,32,0.513883119691102,0.5144128087219171,0.5700725720195918,0.5704598506752718,0.5665476709214359,0.655547608564531,0.6561228051774752,0.6611812366769431,0.5772389079621565,0.5698715997655541,0.5940448120652728
486.jpg,9,0.16565117945608038,39,0.06299024972040734,0.07888092093988094,0.32182158128158467,0.3203851872951649,0.32449488848170704,0.30006644321321213,0.29421389674238335,0.2806342842829232,0.31790724826433847,0.2949951886833244,0.31744328025049756
487.jpg,3,0.21117397417713488,35,0.28725752303435725,0.2283526204932256,0.21110793711283074,0.21257101130278377,0.2220919080014459,0.24683206619960957,0.24119022298892168,0.23724469659649225,0.20282180447737896,0.19314818459539293,0.2152092971926738
488.jpg,7,0.0684818484975646,36,0.01672109589310411,0.06188151602676304,0.047296745256199924,0.0474389368220324,0.044747381374900336,-0.00810674256180366,-0.005871892868017925,-0.01965446350956712,-0.04984413848222513,-0.04599144561381227,-0.04695214264339792
489.jpg,0,0.7793684692398922,37,0.6111102647043202,0.6614512696456225,0.7060491205080149,0.7059648847685358,0.7062305661088961,0.6920677283824708,0.6925785737910988,0.700808756677789,0.693063016578422,0.6999996953509885,0.6990012887004018
490.jpg,0,0.25866336659528316,40,0.4523628364678242,0.39571840209761844,0.4808371533899569,0.4815609187797665,0.4813836282327263,0.4894956224747024,0.48464844193594586,0.47564853244491284,0.5267902166074343,0.5167871637594033,0.5303396837043926
491.jpg,5,0.7732673206499645,35,0.64929699689168,0.8211445553423046,0.6852756376891205,0.6847974980784328,0.6864058370934156,0.74396940670853,0.7329597558282785,0.741990838232393,0.7544353720186141,0.7500164520819044,0.7542763729710391
492.jpg,9,0.12188921734136907,37,0.1898447318970592,0.11278499585182684,0.1167723555250274,0.11771619851084064,0.12887266458559488,0.16544101359428376,0.16497546950736225,0.170731161053487,0.10753597520342112,0.11059680384753483,0.10547576043200296
493.jpg,2,0.058030802329691746,36,0.24321031052650138,0.17947616864135016,0.24352288471417993,0.2472765443406759,0.2329232367372715,0.18282278261714843,0.18558488179722812,0.18907086797743786,0.19401610006246958,0.20712975857588642,0.1897169196108547
494.jpg,7,0.7681518060465654,36,0.7042342327037964,0.8263668485298996,0.6408204198790289,0.6403386211845672,0.646898449287205,0.6564373471695379,0.6499006784994581,0.6698368132558632,0.638011605674977,0.636318819282808,0.6340781922792705
495.jpg,5,0.9341433996504004,33,0.6316925031261029,0.755329325658379,0.8872396806273513,0.8864684777006206,0.8969919502110607,0.940229508886969,0.9247564771303618,0.9315712207803946,0.9093532728554041,0.9002624567464802,0.9051899163167796
496.jpg,4,0.07123212221389015,36,0.16405793688207337,0.11542028892925937,0.0231519144404497,0.02327535574655626,0.028604056406573153,0.02121115482593977,0.023118834227871754,0.01268791159877447,0.06070457644633526,0.05909786239844772,0.06414983265730562
497.jpg,2,0.7387552955720041,35,0.7854367023631638,0.8194997091332786,0.7970824237852203,0.7910772116207362,0.7871455574849345,0.7627146575807118,0.7686531250648618,0.7789875908287424,0.8540168482605979,0.8306581925004937,0.8592071970619517
498.jpg,7,0.29395236592186064,37,0.40046298875799746,0.347208692918404,0.33660427251029423,0.33624238646339155,0.3324543465034527,0.41623394521581547,0.41266665507384664,0.42239128701673084,0.3630523896523532,0.36459060219801853,0.3641261548444096
499.jpg,3,0.12135402616616842,37,0.32802038197755784,0.2988385305882715,0.2545977420472129,0.25510185801268687,0.2593657159223481,0.23649850882494183,0.23213185612198517,0.23597031448588857,0.20213994411801692,0.20637271412432476,0.2068707307688847
500.jpg,1,0.32152162880734786,38,0.2521329910385999,0.16675564607080134,0.29652599105308614,0.2957263918351647,0.2928050832459919,0.38401766276937965,0.3738599873402093,0.39130855766023326,0.3051348031616362,0.3019600988681039,0.31738513696177423
501.jpg,8,0.22277227869710406,37,0.5355976866618669,0.5713126426728715,0.4417053615491661,0.445009291888709,0.4400006343601163,0.4251488597235563,0.42667604580496427,0.4218631883755407,0.42877416685835684,0.4358451689981505,0.4289216975680379
502.jpg,2,0.5014560208108056,34,0.39530716558807616,0.3218420247711985,0.48253644171235066,0.482240665917694,0.4815285912798666,0.417861810369367,0.420594087808313,0.4237444860568975,0.41465503863587166,0.41919599943998753,0.40285126604461785
503.jpg,2,0.10425160021302016,34,0.2954292479264186,0.2279942647802445,0.06805441253112088,0.06642421845486432,0.058093969629993636,0.05370362531053047,0.05474579729236062,0.05396998454174401,0.047813623502205804,0.04246335016888253,0.031088165770287696
504.jpg,4,0.05155759528506457,41,0.15486612375639763,0.10610746766759253,0.02915022612157281,0.029229883084269576,0.026642008499676156,0.0023228568631239455,0.0038967243270340846,-0.002656913510742709,0.05114366682164051,0.05514887221125456,0.06464687015297305
505.jpg,2,0.22143430417604945,37,0.08281960228368102,0.08220653567574492,0.2490466960633552,0.25147358497835853,0.2432684747464356,0.3137535098338983,0.31171242263700144,0.31179141044291164,0.2665438681624082,0.275024289879621,0.26372777215020915
506.jpg,5,0.0666195190511644,35,0.1140235804142179,0.08505280299375119,0.27794014080049273,0.2789104960969089,0.2739656830749841,0.19664002029478805,0.21677117474385485,0.20478846335529793,0.25444469197108943,0.2501345691163451,0.250363955903975
507.jpg,1,0.24504950258415192,36,0.23265803199875973,0.14899925499258218,0.22265860244241473,0.22341259315686793,0.22650736588851267,0.2554654353964635,0.2564157659970692,0.2637153369879604,0.25468757473105885,0.2555335934266821,0.2594435532710476
508.jpg,7,0.18238665864459777,38,0.3538563195972185,0.32131502585496047,0.25361888731783855,0.2535727032635143,0.24538305760034734,0.19480037667531797,0.19696355404625465,0.1887308615268088,0.22110111708315786,0.2215662157732627,0.2234529729617634
509.jpg,5,0.18957483910900705,34,0.11320521470740874,0.08505280299375119,0.01908705724282528,0.019378854386663036,0.022052595202943892,0.02742161300972973,0.02500872592171277,0.026952952797151264,0.05834491280328827,0.06052425836382047,0.055861981734222965
510.jpg,3,0.19108910660392472,35,0.10362319886905624,0.09002553482947455,0.09951070575392018,0.099660793811855,0.10702511370557297,0.1497315608828208,0.14594688627858177,0.1533998017836726,0.1732842890214022,0.17176707832474164,0.18061810003381343
511.jpg,9,0.915038787029885,37,0.8836134709535808,0.9071087710740307,0.7900865135061671,0.7910103011529511,0.7892517240687704,0.7885954212206125,0.7850950052229999,0.7853920669199002,0.7767260140334644,0.7838472055432677,0.783856830709864
512.jpg,8,0.5002750247432333,36,0.1563304171237726,0.11008366568617393,0.476617232270357,0.46896259289717274,0.4756884250743526,0.5108659418052587,0.5015878071050617,0.5106198770720053,0.4655818219405489,0.45726159956878104,0.4653494723094279
513.jpg,0,0.0504415306464039,37,-0.07482664453335541,0.047137475622535334,-0.01658522577454119,-0.016802912865058472,-0.018717538380079668,-0.008866549833053516,-0.011147030110700007,0.00026791168306766755,-0.023897099839048974,-0.01855975949133859,-0.022825410047535355
514.jpg,7,0.0915134351035314,35,0.15339104473311893,0.10992061623006806,0.044293645078392535,0.0438356220682635,0.044220647269516966,0.019197889254325695,0.01905250177926121,0.029164313869584124,0.038977976616828613,0.03951727923901513,0.035092923650711566
515.jpg,9,0.03564356475835666,40,0.029487852270449144,0.061856093146539746,0.051821442306380305,0.05125308374763818,0.06525216182498289,0.07238443464948838,0.06419394890935964,0.05517704043397109,0.004560552388481881,0.006073709339262184,0.030403221585577705
516.jpg,9,0.06675667576774051,33,-0.07814826886311865,0.04396160951719659,0.024065193719707945,0.023976117607321712,0.0249626091597073,0.01328952030309749,0.009146670662193324,0.009579463294106805,0.024934284218462388,0.02094464029190965,0.02043239035675501
517.jpg,4,0.06231799687478034,34,0.04714086602044487,0.07725340324812345,-0.030251183946912952,-0.030378741870032422,-0.03105460602469784,0.0046330399124651644,-0.001625784599289637,0.002748938508863097,0.008594809892243038,0.00854855128791343,0.009971533839072594
518.jpg,5,0.10973597336043087,36,0.30213156980337874,0.2189167564273336,0.2838224368337748,0.284603076113928,0.2893209606790902,0.197105600525167,0.20689280624515993,0.18397831991578095,0.2606440155141571,0.27360766284337684,0.26056770760729064
519.jpg,2,0.10717821741709485,40,0.09980055479463945,0.0838281791445372,-0.009053690129018355,-0.005357018607374975,-0.005136961669563511,0.012027705866501703,0.009298660297974548,0.007071245581966368,-0.021381059451938633,-0.016402698281190148,-0.014880802179291552
520.jpg,7,0.0994889804973237,31,0.13197623109786683,0.09245949040187365,0.07574958739786325,0.0764526573446826,0.07398789420609975,0.06788273503200429,0.07051779241178394,0.06922014815993838,0.01714379725155718,0.021927856946940105,0.027330485406057398
521.jpg,2,0.09900990123343137,36,-0.0072577400783440105,0.0537134385173546,0.08275582920473487,0.07962164792938878,0.07966250068793007,0.08729640388880117,0.08717815419046296,0.08558709365474301,0.08619502126890123,0.07658708112953688,0.09128692194939529
522.jpg,7,0.1213540292621867,37,0.01726814261740728,0.06188151602676304,0.026296306414773873,0.02616845224039832,0.03027435036979767,-0.013958962956630017,-0.011833461787366883,-0.008846630764271113,0.010146189899379515,0.011069463071731622,0.013314914186741494
523.jpg,6,0.08048090626086507,35,0.12256691700882427,0.09350601973726523,0.11499533053109598,0.11437978791660988,0.10918933149781451,0.11693623378748177,0.11646208392205845,0.111049131362602,0.06247598801537853,0.05670206210104703,0.06312004658743726
524.jpg,6,0.0478547862989621,36,-0.05148272544442478,0.04615976376832619,-0.00027544715549482346,-0.00230831231478712,0.0017131359480602737,-0.025387648396877238,-0.025450916946077262,-0.03143937740139946,-0.0034192740921002163,-0.005455549427608564,-0.02419292517400015
525.jpg,2,0.809330923130002,33,0.7930090493101128,0.8194997091332786,0.8040713224478103,0.8082645777849977,0.8143425479949267,0.8082199220636218,0.8093444250593853,0.8058643452136736,0.7654465430010938,0.7729761541990802,0.7692908217484333
526.jpg,0,0.06729997236382317,37,0.3203579660581322,0.3054483271341984,0.0987350893817669,0.09851706654255257,0.09699514128712367,0.10766581544741397,0.10645929778691815,0.0996360858836868,0.09819835892963541,0.09831322037256754,0.08271448988608097
527.jpg,1,0.19832920675980859,32,0.041343314563083045,0.07009247484503445,0.08148545959639478,0.08265689750999439,0.08511238087331824,0.055819548873042524,0.06398794495654245,0.06496108520872634,0.10691743440624449,0.11054935091286096,0.11409987491977722
528.jpg,8,0.3453698303166996,34,0.2443228795797463,0.18043383842456098,0.4174568333403075,0.41283038389810905,0.4141435572944008,0.3817129057112087,0.3748086193999586,0.37489644665651684,0.4760726351520315,0.4563465450843802,0.4669914686132146
529.jpg,7,0.60279557569062,34,0.2646313858683101,0.19584764884943417,0.347355904533658,0.3468166037697103,0.3459206275245012,0.3987795071787381,0.39878003664849815,0.40115245873260197,0.3424898996485005,0.34121188594351526,0.3503416821670491
530.jpg,9,0.0657708637682455,35,0.06980160819385195,0.07888092093988094,0.08520306359699115,0.08557658772210383,0.0879567482725234,0.1142023646679827,0.10993091104211472,0.10855523070554124,0.14068098670086235,0.13471631640676723,0.12884613130854927
531.jpg,9,0.17864215174423798,35,0.10108200760521702,0.0885016885813247,0.19284791013123068,0.19368555393902778,0.19773160529229572,0.13722637466498222,0.14175488008442885,0.14951551278541714,0.1575973284158431,0.15787136001828816,0.15733018005459717
532.jpg,2,0.4183837292917274,37,0.3631816301756409,0.30679832689836817,0.4198385394473535,0.4228526800870156,0.4251569618416885,0.45824058886420715,0.4557071881923743,0.45524597260299826,0.4310236792902813,0.43223292954572323,0.4330255712433711
533.jpg,2,0.06562579180806494,39,0.18668159290589115,0.11403317596848969,0.14853738036672215,0.14906442719590082,0.14315006877059414,0.15119328669807452,0.15118727856187367,0.15324800466699467,0.16828200301223384,0.16337644194234174,0.16806945934124298
534.jpg,7,0.09507489126796524,39,0.14086366926019767,0.09986975099713806,0.12703008470293192,0.12700444004642344,0.12454564753539482,0.08926709815749653,0.09202495630342658,0.0795717208851082,0.1090543667444568,0.10875628423839484,0.1134430190854392
535.jpg,5,0.162517680414021,35,0.14129051312697005,0.09375199361545665,0.23351396251490383,0.2311753632231583,0.2256359944426356,0.26717587389653735,0.26360742810479576,0.2564599119000522,0.2640151916467123,0.24664109826590166,0.2622577334504876
536.jpg,1,0.5861653673865304,37,0.36570272587584046,0.2887977454122295,0.4207697705766785,0.42139853055769655,0.42084100212332726,0.4913074897531804,0.48253865315398203,0.48724513066382763,0.49893943804682056,0.49860939651934827,0.5021202577921805
537.jpg,7,0.04865974455890132,41,-0.13505296058848348,0.04675982649611991,-0.06199418335033363,-0.06169635247317978,-0.06018909088040719,-0.0015556716607937338,-0.0016807842906397252,-0.007117407280530785,-0.06505920174134439,-0.06768970854615225,-0.0670951653469839
538.jpg,5,0.06490649022938062,36,0.05130980027893106,0.07956274420352492,0.06933490982774715,0.06890252480650905,0.07721926374933222,0.08060574441897791,0.08264127555666578,0.08292987452966846,0.11311439792368061,0.09702093893421151,0.1046545810634565
539.jpg,5,0.08211997619775288,34,0.10633077766616827,0.08505280299375119,0.08821371852288606,0.0859315310362132,0.08653079397774796,0.09304763370342542,0.07036554411830606,0.06863806732199029,0.11140363238502221,0.10778780049851257,0.11313104423412018
540.jpg,3,0.401272982172668,35,0.24528881086030913,0.1616590991434552,0.24958357294471797,0.24890584745457328,0.24054627838980286,0.1942300290134926,0.20097765480220822,0.19789805933796492,0.20283277269706126,0.19790566046293254,0.20149747356458012
541.jpg,9,0.4442417905053222,38,0.29350343677621926,0.23143298266791631,0.2574506621072644,0.25795950237266846,0.25499351814259524,0.2633741000247448,0.2584222203344142,0.27041654936694837,0.2415626002321195,0.244254645823092,0.24166038690498196
542.jpg,6,0.04180418070043541,36,0.14674339345453746,0.10393115194381977,0.07253594872917365,0.07407997977968397,0.08036813144213145,0.06600868102909055,0.06554954440051844,0.06259919522314356,-0.005738501192376788,-0.0015519248367679428,-0.009164369846699494
543.jpg,3,0.1588172317935607,37,0.23841338377336152,0.1616590991434552,0.20305578392897627,0.20275926701561747,0.1995331197924462,0.1300195495527355,0.13143133894828926,0.12882392521321748,0.18599891667123936,0.1878571454129831,0.19124191689087594
544.jpg,4,0.7703731801265326,39,0.8008515252314138,0.8224084921835075,0.8261629972580536,0.8259617343778973,0.8255839735536074,0.7853006556610334,0.7887224807029173,0.7846340190968877,0.7913895475880828,0.7964034433365534,0.7904398298999304
545.jpg,1,0.12291372001969389,35,0.2492486283148735,0.16675564607080134,0.19511045219139928,0.1955551004036505,0.19693238791111717,0.1744682579699693,0.17588224941611935,0.1706479583103028,0.20690994110120134,0.20662011834658844,0.2041498876946294
546.jpg,7,0.6924868932076018,34,0.6958107775068083,0.8263668485298996,0.7611921347052195,0.7617171461549158,0.7760284195295142,0.7786359808384518,0.7791164130441471,0.792894689726753,0.7269645350892939,0.7299847478883361,0.7297294337717342
547.jpg,8,0.4083523741588952,39,0.32783649050067737,0.2705656963702694,0.2708919746116261,0.2725383548020299,0.2709334670444882,0.22111156283346992,0.22812754244798067,0.22999048042412362,0.19339882382362547,0.20386128192131941,0.21201848850872596
548.jpg,3,0.39991971978766694,37,0.36949872127438066,0.32974927925934716,0.3239575321231808,0.3245792119388849,0.3193658149299963,0.3183108525370433,0.3207383731622327,0.31796849179858383,0.35020331771713087,0.3514141639209326,0.35169654929333993
549.jpg,0,0.5374037401957644,36,0.30885557769020083,0.257646747629909,0.37334277629907003,0.37354028239098663,0.3805904704826217,0.36034729109906827,0.3590352457885452,0.3525768108725814,0.4092730068571957,0.40892415804609694,0.4100332869827917
550.jpg,8,0.09888296591070218,39,0.16548581094357684,0.11147243874180873,0.10225253855230532,0.10511571566507619,0.10933722594638404,0.15655491045981026,0.15293842075355205,0.13928465643221777,0.11344979425863363,0.11441224850304718,0.11530580261095814
551.jpg,8,0.22662266197666112,36,0.5387050931917244,0.5713126426728715,0.2936803942475173,0.2885456473951732,0.29807185820449195,0.3053949674787989,0.29559534224963496,0.31459700721187545,0.3000476053271698,0.2929771525538364,0.31184687529701877
552.jpg,3,0.1897689749667835,36,0.3694034577536458,0.32974927925934716,0.16159056338296812,0.16196948438697228,0.16464346886486356,0.18784693843133202,0.19073082129292615,0.19624218267183488,0.17317454266921872,0.17569644598251474,0.17165280106814032
553.jpg,9,0.16122558298898307,37,0.2791352304297245,0.23143298266791631,0.2059290066278865,0.20546839157613306,0.20305742442673064,0.1741667971129075,0.1773488007507946,0.17348048615806402,0.12309031293634233,0.12095339811174083,0.13866242733656503
554.jpg,6,0.056435643934777804,35,-0.07188621577581944,0.04615976376832619,-0.04419159212217788,-0.04328057635589144,-0.052442311531753105,0.025928398318210533,0.023798270233609475,0.026094560421566326,0.017402173889760092,0.011249859315858951,0.009913327244116227
555.jpg,6,0.11706464860917014,34,0.12462193198884508,0.09350601973726523,0.16796099387412067,0.16588965668214423,0.17612537154246966,0.17806733049514323,0.17570283491362843,0.1795662371172171,0.18957006111515448,0.1823905119603137,0.17352831567526203
556.jpg,1,0.3019801967174691,34,0.031317309934039694,0.07009247484503445,0.15638648352330392,0.15605064953653708,0.1547662438516891,0.09446893161994213,0.09656521377123178,0.08487699742343507,0.16591753203331497,0.16407504244537036,0.15951554476484942
557.jpg,4,0.032253225475098145,33,0.05431808059843346,0.07725340324812345,0.04890977271405214,0.04857542874050283,0.04992302145632099,0.01977533892137595,0.019770996686558795,0.01631696891557971,0.005444233949580768,0.004969900218303763,0.003946319569392676
558.jpg,9,0.11939429054858491,34,0.116197470699131,0.09605255850369364,0.1496106267004435,0.15016752602121847,0.14727481958230124,0.08035472535909602,0.08297584410251976,0.08921081788394963,0.1542870712622622,0.15174343724830322,0.1422061495403349
559.jpg,3,0.43116454591619824,42,0.3931459939503772,0.32974927925934716,0.2629681652565573,0.2628230839904267,0.2622322503126751,0.20735908495841543,0.20887725858606465,0.205883861439234,0.22452989361645034,0.21302636961301916,0.22894298648758124
560.jpg,6,0.02691831700212788,32,-0.03674637310598983,0.047867178442361276,-0.03067567564553686,-0.03193297847563442,-0.04209755486057254,-0.03231959551876096,-0.036533449595937184,-0.030237055440938687,-0.06424617700924756,-0.06988405514835683,-0.061042260612803906
561.jpg,0,0.252221372933724,39,0.3332791180266977,0.319539975166323,0.22305410768073453,0.22346789269675413,0.22365518693470823,0.20689805166181846,0.2070848818937629,0.19886144823975022,0.21359294738362214,0.21421097630884173,0.22158181889933146
562.jpg,6,0.10802233972562811,39,-0.06923091629317812,0.04615976376832619,0.0785102165588823,0.07902724652128101,0.08214773281328491,0.07875007979623902,0.07956518478489899,0.0846726014620906,0.13014713714845083,0.13273301665883044,0.12176708539719927
563.jpg,4,0.04317931754566315,36,-0.023564015616064027,0.046074668289470995,0.05411355436356255,0.054335112966513555,0.06297653513970447,0.09211302803906107,0.09373139177618245,0.08260781602430795,0.10083550444852545,0.0975930551307935,0.09797952006173477
564.jpg,9,0.044004400415966906,36,0.04002721003811327,0.07888092093988094,0.1173931824710984,0.1177008219533365,0.11938967850114643,0.09063948572540259,0.095154569746143,0.10079543518490106,0.0850997996899896,0.09089056750057302,0.08520421389951448
565.jpg,9,0.04226961167147144,39,0.299239971630926,0.23143298266791631,0.138820718095199,0.13904982323323473,0.13671980278236578,0.10767228216941302,0.10840074178356246,0.12311735806571003,0.1088013801925513,0.11019890941107838,0.11611688308017074
566.jpg,1,0.24158415804849936,40,0.5141445498474234,0.5312916593649352,0.2705120979106204,0.2709737296824029,0.27652916600922806,0.22276114143213707,0.22640892475790986,0.22736092476862213,0.2405922899458084,0.24292465366856997,0.24120882036784286
567.jpg,0,0.1427826997211301,38,0.3038699073924977,0.22532522586400788,0.23031892200587176,0.23104963397826359,0.22925264786645067,0.1877666769267658,0.18515213957914872,0.19042471310934225,0.21962752971305816,0.22571708723798867,0.22662188227860655
568.jpg,5,0.5538207617922662,39,0.43805105173350345,0.37973103047151907,0.5392594297435315,0.5353531105210784,0.5330633589892675,0.559668184107649,0.5610731810061227,0.5593568199208545,0.5050714496543014,0.5125592753973001,0.5135574951512808
569.jpg,0,0.06322489358218653,35,0.0991784477071681,0.09178363700124348,0.042743590037438994,0.042373801848805404,0.04759184763432145,0.06193052885787653,0.060892468538807976,0.08487624540138491,0.07162041827559004,0.08358451514976259,0.08017150482097639
570.jpg,0,0.35930172362560897,38,0.20606846817527702,0.17321647455354827,0.24202789790752732,0.24152613042864127,0.23499611271041954,0.178622664065721,0.17878256111243365,0.18602406965931273,0.2121129995385893,0.21234639117584297,0.20437522128228075
571.jpg,1,0.6399889958556741,36,0.7649190925473445,0.8388715222685609,0.7201270360777962,0.7201879074298135,0.7146905354222308,0.7159258272606701,0.7183348938128012,0.7104444980507458,0.6798734889272235,0.6809731778338024,0.6703161395471668
572.jpg,0,0.03109926399655449,39,-0.07306409661613822,0.047137475622535334,-0.025592650021032393,-0.025302030957890187,-0.013301947623630184,0.0025471955828333948,0.0013971071178992545,-0.0006285822702762345,-0.008669499374320211,0.0032990227389522175,-0.021910497437331033
573.jpg,3,0.04018637169535984,34,0.2363758710825155,0.1616590991434552,0.06610476148340355,0.06639877359790533,0.07043285244202155,0.008118500767925918,0.011825502158257395,0.01924906635756829,0.04871978580991845,0.052430012397694625,0.04670420378404705
574.jpg,6,0.1700495034805499,40,0.2511691684890564,0.1744240424722888,0.14388921768210303,0.1448656787377034,0.13516599271158672,0.14294097101741918,0.14441416537140392,0.1439496403907594,0.16759032777372887,0.17314715280209467,0.17067996369078153
575.jpg,5,0.029207921132910996,40,0.04747938647974326,0.07956274420352492,0.11231440834151246,0.10815735730761811,0.10786694980918757,0.025881131457691442,0.035442158287364245,0.04135619153476766,0.07583283563809753,0.07208934306647363,0.08173546902583126
576.jpg,8,0.7630834460657622,35,0.6314017547245302,0.8142883616551049,0.558813721021399,0.5613104830681814,0.5583222726600514,0.5188306881327819,0.5234294865972815,0.5291284716857416,0.5203474951945108,0.526245565823555,0.5271927795373228
577.jpg,6,0.25351745713698237,38,0.23881301076563327,0.1744240424722888,0.28767373536596974,0.28588264795038937,0.2790932846810387,0.22644228151222398,0.22756772084955135,0.22595317263548198,0.27456130124657996,0.2770634684340912,0.27594341425759905
578.jpg,8,0.02970297061579509,36,0.13070319108270234,0.09568715002140056,0.2225968912388438,0.22476009553850615,0.21348102351144985,0.21796855092324746,0.22765742813375156,0.2075995597764057,0.2081285363424117,0.21131859322049726,0.19708190412014265
579.jpg,3,0.09045904523439029,33,-0.06483684002593615,0.04588519817390452,-0.04041953442931623,-0.040729949732852266,-0.040148652246749406,0.05204276610963371,0.04720596625029039,0.041695440930861194,0.0014926728156207936,-0.015684744968830044,0.0028584163179574684
580.jpg,9,0.06492220720808421,35,0.06680761053844986,0.07888092093988094,0.013659270993717165,0.013412211512905226,0.02018279139737325,0.0308772615719195,0.024762733085781696,0.01424220413710725,0.0010742228304708445,-0.005126270397593141,0.005978167421190145
581.jpg,3,0.03015301576956655,33,0.07886595000679253,0.09002553482947455,0.06683254028526758,0.0673195709018346,0.06735028247519112,0.062116473593914645,0.05834053493723393,0.05764629376456626,0.023303429061403036,0.016465687166465126,0.02177217820075658
582.jpg,4,0.04080813511501293,37,0.17473372854401448,0.11542028892925937,0.08998413672739874,0.08999167421847498,0.09196492970396153,0.09875454548861126,0.10147401932763433,0.10005016245648876,0.05390851332848701,0.05410217222279848,0.04422875132853077
583.jpg,1,0.18674367420478827,36,0.3166611750175961,0.2829656260725926,0.21812064565589923,0.2173101953376598,0.21723322764967518,0.2006507430267374,0.2016542927590419,0.192083543071651,0.2164508280872019,0.2136475004458871,0.21423163030637007
584.jpg,4,0.32263083080095906,35,0.3115884276860702,0.2779542624929281,0.13228034066041197,0.13218050880813517,0.1306728474338101,0.15686060002509103,0.15482474310158245,0.1513529944487615,0.1724949018520743,0.17315771619016174,0.1744689071367095
585.jpg,4,0.5088587776194081,38,0.4869148738389276,0.5356324681070789,0.3387782955280024,0.339483744104217,0.33283002084650837,0.377409141288151,0.3756277310398751,0.36877505244300623,0.39064131611098796,0.39034942387950666,0.39267623747842484
586.jpg,6,0.03086779299466049,34,0.10900517723337178,0.09350601973726523,0.0223323592223251,0.02140376156867299,0.03540144300941461,0.005497935432519252,0.001931236991694285,-0.00028908064762284136,0.03274958786279278,0.031852833681351195,0.017702044392669453
587.jpg,1,0.05175517585523652,33,0.16157186356602038,0.11668608350343794,0.017477466462613805,0.016941476963772323,0.0170588434474864,-0.023030821261168788,-0.020662301021356688,-0.021571433184616573,0.013729855479956254,0.012792379547475474,0.010732543953307389
588.jpg,7,0.04568599759201918,35,0.08129927315669161,0.09245949040187365,0.09031430389016934,0.08919539327856302,0.08473512121464793,0.1002977978093787,0.09985144859012546,0.09739112438308695,0.11470539085455884,0.10787640418406579,0.09791125286761938
589.jpg,7,0.8457318592715908,37,0.6732929824910134,0.8263668485298996,0.841230287811266,0.8424244892229812,0.8539910810459628,0.8666995891730578,0.8654930639364687,0.8742636390331757,0.8365265823160759,0.8398395186073597,0.8509901140571163
590.jpg,6,0.09171443546533976,38,-0.008244082886265214,0.05638836705578609,0.06896387910302804,0.0678428458337112,0.06825855632286174,0.11821295757309999,0.11300407862949455,0.1099590055269099,0.10782248027791001,0.10180124670580133,0.09375669800001872
591.jpg,1,0.06105610588565469,39,-0.016805724445762227,0.05415293638639591,-0.028173972731846186,-0.028334064678803672,-0.0332269004469275,0.04027610266101195,0.03664093464716417,0.03923263102144986,0.027287311320238872,0.02781101920845419,0.026821712524462624
592.jpg,2,0.03706181453339554,37,-0.09101284313389102,0.04710013709962234,0.09532914776444693,0.09726391580519214,0.09910759586893148,0.06331439132994243,0.06483067387592323,0.0650475803711108,0.07020628164461162,0.079536481913657,0.07413912199740938
593.jpg,6,0.1987270153526749,35,0.003922971572205114,0.0577014529451478,0.03598365337635362,0.035754000808808445,0.038223008801067826,0.06575049454572424,0.06969482595782325,0.07017927049899392,0.06538265897907922,0.05936459779927589,0.07567019989068824
594.jpg,9,0.21017101766880264,33,0.38026916849798154,0.3315604026100768,0.2571888551429588,0.25654438374871746,0.25860595895096555,0.2577644333944068,0.25053329925790446,0.23387506608881953,0.2420241094391903,0.23490794848706825,0.2449037071241491
595.jpg,2,0.049025870228727016,31,0.07330510994980488,0.08220653567574492,0.048606815440662726,0.044438919465410454,0.050621884320404015,0.03154767697224281,0.029892998252370573,0.04076025555935303,0.09286633182194864,0.07133960794160321,0.08706056081417085
596.jpg,2,0.3439291278635593,38,0.45346575141844353,0.3899005310155961,0.3850086820412913,0.3820697261042454,0.37842601240264845,0.3743655350542644,0.3722799069170179,0.3744251871521364,0.35624982694988794,0.36121940458034285,0.3494259014117628
597.jpg,1,0.07211667131884275,37,0.0591229907862465,0.08272920645988117,-0.039668040799024695,-0.04033435921558165,-0.0382946370592146,0.009294485550068787,-0.0008580025904053601,-0.0033011397788128005,-0.021956792230674288,-0.024719789310558654,-0.024073614460446008
598.jpg,8,0.0841584157016946,41,0.035318897810083016,0.07720480173154516,0.07175668344059444,0.07181403796223934,0.06054443883274366,0.11561410162204361,0.11666807843195487,0.10909311284076628,0.12602779540054992,0.1234583887791602,0.1285979427352676
599.jpg,4,0.3078192438548192,39,0.40228045697913717,0.3465783802850877,0.38987769182197696,0.39060275833315855,0.4074094206579688,0.4038792655842725,0.40771486377866056,0.4184778979045487,0.40671466753168817,0.4052996697610069,0.39894220617385934
600.jpg,5,0.22632647667510006,39,0.23020707538275204,0.17034711880619444,0.1589818779374862,0.16118997209582886,0.16360893040137264,0.20034988654402192,0.1877495390545622,0.1914194527463604,0.2403354501350835,0.24306405063142114,0.22993114655406166
601.jpg,2,0.054963189320495494,39,0.07698262184288163,0.08220653567574492,0.06159364161404424,0.05937325448908837,0.04986777050388594,0.08043619232740684,0.08194533600714216,0.09147286978120003,0.08333080249283238,0.0757972969277248,0.06446167896692048
602.jpg,3,0.427826991243484,38,0.2475076477349426,0.1687349779497318,0.3303722481679647,0.3303097083666907,0.3302045387384788,0.3470642881083301,0.3443589199893723,0.33678623502015687,0.3536032061526624,0.34401694586744846,0.35321822314690654
603.jpg,4,0.061881188175175336,40,0.018850380116204435,0.0634406446141155,-0.04772531788372919,-0.04838047433451809,-0.04842867292554154,-0.046347875585822484,-0.04633270232491132,-0.04680478864879778,-0.08500992549240444,-0.0849762756534172,-0.0828891194377373
604.jpg,0,0.07057991552033595,35,0.272838270245199,0.22532522586400788,0.18199558129317392,0.1820661140193478,0.17204920435462967,0.17507451569590793,0.17315899696487544,0.18591211196135896,0.19479541315138227,0.19425325173343633,0.19429666247773986
605.jpg,8,0.16336633733340672,35,0.21348284605567014,0.17035578839766205,0.21796734398039963,0.21342102148578745,0.22012808106776502,0.20100379324677967,0.19929624139286092,0.18816319197922426,0.17454296796651703,0.16811555222594207,0.17806064831762672
606.jpg,1,0.15594059569088536,36,0.36148692235219565,0.2887977454122295,0.31567447360515216,0.315117048669865,0.3150223204597832,0.3008744263438591,0.29951707248490494,0.2887541729982149,0.3057152939942268,0.30338202334839687,0.30669109275494
607.jpg,7,0.8701446952346044,39,0.7535858463746885,0.8263668485298996,0.9364895205659471,0.9371334770407369,0.9410349397031903,0.9464103125469996,0.9483029766465862,0.9418377783978376,0.9377432201687499,0.9356192815825335,0.9388533827051342
608.jpg,6,0.04936350800895265,35,-0.08555818688009131,0.04615976376832619,0.029933494550772155,0.0290057024879391,0.011238028037649811,0.06624097112377375,0.06647966327231933,0.0735719602616256,0.01752040495414528,0.01154749233960789,0.020955192711024667
609.jpg,2,0.036400699577129936,34,0.0270023460832447,0.059156486024733834,0.05980772141211024,0.05868685296605031,0.05983905904316067,0.03921876190141377,0.039768410257849884,0.03546260188128508,0.058983115286628834,0.05898847080525729,0.050720902336914314
610.jpg,0,0.20505471668500258,38,0.1407224910209396,0.09612480933775552,0.06496733440052321,0.06571609648167023,0.07102850223211188,0.05315865703414174,0.05278653171503733,0.061014285613596175,0.04142576346731652,0.04692708314474353,0.04318907285400825
611.jpg,8,0.8564356336506401,41,0.748698524354497,0.8291036201363157,0.8560153374912577,0.852299379446982,0.8603669040692783,0.8681880721337596,0.8589829847206152,0.8741477042490361,0.887182895461825,0.8781264029535645,0.8928083839056595
612.jpg,1,0.32829598637640867,38,0.27920704572648125,0.21111957116287813,0.2062931905687514,0.20702022719965607,0.20710836680159433,0.16145773951115677,0.17128550160331774,0.17650057905523364,0.20923632894839567,0.21240879094232124,0.21144421653328999
613.jpg,8,0.3485730907551068,34,0.3749955801266229,0.3302065349921424,0.31835978728161357,0.31801532720791587,0.3132321449178158,0.3212803631288391,0.3231249527219676,0.317890217505921,0.2756586969807229,0.2699182051561744,0.26834667756627884
614.jpg,7,0.9311173813683646,35,0.7884894134539745,0.8263668485298996,0.8648059527888894,0.8628456835987554,0.8451335349170808,0.9350806780165823,0.9317401149901114,0.9039364824816332,0.9671469700971471,0.9599295786263105,0.9629594477132575
615.jpg,7,0.4609460909333494,36,0.580596351224865,0.6284078276900482,0.35012758171375136,0.351508715117657,0.354571818602469,0.36003473089555016,0.3606802203430782,0.36067323557562136,0.34742186191997804,0.3530604645532207,0.35549127629971805
616.jpg,3,0.0521258013733827,34,-0.04813303980884065,0.04588519817390452,-0.10652121438339995,-0.10648963997502225,-0.09409404100209873,-0.12313768881984355,-0.127458256415466,-0.11749055688577936,-0.11881676143608777,-0.1163545657969175,-0.11565803955261039
617.jpg,6,0.4198638606467284,32,0.4551422442259497,0.3874521310318415,0.3815444633282714,0.3809055441988629,0.380602465508326,0.44856525971829364,0.44932531715684354,0.44884069656560777,0.4046082485239774,0.4079826696330061,0.40052293841671627
618.jpg,9,0.07979033224503784,34,0.38341941074602587,0.3315604026100768,0.11989072696412606,0.12031528386915272,0.11947488404710208,0.20406895169067726,0.19402325580714458,0.1967282650140048,0.06417757689565406,0.06775270258768606,0.061049169553050855
619.jpg,3,0.04642761596856085,37,0.1795636745406637,0.11389496517094584,0.1408570352868667,0.14146220671284063,0.14676245835300222,0.13593953900117423,0.1361218407664245,0.13537789438189443,0.1566506215039698,0.15234648772848938,0.1453530719378502
620.jpg,4,0.8756875544786453,36,0.7342687447876857,0.8224084921835075,0.7711060333735893,0.7715715742861864,0.7655518159761019,0.7668462048717666,0.7651253716178851,0.772796495004838,0.7523084729560223,0.7523812177353302,0.751991659913877
621.jpg,0,0.030453045203378708,33,-0.025870030403117972,0.04803947853713769,-0.017123564692170468,-0.01666796392950992,-0.01778478178121623,-0.015621372352091933,-0.016778609959195723,-0.028260015625856283,0.010138948304595469,0.0013239954783327568,0.01929195424776048
622.jpg,1,0.03242574303876609,40,0.030524886118508565,0.07009247484503445,0.01523554767428184,0.014863075183197572,0.016630866766451202,0.04855162968587312,0.04626233650356987,0.05080920278686962,0.04629117234939986,0.04425005736091028,0.04621470060091608
623.jpg,1,0.04659289403763764,34,0.10346252348010854,0.08696600077595058,-0.04111377830046181,-0.04061770455888464,-0.03653437077947924,0.03047772299599366,0.023663150565290614,0.03033182712077731,-0.10474744597685959,-0.10171681203823552,-0.10340448396179469
624.jpg,3,0.04397204445729799,34,0.22615450804188875,0.15741149184841272,0.11533730504227824,0.11491544098568568,0.1141146011013984,0.07080029778826316,0.06946386263463297,0.07509109876169512,0.07200276053507251,0.07292348712135913,0.07280565206450078
625.jpg,4,0.08103178779741652,38,0.2385556932341169,0.18232693091440594,0.14243198164965964,0.142004691401096,0.12780151779371415,0.10301912402952385,0.10536251519105264,0.1104886222131341,0.08751161337883184,0.09555300144400951,0.09411033050746313
626.jpg,7,0.826968402380035,42,0.8374512748503254,0.8641591485097819,0.8032968443775392,0.8027277777455081,0.7890878722224424,0.8323818304892654,0.8337564172754961,0.8165300212446112,0.8008310133917249,0.8004980330705171,0.791592673351639
627.jpg,9,0.4555555555348595,45,0.2955198149426291,0.23143298266791631,0.2797495492281654,0.279278300871706,0.2772263204803741,0.28011882392302073,0.27659712759642396,0.2686212913296234,0.2977910298109646,0.3042595330760239,0.3003707846599032
628.jpg,8,0.6094460791429958,37,0.5555487433255845,0.5713126426728715,0.5337620504909797,0.5339744050433421,0.5383178343294868,0.5458950984140212,0.5433464787143896,0.5486320909808874,0.5427696393977104,0.5444177113958893,0.5446161405616559
629.jpg,0,0.13312817755079753,37,0.38456674276310326,0.3252013798013883,0.250359785732245,0.2507372556317367,0.24403808322308732,0.2391261982393582,0.23978527006271608,0.23955276799666803,0.2799511087113396,0.26756145213122895,0.2861578504859312
630.jpg,0,0.7120896185699263,38,0.5772463817278756,0.6216725665462379,0.6090699518977887,0.6093938602857535,0.6212235835264892,0.6448182104484423,0.6447491351424912,0.6231550548007777,0.612701953236847,0.6145892357943171,0.6059692780167554
631.jpg,0,0.08624283513544422,38,0.1666585943275336,0.10880517982917093,0.053215807742032495,0.05328760011925551,0.05167654647573766,0.09731122205390053,0.0998263011235557,0.0949991821710302,0.04155244450865789,0.051664394256570156,0.04150198568637897
632.jpg,6,0.7805280471459414,39,0.5123916841507399,0.5306168221636097,0.5868969048517199,0.5882528198364734,0.5852123861055842,0.616303910552979,0.615885351757836,0.6119994958761525,0.5968254875287471,0.6006188885173733,0.6024417082467963
633.jpg,3,0.22167216582844654,36,0.034816053399079006,0.07399513857971551,0.09222873459091582,0.09259297256422036,0.08761172277580356,0.08086055654091667,0.07942576337204557,0.08439272269324447,0.1194151983829579,0.10676234973395311,0.11828746050949224
634.jpg,2,0.033488643150228786,34,0.11646534539368436,0.0838281791445372,0.11047507384030894,0.1116226921781692,0.10474772263394916,0.018024059998196507,0.020780657660402213,0.028538585709370068,0.04491250594440385,0.055344423207485116,0.03436647390762029
635.jpg,6,0.3131505466806583,39,0.4503830247068431,0.38409622123268755,0.26541364263851885,0.26640338517143225,0.26157384362380864,0.2873675150818281,0.29084239487879515,0.28971815617293767,0.3390109134092064,0.3434868978310332,0.35105655624904497
636.jpg,9,0.36111111051609945,36,0.3722151435931304,0.3315604026100768,0.25331943964589676,0.25346474685754156,0.26024186565062735,0.23218547869673745,0.22758951235001884,0.2284434911482706,0.25964939622087113,0.2634592638124636,0.2693999395072436
637.jpg,3,0.14214992841173496,35,0.291299083479023,0.2283526204932256,0.26843438454812024,0.2677955188071484,0.2640222946179235,0.28425827812249466,0.285398675938509,0.290023587384699,0.2129073294659936,0.226740628341032,0.21342584829642994
638.jpg,6,0.14961496130045918,36,0.24262392893398216,0.1744240424722888,-0.011295890594944014,-0.009504861468215109,-0.026339536064778013,0.015857246016697135,0.015278955430521157,0.006617164144789078,-0.004648169427939802,-0.0002209891264970676,0.006819832194217695
639.jpg,9,0.04596888300563608,35,0.13077300903600353,0.09824223285682643,0.0773422944682774,0.07789338683656738,0.07368198530645276,0.026211627865431353,0.02574125497625085,0.02420439457984125,0.035728170865193254,0.03629448390166046,0.027569628255145612
640.jpg,4,0.05530410246657474,35,-0.010522347332006299,0.05662182306211851,0.03200398340411373,0.03174207802744558,0.046099787432744066,0.05506797289294607,0.0541377734410779,0.05357842112684286,0.0655341198390765,0.05623231417605451,0.05919169478202624
641.jpg,9,0.12715700091794133,35,0.29425859135918025,0.23143298266791631,0.16163786164565586,0.1609542710264414,0.1539229098277019,0.10486335920574955,0.10948973598411327,0.10442931624928001,0.11322466022994133,0.11118134898565141,0.11009146215636703
642.jpg,0,0.8168316751718521,40,0.6046471305554157,0.6614512696456225,0.8236149456521742,0.8234119319007762,0.8258199208739357,0.7509067019433185,0.7511711810399139,0.7548884552810933,0.8025123584275433,0.8142308297598762,0.7887709643403396
643.jpg,4,0.08095515483771176,34,0.03800011975140416,0.07725340324812345,0.1412396000296357,0.1412504814029673,0.13348500840779925,0.09696025682018866,0.10131373614370454,0.09559911888933759,0.0781832519451076,0.07686279571677192,0.07150870044496402
644.jpg,3,0.7081883821535755,37,0.4962466682874216,0.547852635146345,0.5929949367311578,0.5931055121433754,0.5973347311409372,0.571101407778348,0.5701845110871315,0.5661977531248299,0.5969824438308767,0.5969669106445292,0.6005344266773764
645.jpg,2,0.05748074809606704,36,0.029412102540872676,0.06432655384334124,0.03673946916396953,0.03959688484653201,0.04060372852824706,0.06384981733649764,0.06341382248918048,0.06878486555774727,0.08489252445137224,0.08956585162277847,0.08621802053008287
646.jpg,9,0.040311173702191026,42,-0.040143663317364964,0.04396160951719659,0.09389362421824293,0.09347940620248782,0.09754229976096884,0.08060060081650075,0.08129341968084039,0.08462186346524384,0.10202504154979021,0.10350251237504073,0.10572183796078398
647.jpg,3,0.0742574259106602,35,0.23325130568726526,0.15741149184841272,0.13180502416316067,0.13193959634398833,0.1342236543381278,0.11211943946508968,0.11787943367107395,0.11061975970323423,0.1763145506976101,0.1856345288992175,0.16744494480078834
648.jpg,5,0.08533710543997586,42,0.1240324626784316,0.09375199361545665,0.09623762452796292,0.09646375591474762,0.09679627326320686,0.10587788429009273,0.10205774174715984,0.10593279353907573,0.029965601148171706,0.03502881908281061,0.03299724022126024
649.jpg,9,0.0730499882228309,41,0.1185849366767684,0.09824223285682643,0.04059928370781368,0.04100222432707662,0.04264152632429122,0.052821217006420645,0.049881147620812166,0.048309667363626296,0.06158554352296422,0.054324195136562864,0.0586596182400361
650.jpg,8,0.13975628468996057,39,0.16331386774870715,0.11147243874180873,0.1549682583522945,0.15715809509207201,0.15796750527245035,0.19687924693616232,0.19981409879501,0.18697066818675812,0.2118143831641668,0.2101366849029903,0.21213050324164356
651.jpg,9,0.04642761606924437,37,0.057629773342653845,0.07888092093988094,0.038049116539721206,0.03743302207186339,0.03553146442201463,0.007800326209261854,0.019696219376018287,0.00996478199317452,0.11286161990206968,0.10932848917209913,0.1173967229463922
652.jpg,2,0.074015937666068,41,0.148473228839601,0.099169498795871,0.19055665547764736,0.19081442109858843,0.19524322038997657,0.10329741506241394,0.10533453963356332,0.10161881198478726,0.1538954917753447,0.15185695965571222,0.15353293866625184
653.jpg,2,0.3887441348480551,38,0.31597583196983975,0.2784880027323385,0.32221708807743965,0.32005075982335957,0.32505965197498743,0.28911335929671655,0.29082460823120265,0.2946229326848094,0.2768932847899719,0.27611905616443944,0.2605235603551136
654.jpg,6,0.15138092731419756,38,0.25814393188644413,0.1744240424722888,0.1662784623831447,0.16656993730720215,0.1602764821635963,0.1644215687169555,0.1633736236525655,0.160649502328123,0.1475356367746017,0.15449737841023384,0.14599806816808564
655.jpg,3,0.08822036121422663,39,0.17838085634146927,0.11389496517094584,0.20566804525637256,0.20607549385468038,0.20694926351490242,0.22189650905448804,0.22102825689260996,0.21325500263478903,0.22546148529242918,0.22477529897681187,0.23478876454915326
656.jpg,0,0.06537192178746828,39,0.17818122795526692,0.10880517982917093,0.09831225534116653,0.09835300044011094,0.08977502792146413,0.07666060044103662,0.0770245214649837,0.09025281169569396,0.10399411843633134,0.10907691196683508,0.09285932273458064
657.jpg,1,0.29620461869570947,36,0.09177560475228463,0.08696600077595058,0.09222008795898798,0.09299935189518754,0.10126781230873691,0.11799917917899108,0.12282181346100077,0.11733352610873454,0.18008647473557254,0.1830197047322664,0.19651928641676292
658.jpg,8,0.3144867111144489,38,0.37177002378104074,0.3302065349921424,0.5006630478481351,0.4939628675201362,0.5009616972220803,0.45671894991090006,0.45805459938906457,0.45683429965147154,0.4739266487239272,0.4648436104780509,0.47965596824851514
659.jpg,6,0.27254482352401355,37,0.22659510173252329,0.1705420677895202,0.3431304015252003,0.34288257691394264,0.3423655193279681,0.3528697445139588,0.35250815345823044,0.3490832859251424,0.35755435346707043,0.35114745508968986,0.3415277632153467
660.jpg,0,0.041948931647072495,38,0.13937882193016882,0.09612480933775552,0.04051806184811951,0.04027240453027103,0.03876646402328776,0.10166154882002221,0.10179290335127564,0.10891667807903418,0.03314758308037616,0.038635801188055985,0.03321089607936531
661.jpg,8,0.9202970176935196,40,0.5325505166251386,0.5713126426728715,0.9491428490239493,0.9435464388064052,0.9589349174683146,0.9734159180435785,0.9641568482576969,0.9670570927997331,0.9523940498321013,0.9407193915967282,0.959373037301716
662.jpg,6,0.6181518122553825,45,0.4507224079744006,0.38409622123268755,0.5775715447015668,0.5757215664093946,0.5783707229259283,0.6138808536295368,0.6104380519035997,0.6061997098803396,0.5980857035293914,0.5983027154278536,0.5725631302690166
663.jpg,5,0.8059877352345557,42,0.8099383327106568,0.8423012348644165,0.7921778794372165,0.7929652288423212,0.7931001652266049,0.8266793920174116,0.818936136318487,0.8169089350169182,0.7939201923661385,0.7953332512288778,0.7934458343480693
664.jpg,2,0.5442939019075742,38,0.11488242697811346,0.0838281791445372,0.2525614488493462,0.2521801602846212,0.24237802167354772,0.2810002868025578,0.28213560997299614,0.2993681714326349,0.3062402383600504,0.3037554798019336,0.2971938363147264
665.jpg,5,0.07318704837077372,37,0.11613993907295017,0.09375199361545665,0.016299198221385425,0.015715800032648997,0.017409944416679923,0.07251666539380064,0.06653709001674624,0.07101688309791923,0.0587653058698932,0.05225234848997015,0.061597929556520215
666.jpg,3,0.059264497964509895,35,0.07381581213504917,0.09002553482947455,0.007754970032593678,0.00745010171207916,3.10848115593898e-05,0.02693514924087337,0.02687816738715182,0.03261179737292058,0.07112829467416956,0.07091497253915668,0.06932957264246728
667.jpg,5,0.2955445589846931,40,0.46243158053065214,0.4405738953212486,0.3456885251735641,0.3442035866510967,0.34172799890797256,0.3101608553701183,0.31553767261034094,0.3009399683414564,0.3441020677817337,0.3478942757924084,0.3494369578802866
668.jpg,1,0.7919522684354049,39,0.5267885735172404,0.5312916593649352,0.5182687944903059,0.5184028835687757,0.5193456858255641,0.5628991714670316,0.5637723000399268,0.5678513816753687,0.4920078492656986,0.4932003882497981,0.4900549211961667
669.jpg,6,0.08335563332798916,37,0.17330763978596475,0.10969353815065673,0.1600439154765816,0.16327911034587278,0.1768426287350848,0.1878258300317508,0.1900552026884497,0.1897921299327697,0.1505272389563159,0.1577465480053246,0.16750470310811202
670.jpg,5,0.4187611061363266,39,0.6090198105504541,0.6856018310790518,0.3699608184963089,0.36923376387558243,0.3706014165655006,0.38032367016280394,0.36558205923812226,0.3762474964285648,0.385666076739371,0.39880804374635803,0.3932823892850828
671.jpg,1,0.08443344350800747,36,0.19980370308584494,0.11668608350343794,0.044012248626452755,0.044194606974827466,0.039761294519358725,0.07899897653996471,0.07941972905811029,0.08328969987630624,0.07589150187519414,0.07437991647556054,0.07108409416979848
672.jpg,7,0.04483734108507633,35,0.013428281702026923,0.06188151602676304,-0.021781476946794553,-0.02347314123809713,-0.024684080667008,0.0251485890692707,0.021807235668335923,0.026719455815954807,0.02833051429594341,0.021879797057821587,0.015942282969705263
673.jpg,6,0.25544554364169014,40,0.19196230089505462,0.10969353815065673,0.061535254128524536,0.0624682043958433,0.08305879807931607,0.10740714176259436,0.1065315027009199,0.1146504976857318,0.09316932045448445,0.10361909555524788,0.10196906176383888
674.jpg,2,0.5481669823009823,37,0.3959640742332086,0.3218420247711985,0.3527124214092471,0.35527970989102425,0.35334693953943025,0.4118629459689806,0.40885157091685576,0.4092291672623181,0.42787479768102693,0.43882666748046945,0.44348129523349566
675.jpg,2,0.03902154943138799,34,0.1703145949730438,0.11403317596848969,0.15092669615487975,0.15275624643628555,0.15912836471029557,0.07081104735591726,0.0718099257620502,0.06464401299146189,0.05174302564943273,0.055141707045474914,0.05460461515287379
676.jpg,1,0.7215681011989914,37,0.6641866013125196,0.8287847591165844,0.7568493496110471,0.7570468681551795,0.7604880125386781,0.6913373743317939,0.698883090145767,0.6952397893594506,0.7314729708799506,0.7351509892535348,0.7280319467646839
677.jpg,0,0.048797737594161714,35,0.04818157350895125,0.07843474573306089,-0.024239935803942403,-0.024308264750392605,-0.02743790894773812,-0.005677505491140544,-0.007460345659097145,-0.007436567472844935,-0.017317001197909576,-0.02096228921381188,-0.0019455864462374906
678.jpg,8,0.08542777366267565,39,0.025003024995006395,0.060823839924755894,-0.037599270502351734,-0.04259853481078413,-0.027047440006488732,0.02324155784340698,0.011407947857367096,0.026277618976678185,-0.04424452981009794,-0.05236916844288525,-0.027542879127174347
679.jpg,4,0.7834809736201638,38,0.6884419334752463,0.8224084921835075,0.8420355100271345,0.8420965402518588,0.8368384766076579,0.8560129190106875,0.8582065552111866,0.8603235566172551,0.8075535035590846,0.8083610242377024,0.7990509540757724
680.jpg,6,0.9576457457409965,36,0.6408104581185259,0.8105165782479905,0.8440341671443672,0.8445614188181751,0.8447988043782181,0.8182376706983389,0.8211509327168462,0.82575865429374,0.8067670048224378,0.8009402565728696,0.8251084085320414
681.jpg,0,0.17674605339463498,37,0.17335509910709024,0.10880517982917093,0.1797252302535994,0.1799113598945243,0.18429850920690544,0.11850177355261182,0.12006987711429279,0.11156771271111074,0.1351096672732047,0.1430825595609353,0.1305722085411016
682.jpg,3,0.04407148059775553,41,-0.035674211078635776,0.04588519817390452,0.02920760111157139,0.029146756290456738,0.030203517491285164,0.027147520157966898,0.02738461553874505,0.032111140628954926,-0.03691938624953764,-0.032875517203358906,-0.04060573013162763
683.jpg,2,0.0552582281666833,37,0.3072719172883084,0.2439004012446991,0.15980618769288146,0.15618938909377242,0.16843929311263311,0.05056743093896321,0.05775772082433589,0.07586321198738175,0.1227107630171702,0.11339516695265062,0.12489195928490843
684.jpg,4,0.053934340830892324,38,-0.078922643627793,0.046074668289470995,-0.06712341550886991,-0.06731868007381425,-0.06316212887878508,-0.07267923631232809,-0.07429400285502802,-0.07079855529810969,-0.09627770488007453,-0.0959508924823066,-0.09094298273955237
685.jpg,0,0.12545968984652842,35,0.09955160965618126,0.09178363700124348,0.13852499085635514,0.13942045754612445,0.13118861565596926,0.10983931444148268,0.1081221089167104,0.10213536849851118,0.13087441534880678,0.1134481102671129,0.1245603225371402
686.jpg,5,0.0732992663829317,31,-0.07709678727540759,0.04435740758591622,0.07010191617927039,0.06994060189628054,0.07079125985701118,0.09220334895162438,0.09641324288946157,0.09983506232670283,0.06016137413013603,0.06209007567999095,0.061450768876048306
687.jpg,4,0.10949330348247553,34,0.2363668925953975,0.1688615547697128,0.19425758481831806,0.1945150492274145,0.19523230769979877,0.17109247346520967,0.17261825462083594,0.17020608579689983,0.15118274606751766,0.1519491933041175,0.15147142441126416
688.jpg,8,0.04533611250257021,38,-0.08088813889872748,0.047032444124202745,0.13535603382704317,0.13264342832240605,0.1411328909847651,0.13814531475409716,0.1362479205474451,0.1362357796322176,0.08793721327674166,0.0855901595449517,0.09293235364116853
689.jpg,9,0.024186704214662312,35,-0.10309929868756729,0.04396160951719659,0.062307494275914366,0.06218683600571029,0.06342313673959424,0.08186865326669499,0.07486263771088694,0.07453661209932613,0.0523536145828388,0.05360068720616071,0.0675530873604611
690.jpg,9,0.023229246206868153,39,0.23299657226093706,0.1710332517940374,0.13259339953764784,0.13245482022974223,0.1286456938389999,0.05397568432887065,0.05654219023159163,0.04561315982364672,0.07282126796334451,0.08167751560446702,0.06929694878349392
691.jpg,2,0.04428686147455026,37,0.15191027565205262,0.10764030628870358,0.05748888484318687,0.05657657486575679,0.05545522890776283,0.05455387994439054,0.05545191879466521,0.05429165937218122,0.08782473435343757,0.0866434603722159,0.07981077351330529
692.jpg,5,0.026576342539077525,38,-0.09011325982283691,0.04435740758591622,-0.15562834022418198,-0.15692778211947328,-0.16350045293197812,-0.08646808387097443,-0.10159873593287377,-0.10040291586723993,-0.03550549005033948,-0.0467568289849557,-0.03906534470375428
693.jpg,3,0.060348892296176584,42,0.23892963620188723,0.1616590991434552,0.1456674846777057,0.14575918971844626,0.14882622063574077,0.10459627500112215,0.10671535152697897,0.10020244574733869,0.1534032316692918,0.1518397229716742,0.14950030776197865
694.jpg,0,0.2714285699517599,35,0.18066550838156625,0.10880517982917093,0.07522053830099448,0.07490423709153426,0.07648870806931485,0.10249214913258159,0.10603687251486882,0.10746608707735025,0.0959262239316596,0.09874078347666611,0.08647369120151215
695.jpg,9,0.2176948469132185,39,-0.04404740325979506,0.04396160951719659,0.05360807341358992,0.05306840817635794,0.053483790419886434,0.06180787513780717,0.060021629581734515,0.04271216385259319,0.06961565078422449,0.06149538209529237,0.06605361906587826
696.jpg,2,0.9752475023269653,36,0.6710271574463492,0.8194997091332786,0.9537319387845264,0.9448974982002807,0.9362377631111407,0.938514790742256,0.9400962139046183,0.9387810010756641,0.9533099699151891,0.935992555718662,0.9431292327976044
697.jpg,6,0.6572510126759025,34,0.5501078429660378,0.5572004056188183,0.4397429530867477,0.43772567572058607,0.43556279174891077,0.4317171368244307,0.4324132230318732,0.42928070313703126,0.46951312152488056,0.4645663320208995,0.4662008051490666
698.jpg,0,0.017326732761123113,36,-0.02254716710953153,0.04803947853713769,0.0680821918493475,0.0686720537454257,0.07551286825925763,0.06547409488446698,0.06255872573398985,0.06033730127372344,0.07231616481019762,0.08128853143492981,0.05891162416908721
699.jpg,5,0.9690928346401936,37,0.8162492696529048,0.8567778024043737,1.0120404196918447,1.0102966436848815,1.0155041408480825,1.0017121109296787,0.9998779098247597,0.9999820459643134,1.001882626380468,0.9999416850279788,1.0036762051600074
700.jpg,7,0.09598459895803696,36,0.15361192630086984,0.10992061623006806,0.17257628706024475,0.17285858959782963,0.16563611635097775,0.16166354331440316,0.16458376777569172,0.160306893856119,0.15625178962703742,0.15810755501036902,0.15913127090977813
701.jpg,9,0.8401123737991864,37,0.6374093281720657,0.7670090126251167,0.8034128575068886,0.8020485149891459,0.7884284691691013,0.7441916879832804,0.7521368189859756,0.7611533166453829,0.8076403535028507,0.8096414666845217,0.7805086239095214
702.jpg,3,0.14191419241898176,36,-0.000919702704031411,0.060087102351925305,0.10541906933223388,0.10478749331195278,0.11042665888093828,0.09927503784188613,0.09803701318874739,0.10418754729332683,0.14442169631955665,0.1414040664807662,0.13787291492128237
703.jpg,3,0.654840477470619,36,0.6671243257829836,0.8271674701275742,0.5566811410532333,0.5562166101205079,0.5566863560347393,0.5287965778737855,0.5336274876699612,0.5288029053743808,0.4853462404398191,0.5002126574166699,0.4839905680272928
704.jpg,5,0.2910088315807484,37,0.3910119742737287,0.35227441850988017,0.30749530723918944,0.3081711162109824,0.3109192976093803,0.3107889674891074,0.31214694806176163,0.31731162765586873,0.3137798923300881,0.31208724157357925,0.31197377934780174
705.jpg,9,0.21177117831798065,36,0.3786639196167002,0.3315604026100768,0.26220879645214007,0.262680468743164,0.2629291335346119,0.225769999446556,0.23250951715891943,0.23529011922998322,0.20798156891604228,0.21199235087038448,0.20711416196637844
706.jpg,4,0.074257426517638,37,0.0687276663809494,0.09024910936197758,0.13240091276272004,0.1320496875498042,0.12347688135789414,0.15961762233806187,0.15466589886469667,0.16545283593802296,0.0974852380023826,0.09902040019080496,0.09499815271155938
707.jpg,2,0.18345952253131306,34,0.25645597958912564,0.17947616864135016,0.11478307444556357,0.11240175475173081,0.11459681298670726,0.13853487387470426,0.13852397453617796,0.13819371614333495,0.09103803318446876,0.07567845533712272,0.0849517569971613
708.jpg,6,0.05267834434142479,39,0.009844159636284044,0.0577014529451478,0.05510542458203843,0.05791093716838913,0.05531369150317958,0.06130032951665565,0.06274588047778723,0.06475507642577635,0.07988181590210533,0.0871296730617307,0.09033650735131794
709.jpg,4,0.3102693988746682,43,0.3217462002492658,0.2779542624929281,0.3311601268197897,0.3307688074046473,0.3285974013698617,0.27802035223490257,0.2780415059240978,0.27860377719830615,0.25603093180152214,0.2598746765657952,0.2583552391026149
710.jpg,1,0.33489430296813716,37,0.39982358923775185,0.34999447819696666,0.0687260369389821,0.06874708739742769,0.07134533439425067,0.10181460109386287,0.10677993881525508,0.11410161506940913,0.09764318324531589,0.09548876849439027,0.0905688462834051
711.jpg,7,0.0378645980051039,37,-0.04083945560520186,0.04675982649611991,0.002202708914035123,0.0015833514883102917,0.0035377456893120884,0.009922381500950983,0.008361751909351789,0.001091664185729535,0.01980410772477792,0.013362283733317687,0.004793588946698263
712.jpg,2,0.5342520728229067,37,0.06871734921010642,0.07637236495700603,0.32571443899928854,0.31918833419182946,0.31660143835386906,0.38459164593614964,0.38755824072565737,0.3918282319395493,0.355687173072275,0.33116858114773096,0.3441866439034731
713.jpg,8,0.45544554137526766,38,0.6346945170748433,0.8142883616551049,0.45308442487591427,0.4533547602696696,0.45525425572438516,0.4040361349776751,0.407195578248859,0.40381053120380916,0.4374132999692414,0.4397881113199965,0.4372102031164606
714.jpg,0,0.02876639016274665,37,0.044242880220192515,0.07843474573306089,0.031892273622910305,0.031597783776845606,0.03290386979383836,0.01151797327870524,0.012464825266559454,0.007914035832869704,0.008813401602698251,0.007857851498509066,0.012659445080507675
715.jpg,0,0.15979097896100333,36,0.30985551747868145,0.257646747629909,0.26784623722090634,0.2674050514841453,0.2706313023713711,0.26692534838527643,0.2670061569485041,0.25923783400609174,0.2828606019691876,0.291574656088296,0.2791291973886344
716.jpg,9,0.05005500544535203,36,0.14947524928791012,0.10266632355612886,0.10642132628187304,0.10855860003410414,0.11790308744386338,0.14914309138632456,0.14087771278712058,0.15006289471230042,0.15613281024605247,0.16447866543159115,0.15856476028857996
717.jpg,8,0.015386673735102286,37,-0.027042134772425785,0.04780499342012981,0.10868958724339514,0.11025246431895946,0.108806887739265,0.054599215228489095,0.061408138739031004,0.05407038718279095,0.08709388941092858,0.094935213821107,0.08850728020556087
718.jpg,3,0.025020069732154544,37,0.2487723434800614,0.1687349779497318,0.16184314695616203,0.161654877432692,0.14907333102759696,0.17333794817316361,0.1773867032138126,0.17998228158976032,0.13330871592908988,0.1309690848995391,0.13014334590725946
719.jpg,0,0.013835999123656597,39,-0.014662298588174139,0.05603379223244831,0.13102904240353463,0.13125841852743517,0.13490842229304906,0.0851080173270084,0.08285882751181625,0.09375143203340044,0.1012477770532109,0.10814986689816257,0.09746526739349315
720.jpg,4,0.4359889409483172,43,0.34736164503353606,0.2792575155172218,0.2532992455038238,0.2529305820052053,0.25677326233456865,0.24785253787462613,0.24757911488142018,0.25081747165062784,0.2356464746330154,0.23582276159893506,0.23318606920337362
721.jpg,2,0.39337394946517473,39,0.4282070951235306,0.3868347184467692,0.396784421498755,0.3997909309215661,0.40068440640686187,0.367834803124923,0.367656670342086,0.36497569536739527,0.3857424466778332,0.3880235556327295,0.37636593422586856
722.jpg,8,0.03465346541119421,41,0.19498056278776643,0.11147243874180873,0.19361906481913221,0.19705593246840208,0.1881377771264725,0.12782197275601498,0.13979724782985972,0.1332056041769177,0.13388336912839313,0.13972947104965086,0.11600716289269605
723.jpg,7,0.1075357542011059,36,0.3089853757615605,0.24556581795470814,0.14505851984820245,0.14556853366199135,0.14914261154777333,0.13123474395207763,0.1327619772137532,0.12927156472062082,0.1906888369015995,0.18860419795905048,0.1844837767138372
724.jpg,4,0.8927392562230428,36,0.6819249956680581,0.8224084921835075,0.7749777752405049,0.7752151482003482,0.7886432415677135,0.7762311864618621,0.7783454693244363,0.7753490772641987,0.7319892377441177,0.7341512622062782,0.7333414654365504
725.jpg,8,0.0675596989252988,34,0.24619087462976263,0.18043383842456098,0.20408206453983968,0.20309995127630245,0.2002717658425896,0.15733357405938875,0.1578127428681859,0.15150534097616097,0.1519800708103869,0.14978443605364672,0.14338909503018793
726.jpg,2,0.2915134364606014,35,0.25220452588579634,0.17947616864135016,0.235459535101725,0.24091246449932757,0.23438119219985842,0.17821821608525026,0.1784189672453421,0.17523813205880734,0.2817740353144744,0.31302958724414814,0.28777054289124115
727.jpg,1,0.5186018596939517,33,0.36477060626995933,0.2887977454122295,0.4411637585026391,0.4404582140459985,0.4458458198741723,0.4645890171552669,0.45637652417065677,0.46542619052331446,0.44486257710641636,0.4431092338806772,0.43681457690270054
728.jpg,1,0.3704620433272794,36,0.23711846972442452,0.14899925499258218,0.2866018433509799,0.2854229154295909,0.2719777736933146,0.2959451765838089,0.29143999633839535,0.2842118536965576,0.2953635728669628,0.2896917117509806,0.2852704915699259
729.jpg,1,0.2752207636682166,37,0.12522092014869945,0.08696600077595058,0.16594099660132958,0.16642682689650448,0.16932612135264352,0.2080529461054719,0.2106047952012014,0.2178566639773708,0.2315022784104924,0.23244614987553128,0.24055909513745988
730.jpg,5,0.022076532383122155,37,0.1417089418067865,0.09375199361545665,0.08884332699309938,0.08816613051446878,0.08839442316417315,0.029877604236434763,0.027267538798704416,0.03714508603651462,0.004117458173484662,0.00013569574569163856,0.005575614963955644
731.jpg,5,0.037856727126328385,34,0.052831949486659924,0.07956274420352492,0.04458922103448726,0.04460858780722471,0.043364850432796365,0.00311056044226965,0.011337081667686821,0.00988949176671472,0.007100276085315993,0.0070182393023720535,-0.002019917518601505
732.jpg,7,0.02613400886658319,43,0.0017871208252013826,0.06188151602676304,0.015613541261760955,0.01678677455414951,0.021971136771933353,0.06612982381482621,0.065591632866554,0.06379222927372113,-0.007331505198989979,-0.005465819567443825,-0.0025129559094722587
733.jpg,3,0.0487977372482419,35,0.18620049662661375,0.11389496517094584,0.19023977426066985,0.19026769319929066,0.18690414878070988,0.11720271948489891,0.11703455558414586,0.12550934296040925,0.14264881522183329,0.149638720243915,0.14052170355283503
734.jpg,5,0.8349363407918385,35,0.5265176504372429,0.5300755890724904,0.6090939363691907,0.6067474065793703,0.6110227739507681,0.6270486533800391,0.6128698536450654,0.6210508919362518,0.6640870158226428,0.6573066482413561,0.6742095570180864
735.jpg,8,0.033828382703682616,36,0.028887089559783807,0.06389831437809686,0.10436877177092196,0.10720954936898208,0.10207230182154209,0.05599838601072324,0.06555985413840298,0.056214353789108634,0.0775547843699205,0.08134201063115772,0.07564980850848167
736.jpg,5,0.029977997557984457,36,0.1942464792128693,0.11387846393182476,0.006661461494601784,0.004940801177545084,0.001493293995529943,-0.003693490340009098,0.0010158995839398832,-0.006120013566273841,0.05644925403262069,0.064046393479084,0.06254703738790404
737.jpg,5,0.5280056556154574,35,0.27995595046672794,0.2189167564273336,0.44701433279952396,0.442049410333003,0.448208631782695,0.37944810071035123,0.3802153203148588,0.37695459015146393,0.3962521810436818,0.3761303565207321,0.3967164966028459
738.jpg,4,0.04689942691230068,38,0.08445117364576304,0.09024910936197758,0.11522817642510175,0.11486874246160692,0.10880417619655383,0.09539789693711684,0.09435786794601042,0.09904025227544841,0.12694942505038626,0.1299021833369549,0.13365264977829336
739.jpg,6,0.17487289352543853,37,0.462074452426158,0.3959281856358444,0.2622080310570121,0.2625533420467848,0.25869393181574074,0.23444813356768343,0.23391304235057953,0.23074052506929293,0.277142533275048,0.277698172227282,0.2776717501895845
740.jpg,1,0.02982990584598902,39,0.051964803036126606,0.07009247484503445,0.043923931555850726,0.043480218299538465,0.04290128577950067,0.06332105287495465,0.06672502613309397,0.06660227390117912,0.0705582624007171,0.0706827000096408,0.08203450007431111
741.jpg,0,0.13083451145461628,35,0.12565941257104152,0.09178363700124348,0.024545840498499505,0.02443087757696069,0.023504837918623872,0.014818811948716037,0.01391654801344494,0.013055043634416563,0.08711507471689023,0.08523823925770305,0.08993502129479279
742.jpg,5,0.03437057996967009,35,0.16478173651347117,0.11387846393182476,0.014035173269924983,0.016768820295094022,0.0135042382340812,0.038335751891151126,0.03579111166485477,0.03519324520863171,0.032932850619126625,0.03612113504593076,0.025877916647851246
743.jpg,4,0.015700141686413968,35,0.13808690318482664,0.09031865104030083,0.037725103661432835,0.037429781210359836,0.0465633415116746,0.0003126566000608011,-0.0003923681379616184,0.008594995314958276,0.015514574254514607,0.017643006574635967,0.011036228156250438
744.jpg,2,0.021782178385183214,40,0.15991260723890077,0.11403317596848969,0.07412376004953014,0.0759078548530536,0.07585791382603901,0.02699074493047443,0.030173963328805897,0.031123915450574302,0.0673146777804797,0.06864537893428549,0.060441598026583276
745.jpg,8,0.021273749137951714,37,-0.09043990986248418,0.047032444124202745,0.009363686776480057,0.00824134130252846,0.0035719284504295845,0.016019133970293364,0.018057262718163714,0.017181976837057522,0.006825845513636547,0.010816680981837079,0.0026904892741509145
746.jpg,3,0.0547230401378427,37,-0.01275407570932563,0.0506860908242286,0.10534976776594943,0.10528198691517457,0.1138045900957769,0.112795099562602,0.11288835550670329,0.11856135703144885,0.18036401826212928,0.17324611209923343,0.1841794675633558
747.jpg,2,0.04372937340910236,36,0.23336001062215156,0.17238838442383636,0.14987303631281962,0.1484375904978178,0.15385070695924716,0.15893582723573038,0.157825204248946,0.1602036614827477,0.11358970507000704,0.10357511918751086,0.09649878872688032
748.jpg,9,0.025852585495967004,36,0.20369383505294114,0.11278499585182684,0.13293275336314483,0.13288752317711974,0.13437585898822887,0.07277444327351401,0.07943708154252996,0.07448169385635389,0.0874008029759291,0.09054342870519247,0.08596072089376494
749.jpg,3,0.07222645366803193,39,-0.17472715966135066,0.030653207200723953,-0.03563521659791008,-0.03513900294504352,-0.03204811845433947,-0.046255142047345876,-0.0436881750502216,-0.0429360983193825,-0.022872319375895095,-0.023229588060107664,-0.02952317199298496
750.jpg,2,0.34983498343111324,36,0.4200916067632242,0.35272017847423076,0.20448372724997393,0.20275333336623436,0.202209669883535,0.18651599445330871,0.18753107261229285,0.19294691772372646,0.22240842014483567,0.21956681637314238,0.2140783454943294
751.jpg,1,0.4245049473480321,40,0.45515772475726174,0.3789747453471549,0.46309338063467465,0.4629990431102524,0.4704154329266044,0.4794339383568895,0.4783765116820755,0.4812856637197236,0.4730821540529098,0.4746957676886822,0.48195225520886276
752.jpg,5,0.20844189783460215,38,0.10125751566544239,0.08505280299375119,0.21327038690203476,0.20976188809276536,0.2043260065296798,0.21334865133291042,0.21469927672167696,0.20166110514495683,0.19601287020511488,0.18031599026780165,0.19204341165892702
753.jpg,0,0.04080813458642444,37,0.06883927546510737,0.08087277079929998,0.03740371043721624,0.03707727645818257,0.03521419147402663,0.04543626235539705,0.04766201783926466,0.04797726976384353,0.028348383694477564,0.04622762055490917,0.01861063481690456
754.jpg,4,0.15814081375073227,36,0.058643233340215706,0.07725340324812345,0.15625817710001916,0.15577093208594656,0.14982248301482198,0.20033020339767948,0.2000145519236655,0.2007736953242574,0.21318993126528107,0.21137932590316877,0.20854150772293123
755.jpg,7,0.24455445745427692,35,0.4403995393194497,0.3932543057048833,0.3448644376758777,0.3450709275653997,0.33835424562409916,0.3371582561193915,0.3367790087057464,0.34952331549586896,0.29030780242133125,0.2926199274270976,0.2883669464490322
756.jpg,0,0.10005211007879361,38,0.2920152074925775,0.22532522586400788,0.1645531797379795,0.1644638853282933,0.1622966521866066,0.16784933189570003,0.17090879871736983,0.15618583340514916,0.11810244236459232,0.11779921177399938,0.11672543136045008
757.jpg,5,0.06311881203437224,40,0.27604980894645287,0.2189167564273336,0.08542847172352852,0.08512818340396025,0.08460718101821038,0.07384221540141664,0.0800582608609886,0.08044430324005578,0.06620885232207302,0.059973085130799936,0.06564812776303669
758.jpg,2,0.06675667636040034,33,0.0064424984454849454,0.059156486024733834,0.020670867828676998,0.018631796238456733,0.023812140668116988,0.11848162387508779,0.11536915060105599,0.11649977778805717,0.07228430425044771,0.0675964215541987,0.09107639588974153
759.jpg,0,0.40046898941019254,38,0.24823829907124306,0.17321647455354827,0.2842972828330482,0.28406322442465376,0.27874773358609906,0.3621973451582754,0.3649773535787237,0.37600623306800496,0.32797126821268696,0.3148500235792612,0.3236698186668925
760.jpg,8,0.9046712196790255,39,0.6621449341627759,0.8142883616551049,0.7288617984319301,0.7344698632099869,0.7261816639451963,0.7359027360282837,0.739943536653297,0.7388447685074734,0.7625918611275333,0.7732061611545609,0.7639287346413817
761.jpg,1,0.49796902400274307,39,0.43577793208652327,0.3789747453471549,0.3826884647267845,0.3836892572657646,0.38640370439354,0.3352723433402556,0.3385212117609617,0.35324002779288177,0.40010770953280306,0.4026666166507776,0.3990210958262027
762.jpg,9,0.9385870823989043,37,0.7634045479336143,0.8302564021486892,0.9090130390039821,0.9095825565581049,0.9138658182824584,0.9080450305207584,0.906257211010135,0.903838808682258,0.8952992677536544,0.8951288532106803,0.8981471293113109
763.jpg,2,0.025822852599761775,37,0.10332595157440128,0.0838281791445372,-0.12740833775333232,-0.12871222794586745,-0.12145283105701654,-0.04684973118757718,-0.04854676268009872,-0.05074007392071528,-0.0821223091059286,-0.09008630498648448,-0.08189326834819427
764.jpg,9,0.051155115071779646,39,0.14171880157116645,0.10266632355612886,0.062088802209147614,0.062419056581496574,0.0690233873956494,0.02922871431454599,0.027381624402063542,0.015548194201700893,0.010924098388294862,0.007052546544168287,0.014487803113448494
765.jpg,7,0.2527358002323461,38,0.13637114884904855,0.09245949040187365,0.20384693838848417,0.20280856604187303,0.1955769678156668,0.25355249175823835,0.25542313510932946,0.24449090373945545,0.25061733639546474,0.2453482905413939,0.24907329199482084
766.jpg,9,0.08132956118455954,35,-0.09667846885129938,0.04396160951719659,-0.022922558329970533,-0.022696865391351795,-0.020951226844166504,-0.009978225550128839,-0.011308790850059147,-0.0030086824694765535,-0.052935144225204345,-0.051513191803082614,-0.05541636224620944
767.jpg,0,0.0739573951895264,33,0.21482168229640208,0.17321647455354827,0.16197941440434316,0.16242649891420824,0.1590964189957631,0.16919574558582678,0.16736330802578495,0.16106393148202314,0.16160056376790066,0.15660533756502695,0.16294506476734574
768.jpg,5,0.025273580214400824,38,-0.005583732130107322,0.059062624410804926,-0.03156395159663078,-0.03011445229813292,-0.026041196189179938,-0.0018300548731055022,-0.0052079308071987795,-0.005252812642725313,0.010552537468900725,0.021713822973463165,0.010326720672987205
769.jpg,0,0.9554455234454229,39,0.8705475475802746,0.8729107537226026,0.9411701363023783,0.9412746278321373,0.948790036882783,0.928639728633466,0.9297248549576049,0.9314767869040373,0.9086502451297407,0.9208764949465968,0.9089468163678405
770.jpg,2,0.11183041447582535,39,0.23377756411087142,0.17238838442383636,0.27765098133164445,0.27715504594077084,0.27453072532112155,0.2232517109725552,0.2229999881772742,0.22004381833491363,0.31305734679690933,0.3080833868886158,0.3075160595182036
771.jpg,6,0.25643564243800937,40,0.08808317076252314,0.0905351674444794,0.11446472825556214,0.11453990903242445,0.12025552619418783,0.10555446596141624,0.10577814516030601,0.10782329584677802,0.12522392745061914,0.12645073439174875,0.12338547006060523
772.jpg,0,0.5554455388337374,35,0.6006622802748802,0.6614512696456225,0.5021161798469246,0.5022578001363109,0.5061712542127216,0.5308744765940022,0.5299132064835669,0.5251144039246055,0.5010004995394948,0.4985843599628321,0.5024284009529331
773.jpg,2,0.31509231991210096,37,0.07248498694923322,0.08069978508416589,0.15362921697980628,0.1592316572957378,0.1489326199806078,0.18859518822591484,0.18852755603876983,0.19266644007721145,0.20447351698974112,0.2272813402038158,0.20484731572163165
774.jpg,0,0.03197752221210583,37,0.16428615795878154,0.10880517982917093,0.13283689209177033,0.1327115936054124,0.13134340221709673,0.08757496057039035,0.08783577260544884,0.10407786067807595,0.10832889056670462,0.09430789119610586,0.12011148815281564
775.jpg,8,0.05473047406930062,36,0.2341610550965016,0.17035578839766205,0.10935029927522297,0.11012393654668332,0.10790611319943852,0.08181442583175452,0.08931668218698174,0.07642244485964417,0.08666720830712189,0.08515719693309172,0.06911236514335482
776.jpg,9,0.026918316856608726,32,0.15111982165804305,0.10266632355612886,0.05946440471172548,0.05986619508963184,0.061694594264290276,0.07210683915037666,0.07009075845415749,0.07234945368000431,0.05665230345228728,0.05923563273838206,0.06134596833866919
777.jpg,9,0.0271608242135797,37,0.12677863728850958,0.09824223285682643,-0.09720712489146599,-0.09726667498334896,-0.09759116791864264,-0.0447993335482203,-0.05242514829375716,-0.05099136280061323,-0.02898296830481667,-0.02760728658379913,-0.018318769597861606
778.jpg,5,0.06903190401175784,36,0.23608125709640287,0.17034711880619444,0.21104621886351582,0.21068165931827787,0.21366376599795023,0.1718985799783058,0.18256786310002404,0.18732463889127407,0.20626923589181562,0.18845124209146186,0.20092984844426884
779.jpg,4,0.5675596968161271,34,0.5941887094049718,0.6671633992976035,0.6540380513635262,0.653406654978439,0.645684564379719,0.6768387789327935,0.673552807357302,0.678725603882536,0.5814358195432414,0.582439934361517,0.5863726670257151
780.jpg,1,0.02903398487565888,37,0.05780720746362489,0.08272920645988117,0.012582264399051135,0.012017593764177104,0.011925730555405412,0.04991341852173403,0.04815838899735153,0.05056987947193467,0.04385822090391939,0.0436123580639072,0.05516570691168873
781.jpg,5,0.08238131346372075,39,0.30648035526312034,0.2354575673029256,0.20870660437714678,0.20857465383375434,0.20678250599983836,0.19613786545181916,0.19542942417977,0.18766796026057156,0.22420820888391663,0.218067287751042,0.217890643416493
782.jpg,9,0.06097561033533477,41,0.052284208962077194,0.07888092093988094,0.13792879098868305,0.13712889824920013,0.133137884016106,0.0798358661375872,0.07885339703220268,0.06259659403347478,0.07309968703606384,0.07677277271082458,0.06523167399624946
783.jpg,2,0.11468646760719518,36,0.18568249462606345,0.11403317596848969,0.04823351374206525,0.05069640053660707,0.05082378257742276,0.011155130866224994,0.013843529841847668,0.020444710079987605,0.013992657566858968,0.02879584828964768,0.023333423803665404
784.jpg,6,0.05648641882894131,39,-0.11374270563396727,0.04615976376832619,0.008931180740488098,0.009583350812685743,0.01364447517687456,-0.013209871917684302,-0.016806035817174436,-0.010201329207953691,-0.009239526854210478,-0.005788464711172364,-0.02072662660133981
785.jpg,2,0.211180873090265,41,0.22991275250694554,0.17238838442383636,0.20785974457756504,0.20895530364973977,0.21495008153901304,0.2695021072578766,0.26644549585693167,0.26500786382785885,0.21087933852622243,0.22712259791884612,0.2231012331663489
786.jpg,5,0.1909476642696453,42,0.1457275742150722,0.09375199361545665,0.13860539625580764,0.14058452256802795,0.1449361871899716,0.15688772539630444,0.15692998555634305,0.16246093941989892,0.13920435506259365,0.13824914149284317,0.1343515641870797
787.jpg,4,0.6600659997719858,36,0.3189049155094273,0.2779542624929281,0.6241195508374797,0.6243392003836546,0.6197947704023277,0.661749268302437,0.6665717108156299,0.6648370791518741,0.6213253433837131,0.6148244670199055,0.6171433576551126
788.jpg,6,0.03663366341165134,35,-0.12350739667051802,0.04615976376832619,-0.03828167467681454,-0.037517450970138144,-0.02515501219941585,0.02199818545243143,0.023538736059686205,0.02691453695523477,0.004309950853942757,0.003460752631566949,-0.021966094759767102
789.jpg,4,0.029823713981342023,41,0.20261556906085232,0.16813054037514025,0.13273305114483774,0.13319913890189777,0.1242480728027851,0.10466005700816924,0.11005726370090527,0.10559263441888195,0.10202333504986616,0.09735005037383168,0.0844799863813662
790.jpg,7,0.03080308001436707,36,-0.060850908678729776,0.04675982649611991,0.05841577008823434,0.05776603901372526,0.053189836001102136,0.023727298492060123,0.025445558658228062,0.021334794126310064,0.05218436414861505,0.05197303867718839,0.06067415503271292
791.jpg,2,0.045596665090048,38,0.13301448188979315,0.0871365717591907,0.08612333035804787,0.083401309802307,0.08658259063487656,0.0803075549711669,0.08042539043681221,0.08338088224054352,0.11227379799589146,0.10628135685192347,0.11161846229879926
792.jpg,1,0.3085003624352195,41,0.2292107218909477,0.14899925499258218,0.18285243124580128,0.18291296265206475,0.18737614234628888,0.2570704028844998,0.2560274083827843,0.2594972988154749,0.22651970483181882,0.2269580298346714,0.22210399291377794
793.jpg,3,0.318227971259218,39,0.5198062070535141,0.547852635146345,0.3851755291125913,0.385433616222613,0.38530606671321144,0.37904721782506556,0.37993226633666805,0.3912539544474889,0.3540484422222775,0.3539258361831189,0.3557512723437951
794.jpg,8,0.6969775867305303,38,0.674008093867021,0.8291036201363157,0.7879156489009901,0.7885255725545387,0.7838844412129241,0.7075003342764146,0.7159508954010232,0.7117065893678428,0.7296143908993962,0.7362504864023187,0.7338794452016615
795.jpg,7,0.05995599477965799,36,0.10719958463958768,0.09245949040187365,0.10517318830290409,0.10601142865757224,0.10338246302054874,0.10790508920515923,0.11069121006128854,0.10586070054262439,0.10779665947984536,0.1077529076356351,0.10133062880445201
796.jpg,2,0.15886588623239237,33,0.4183697813324664,0.33057683004401894,0.28458003413856336,0.2821113228636639,0.2856345465345366,0.2547777884522672,0.2537000435115465,0.2506520783357946,0.2581591177122305,0.24901444635350523,0.26275634117702124
797.jpg,1,0.034653465200618315,37,0.01915861253745399,0.06203751294145813,0.10335077019476385,0.10396235962484215,0.10640476632023096,0.07248872848920127,0.0705230833961179,0.06726558440676553,0.09858345114893435,0.0975308795982732,0.09836364899022282
798.jpg,0,0.8243243122423017,37,0.5359931439665857,0.5342618607277735,0.6901852446307413,0.6905550860520371,0.7024117473833649,0.6234364533674659,0.6212837850187384,0.612978631669532,0.7343473116242241,0.7239309682014861,0.738809520832778
799.jpg,7,0.2605030764322224,37,0.3068343865054145,0.24264042063788177,0.28006280661553185,0.28085351227687805,0.28211727107194556,0.2567698895635506,0.2576240579397946,0.26112104326967195,0.2365945811384432,0.24215419695325374,0.23867138522492443
800.jpg,4,0.25351745837466105,38,0.376321084652832,0.32949061939437807,0.15079029881516276,0.1510008341573436,0.15699420117812352,0.13969454439405035,0.14269615546442774,0.13290457552791013,0.16812125680805634,0.1631830126689377,0.15422880054045457
801.jpg,5,0.19336051099440632,34,0.30355240016334467,0.2189167564273336,0.3094273394039441,0.30819027417073447,0.3064874521749026,0.26205558449487626,0.2685133623533382,0.26390363951901097,0.2829764645784187,0.28778364964177194,0.2888067962613584
802.jpg,4,0.5979676859110201,38,0.8604876656922633,0.892573537021361,0.7897122489861738,0.7906985655360266,0.785110955374251,0.7455108791630148,0.7515540297466997,0.7499374118026445,0.8017543725284417,0.8009144985661503,0.8058769345229582
803.jpg,6,0.031709928115880165,37,0.11212507475223465,0.09350601973726523,-0.035595427504397203,-0.031911052013040175,-0.054096802298849556,-0.023250714238353787,-0.022374506292160035,-0.017985892842745876,-0.07453098132191521,-0.06235920392764016,-0.06913339730549675
804.jpg,7,0.0676567661217772,39,0.11219163974382484,0.09245949040187365,0.09925865695550423,0.10064825783015785,0.10758424896383637,0.0761535290899448,0.07907184264051559,0.08253712836052651,0.11938139479484336,0.12168367325017454,0.11370238843056031
805.jpg,2,0.092282305435779,39,-0.00648384542122038,0.0537134385173546,-0.013316501963825222,-0.013704703174002908,-0.021070817918420748,-0.0002897114372701348,-0.004889773115333451,-0.006500768913109578,0.03598332595876699,0.041064420476999014,0.03207511239642505
806.jpg,1,0.026315789841311544,38,0.12271955486608388,0.08696600077595058,0.11784572382952008,0.11821813428493766,0.11688101572848597,0.08571054390385846,0.08891866530784745,0.0864482609484287,0.12511830444853023,0.12574065108595098,0.11556964331593643
807.jpg,7,0.894262487307573,39,0.6895193835627683,0.8263668485298996,0.7771551936370681,0.7758176631221638,0.7801937161033068,0.802807716134835,0.8050897972949664,0.7978506676945749,0.7987180616741436,0.7909817271807063,0.7806517980582259
808.jpg,7,0.12277227697195485,40,0.18589975306578377,0.10992061623006806,0.06215158989571817,0.06195897962621208,0.06173237232997847,0.027372413026054865,0.02635165982732146,0.02859419530875834,0.039342913802733664,0.04078937341275349,0.03736122911245457
809.jpg,6,0.29276997535381205,43,0.34335508848563717,0.2964616693142951,0.27992979142696683,0.28012386336766704,0.2823574564425037,0.35962473274861934,0.3557764393587636,0.3516238708165545,0.33239284305941497,0.32535780012524496,0.33083533140968985
810.jpg,2,0.08470847016562605,36,0.04701722093269656,0.07637236495700603,0.06404544396786391,0.06173113732221258,0.0640479668248485,0.04764615610281009,0.049832685234619534,0.05807766719051244,0.09328972563633016,0.09814293149809333,0.09249106668307423
811.jpg,9,0.09031308544296268,37,0.11554631348907396,0.0885016885813247,0.10134322607774537,0.10071793189892109,0.10145770506438381,0.11847015532328473,0.11701531498901213,0.1094833850033807,0.12532073978861283,0.11606051944789693,0.11838789882427075
812.jpg,0,0.15828204572804877,37,0.1608851193549271,0.10880517982917093,0.10416223438347741,0.10397430271602628,0.10364919791444777,0.1281355571554946,0.12668948958269183,0.12294114777065632,0.0700192012276907,0.06451594293434501,0.07280361235666459
813.jpg,0,0.03278030505454218,37,0.14373276310203997,0.09612480933775552,0.07204050568738951,0.07245942689383214,0.07728783027750144,0.03412915148741841,0.035918611206009976,0.04649098840101562,0.06506523290651692,0.07035657146024907,0.07331479623648134
814.jpg,4,0.04837983803273263,44,0.2456433750115115,0.18232693091440594,0.11715215338329385,0.11698242605799714,0.11719561052781252,0.1185923707374767,0.11613216501004031,0.12485038187069702,0.08616041077861658,0.08595336186504518,0.08601377711539947
815.jpg,8,0.2008858769029183,38,0.24874868538759798,0.18043383842456098,0.09231715598537013,0.09158961096915985,0.09112879665301579,0.19838800551459412,0.18875868685231828,0.19855673509548738,0.14159070985667943,0.13491717364729694,0.14655980378224998
816.jpg,3,0.5656846125791894,41,0.24177984488841686,0.1616590991434552,0.38608274570352075,0.38644375124114977,0.38827409223143616,0.46403971189873805,0.46472674510238965,0.4594293490887533,0.380450123913152,0.36894176781904453,0.3813781015166377
817.jpg,5,0.9015401382413175,36,0.7349125239450326,0.8211445553423046,0.8231793972430066,0.8259895660207275,0.8275109911475222,0.8233501572048241,0.8294893959116576,0.8216694297840161,0.8628718691610111,0.8673111370422484,0.858744408148499
818.jpg,9,0.026402640104707744,36,-0.06226025385620404,0.04396160951719659,0.019224865749373155,0.019668325872424675,0.01759409070430268,0.0006505984929722763,0.0032656434458098182,0.013490761781799032,0.04628191923571498,0.05080578051962792,0.04346376279186062
819.jpg,7,0.9048090364251818,35,0.7660973113521682,0.8263668485298996,0.8456962272110554,0.8450035155954073,0.8251801978318765,0.8277208905783596,0.8287398355111649,0.8128845814937248,0.8697314806621588,0.8752669128114876,0.8878622147180588
820.jpg,3,0.249381186964456,32,0.17253430874339515,0.11389496517094584,0.18781889620954728,0.18701625286609802,0.18817011441019377,0.21948932865394694,0.22205148502414163,0.22762292186001867,0.2111930141430508,0.20563442749110172,0.2101812875565496
821.jpg,9,0.09941129264346249,37,-0.039677470101920465,0.04396160951719659,0.006649920683472643,0.006543873395438049,0.006789036797172576,0.06755244550522274,0.06655984113901073,0.062025577089957235,0.09308469976192317,0.08734366983408454,0.09791996991117582
822.jpg,7,0.08198502859691294,41,0.19397208008750966,0.10992061623006806,0.06514079298032846,0.06560060202274937,0.06051489538637714,0.08876591370508191,0.08905885508224362,0.08559530338873522,0.048387743524550886,0.04673872134512136,0.053184304319545184
823.jpg,2,0.23097595561827933,35,0.2908430965768281,0.2279942647802445,0.2381593170990954,0.23713625414930292,0.24294480909526764,0.273953134615687,0.27098520021446476,0.26211118543468565,0.25310483904316916,0.25648391196497944,0.25876412986693376
824.jpg,0,0.4598608515854623,37,0.3143360465386079,0.2818106906656238,0.48982288602978785,0.4906177927326465,0.48517556998401834,0.5097641124645103,0.5109607020543249,0.5163966517123441,0.5466624281806629,0.5351631900432696,0.5506935048270599
825.jpg,4,0.03650990084861405,32,-0.0003901634642891061,0.0634406446141155,0.036947414728775746,0.03680072751647315,0.016303947273360125,-0.029650113116716947,-0.029944437630876786,-0.03696970209459416,-0.03377422259327398,-0.028710888640795962,-0.03435577948926366
826.jpg,0,0.15899825228980796,34,0.005341558496388066,0.060152652749432545,0.03709191430988562,0.037350484602719,0.034642719441674685,0.051182456812845445,0.053893748575866984,0.06206570848808418,0.005668368457527745,0.011650276533332588,0.006804305918662823
827.jpg,6,0.09860850908365604,37,0.06947106485061261,0.0905351674444794,0.009644651675432547,0.010960795131753076,-0.0005815321226754211,0.06054465137869769,0.060711887504377116,0.0604117952780204,0.07133025281117866,0.07645226675889073,0.09605080964485664
828.jpg,4,0.34455445480998603,40,0.15429344543556112,0.10610746766759253,0.12767234856484666,0.12750749039396572,0.10790624650655373,0.17515787038514014,0.1719434930891766,0.18093654300584872,0.1384092976593479,0.14225883333237974,0.14529254293026722
829.jpg,0,0.024752475297412813,39,-0.07872864328872309,0.047137475622535334,0.0512984886289824,0.051716908075567836,0.06137677222416554,0.05213781556175001,0.048213595950840404,0.0389824570672514,0.10706159604700712,0.10756848784149149,0.10833473736168886
830.jpg,5,0.09353830026903827,38,0.08149648792398645,0.08505280299375119,0.08450231735376115,0.0836119794073786,0.08772628062597077,0.16602138621686535,0.1553978283868065,0.16715493328172162,0.15060149133307918,0.13305031735318457,0.146995695340105
831.jpg,7,0.023949692466271086,37,0.14305092347319504,0.09986975099713806,0.13723985416106033,0.1374670959697966,0.1388832249427336,0.1001118674340673,0.10320269807988608,0.09688882997024476,0.08882446827559912,0.09046563824566435,0.09482383949443061
832.jpg,3,0.04483734121812241,35,0.29036998527738295,0.2283526204932256,0.28418955630673093,0.2840851723853339,0.28621745303988555,0.24685503173000856,0.2493823808418208,0.2551180740975093,0.29277712734128103,0.28866757463409937,0.3031828704056603
833.jpg,5,0.040099009976256636,40,0.1516276772634848,0.10881901318849682,0.07943490844083817,0.07736209909703062,0.07922630605055128,0.034422576261258664,0.0373898217243433,0.03249708808059448,0.09864482507381872,0.08445631959964237,0.09612888203067345
834.jpg,8,0.466336630564183,35,0.5086791649990314,0.4809193335538279,0.3718187480062122,0.3730551046633493,0.36137755715258923,0.35428131502813287,0.365850273584745,0.3666586745181085,0.4041403848049595,0.4081124070172775,0.40112614736200863
835.jpg,0,0.11716171513156344,36,0.1783624450362118,0.10880517982917093,0.21754831663990282,0.21638776652023087,0.20957626900569226,0.27270193713753255,0.2760967287706196,0.2666204295875406,0.1937007139767373,0.20234113688000446,0.21254325929207227
836.jpg,9,0.7749428708965962,39,0.7087104903771176,0.8302564021486892,0.7874336714038185,0.7879478926086945,0.7886646722417152,0.7445041368717169,0.7462499559469693,0.745804902035841,0.7635891303077464,0.7659995588552293,0.7595316057187337
837.jpg,2,0.6744714973720949,37,0.5031419079438719,0.5391577247554177,0.5520451376542264,0.5507084988108165,0.5556682773919509,0.5300678364179491,0.5310831314097018,0.536128536566721,0.5671740779935277,0.5661682927050555,0.56468401519533
838.jpg,2,0.7526021752960216,39,0.8699001590510897,0.8778256005418854,0.833587036068902,0.8318220853181072,0.8253354501239248,0.8455666364269332,0.8474838138802059,0.8533076674855102,0.927201020426574,0.9181403585053622,0.9169716444258058
839.jpg,6,0.04887027196729413,39,0.06697445614907604,0.0905351674444794,0.13751015633826152,0.13620150486819763,0.1415688792345386,0.08902083742575453,0.0880380369409326,0.08410643911891158,0.12563314778776802,0.12696991748488806,0.1370706777441233
840.jpg,7,0.9398514658212662,40,0.833460373955805,0.8641591485097819,0.8922417992119499,0.8920116920771778,0.9161022399254897,0.9141864880010538,0.9133295933643941,0.9215820174940212,0.9070888587892492,0.903951182677728,0.909870862487312
841.jpg,7,0.27619157086104845,43,0.07288799771828292,0.09245949040187365,0.3012823612054983,0.30082124045099856,0.2997940009671306,0.24512312479038023,0.24504652590718726,0.257426762340321,0.2636069788223231,0.263550864545314,0.2547349384966946
842.jpg,7,0.3589777876245412,37,0.45167349693423925,0.3932543057048833,0.340615942958504,0.3401165325225945,0.33799628934373066,0.29660181160465915,0.2967903572416952,0.30547289356894836,0.35551400186673726,0.3589513321660084,0.36748462009536925
843.jpg,5,0.07773615260029564,37,0.23838060606953593,0.18559673401908236,0.10886838459544981,0.10592226497231541,0.11165968082372696,0.1594793388587892,0.14569551925815602,0.142543457334459,0.1496184822309534,0.12125664279604902,0.13458592362158023
844.jpg,8,0.921534639596939,40,0.8805783885616607,0.911817497182564,0.8560726441137103,0.863296782556425,0.8442750303523137,0.8803538862736199,0.8868708330053741,0.8797370820002303,0.8811083494576957,0.8860949125831528,0.8488480429483196
845.jpg,8,0.48756029157159037,39,0.4293425593844871,0.38369255979442657,0.39748192008960814,0.40219945568603566,0.39331975158367727,0.3739138200021883,0.3865250372633694,0.36860888861336294,0.40677650515064356,0.4094596537570782,0.40311551054789285
846.jpg,6,0.7858259372021023,38,0.6578525334769089,0.8105165782479905,0.7368074581044675,0.7379067006661795,0.74146611770314,0.7218125179285715,0.7210685470951033,0.7204991016853584,0.7118891690725677,0.710698845320477,0.7153666736772156
847.jpg,0,0.10760812980956153,38,0.13379437606810485,0.09178363700124348,0.17674756816170747,0.1768399281737128,0.17844590782332667,0.15871461255190317,0.155884565015971,0.17297595194525653,0.13807660470101618,0.14011454869355294,0.1376554247201672
848.jpg,9,0.8969825424608731,42,0.8834892043104401,0.9071087710740307,0.9247314055249273,0.9253925169871988,0.9308143792387895,0.8955876501002081,0.8969682658724887,0.8869554330969889,0.9051325307339548,0.8967533742126408,0.9134409841802917
849.jpg,8,0.03033764926621165,39,-0.2127946089398629,0.027433387017162927,-0.040057413503444106,-0.0376080737187498,-0.04791482277090581,-0.056513236960759716,-0.046695919033113376,-0.0688147366224065,-0.060116072541697624,-0.052143831188525724,-0.06794917240740897
850.jpg,6,0.17051705117854807,36,0.21052444344064336,0.1705420677895202,0.08802661615905077,0.08823013963765758,0.09648571356018504,0.12263288069628334,0.12256247223170355,0.12580453021804394,0.10889047436784167,0.10412710842364922,0.12570199393494821
851.jpg,8,0.04152915264583296,36,0.047123867623812044,0.07720480173154516,0.013081244909131373,0.015019621224405755,0.00851198287726368,0.017339949540237543,0.016204612240978633,0.00998133743257934,0.038918135089285794,0.046913159188533365,0.04110744864260085
852.jpg,5,0.1445544570684433,40,0.23749961089572275,0.18541106790082665,0.12054056804092717,0.11952095400948279,0.1109148137596489,0.2159515994718222,0.20384152129841043,0.21272858786881327,0.15010859446354127,0.13914622219688555,0.147966885494846
853.jpg,4,0.048835965087385594,37,0.12133901909346356,0.09031865104030083,0.13641696313218138,0.13658801677347154,0.13101177809186065,0.0771526235139918,0.07715114835315273,0.07391118828064666,0.13758720645078854,0.13978515787858845,0.14249712415564464
854.jpg,8,0.06968773858478436,39,0.06327969333888206,0.07720480173154516,0.11211640463562247,0.10866231999345494,0.12259017831171648,0.13663406030899264,0.12977393911886395,0.13412824373460608,0.12916777585371042,0.12434619028824168,0.142250356620501
855.jpg,2,0.1534653475361043,38,0.27654261103891176,0.2279942647802445,0.2212341812588352,0.2184323296828713,0.22699547944230125,0.2389213730888224,0.23793921886428665,0.23332004532939174,0.22794845079015194,0.21302009012936926,0.24552858399437497
856.jpg,5,0.03080307983327657,36,0.03787176207486698,0.07956274420352492,0.08581465160717211,0.08852104711998926,0.09397142846112533,0.0677045360108686,0.0744198981792129,0.06959480141130114,0.14082910957778605,0.14360658861804926,0.13172313068673042
857.jpg,6,0.34666844793419177,37,0.31113166933559144,0.25750635764370744,0.1711755178711682,0.17115293839156964,0.17786068217641576,0.22402583530234177,0.22845433700684198,0.22948211849322853,0.26561433161653725,0.26058622838300444,0.26252282968838236
858.jpg,0,0.8835177447865991,34,0.6833318181617345,0.8256634164751945,0.7126483572431057,0.7129100527171246,0.7161439493313833,0.7769147831476471,0.7760940323329881,0.7818556509500729,0.7452769732494664,0.75049121723922,0.7458970815236916
859.jpg,3,0.3610949307844481,34,0.5250042041720187,0.547852635146345,0.2658860385356801,0.26597581567464534,0.26834404984771326,0.26719088374740996,0.26597147703976215,0.27442851578954713,0.28059563575903557,0.2861805990792824,0.28494490901918273
860.jpg,8,0.06363197399030734,41,0.19446210856361545,0.11147243874180873,0.06694254332395083,0.06971971112794167,0.07294825409725925,0.06149600862637347,0.06014530408094709,0.0678188540599392,0.047928888022821275,0.05301617452804691,0.04823391021329315
861.jpg,5,0.023189160997342122,38,0.07332136123145283,0.08505280299375119,0.005127654634244527,0.00467362470342253,-0.0035602948884351227,0.09569520599069553,0.08671154791409383,0.08941748191903806,0.08295319063052328,0.0802515532270443,0.08141623845737672
862.jpg,2,0.02631578980454881,38,0.1534339796108899,0.10764030628870358,0.0465181222766696,0.04909580543276093,0.03716022485427867,0.03650764761699504,0.03748138516244687,0.0392995206871507,0.050266071738972656,0.06731796493562345,0.04848459314370865
863.jpg,4,0.022002200337333813,36,0.027540533222749408,0.0634406446141155,0.06582774345227607,0.06625477045214648,0.0676503199254142,0.007259923881376362,0.010506097448754248,0.010358069585921725,-0.000512135594293528,0.0024187945703792735,-0.0020597047792787204
864.jpg,8,0.9310552823107417,41,0.5116675366958182,0.4809193335538279,0.7488621023152354,0.7448075927733142,0.7283261123442222,0.812845206568017,0.8118515022292894,0.8308512649716214,0.8001835303384175,0.7916303011196268,0.7935094853230857
865.jpg,1,0.013351334964461399,33,0.16709328970893456,0.11668608350343794,0.09278087271395596,0.09314254683646736,0.08783196413707467,0.07424218893914877,0.08320184262423291,0.08432650222588453,0.03735722836058364,0.03887635395347491,0.030370896688085958
866.jpg,0,0.08910891056681673,36,0.013354885391760662,0.060152652749432545,0.06939566434956745,0.06901158609449573,0.07327119116544567,0.09500505239434173,0.09800776818283857,0.10603679082700246,0.07231991355567505,0.0827429005227398,0.049449080572866594
867.jpg,7,0.8192319057627835,33,0.6127463601809885,0.6527743768882674,0.6731408528973991,0.674654789135465,0.6862320279465743,0.672960098356127,0.6734185622925597,0.6830679484392973,0.6969322430483846,0.6973673562716742,0.6875425007937179
868.jpg,3,0.0957095708258243,36,0.44557690516185133,0.3987099423024124,0.30783866553785066,0.30636191662650586,0.2955998937957641,0.2863688957268833,0.2974128862718926,0.2950263553825985,0.2970606311766315,0.32292493018804025,0.29861749591771847
869.jpg,1,0.6702970220474527,40,0.7877188225021101,0.8388715222685609,0.7836903562496138,0.7832419311931857,0.7770736828808547,0.7424276873765392,0.7403906831757681,0.7305281127999576,0.7877619379561764,0.7870177374850094,0.787785180625566
870.jpg,9,0.11760770678016785,37,0.270569751636516,0.23143298266791631,0.21356226169537476,0.21232448425831513,0.21063537900727397,0.15543607215111008,0.15998560163532316,0.15297412365825294,0.1765480100503233,0.17042470279416438,0.1718343688977266
871.jpg,0,0.08148247261556822,37,0.3229701547155175,0.3054483271341984,0.2923194850502221,0.29214627805506566,0.28271215190916577,0.2244893699039578,0.2265226120346647,0.22673518343142895,0.28642861876093273,0.28786521003502574,0.2764480839739183
872.jpg,2,0.014026402392321162,36,-0.04772718625400585,0.04710013709962234,-0.020087423435629137,-0.019097038752730555,-0.02386592461290571,0.0626966951955999,0.06027918237241481,0.05879784527326465,0.04338489969541681,0.0530684717817117,0.050544029138000296
873.jpg,1,0.017795022803585272,37,0.007766354206843018,0.06203751294145813,0.10132525120575042,0.10136371247641382,0.1021390785145653,0.08631368008992177,0.09653311261440709,0.09318365821891611,0.08189375477001234,0.08363503394029324,0.0801361911744072
874.jpg,9,0.014851484968162635,34,-0.051415089687175564,0.04396160951719659,0.0684091821856784,0.06832836970598752,0.0672836948239082,0.0228806939741224,0.028316308441164006,0.014432991166676512,0.040194636842753206,0.04386663108565386,0.04559578184362617
875.jpg,2,0.04757975869708591,36,-0.013921558561200476,0.0537134385173546,0.08842120235414808,0.0890218621339613,0.08776332903892028,0.11487375031738278,0.1132678146406284,0.10837676054196496,0.12022098566058637,0.11489573889309583,0.115706625697447
876.jpg,1,0.5264997001846924,34,0.5097540710628718,0.5312916593649352,0.555922015837558,0.5559990088076451,0.5501201077661191,0.4679948666702751,0.47463519855920566,0.48102791071937934,0.5260875116588501,0.5278428976883017,0.5201629045647991
877.jpg,0,0.02588401682940977,35,0.21967113720478537,0.17321647455354827,0.058292958564062775,0.057993748131620615,0.06073140657619486,0.08513373826765214,0.08618082032024335,0.08838047831723655,0.051341545644443654,0.04091197534846455,0.0630588217704412
878.jpg,0,0.03197752240088743,37,0.08585871718625104,0.09178363700124348,0.0885364175778989,0.08937407138504289,0.08948445046257461,0.10121835458721343,0.09935317231855939,0.11092740456904265,0.0806586923497331,0.08180974345700068,0.09073732458984396
879.jpg,2,0.042008487121867284,35,-0.000702305694832317,0.059156486024733834,0.08950325628311029,0.0896368179314315,0.08964007643865723,0.06021069024025805,0.062297910708644044,0.05965553645392391,0.044789509034677516,0.047122785299945597,0.04191843628387132
880.jpg,3,0.049142718758070615,41,0.12842417524903427,0.09343298057992042,0.1929083899675793,0.19292940570282585,0.19724390388033394,0.18196629716898166,0.1842526762155725,0.18562492934642,0.2017055701779101,0.207147712754382,0.20996832296786094
881.jpg,3,0.025334886001313433,34,-0.22282636942414102,0.03033764926621165,-0.19676415608314385,-0.1967819716080173,-0.1924886222839447,-0.09378416944875706,-0.09389927607544696,-0.10633413011485093,-0.12076329904974287,-0.12329875280543251,-0.12454958590766263
882.jpg,3,0.3176017585210502,45,0.274061350191673,0.2283526204932256,0.3040705392913808,0.30459828054374427,0.3089364607859321,0.2962343443867966,0.2938169643775285,0.29235672402058444,0.29443273424155564,0.28245655186983354,0.2931281030064991
883.jpg,3,0.1100533123080356,39,0.21547484268868689,0.15741149184841272,0.1742162634516638,0.1743757184064664,0.17496249808436332,0.18082424600594368,0.17732867610519723,0.18694888618918767,0.2193893709734664,0.21005374210266414,0.21789592436305924
884.jpg,8,0.13687449805690227,37,-0.0016124335403220336,0.05613198961494695,0.28086573098504486,0.27457418774812475,0.2731321232230592,0.25538650853405986,0.25773944228134754,0.24913310804988606,0.26900585871917404,0.2663771812209394,0.2760940015264373
885.jpg,8,0.10093509348937207,36,0.3026830253077724,0.21825878335516818,0.24728025076067614,0.24385512418321093,0.2420259739614557,0.19687181352325211,0.1989884264197252,0.20477875883981533,0.20227593557239712,0.19592692067842485,0.2010031828075162
886.jpg,7,0.1695898173243872,35,0.16175019958301218,0.10992061623006806,0.08753007816985506,0.08716800091198812,0.08576173315238594,0.12990466332163061,0.12929720914744738,0.13300187772336153,0.10947040391084564,0.10565233565339646,0.09577980799725785
887.jpg,9,0.21474444528890624,37,0.20885426975004773,0.1710332517940374,0.15802347565866565,0.15844421466678824,0.16479013915047558,0.1511354967481971,0.14867443293451374,0.14288116181364374,0.1444150730831809,0.13619753859312647,0.1476904575592346
888.jpg,4,0.9111661021080282,36,0.9209575665418543,0.9128543509314551,0.8748142771151992,0.8754408223527954,0.8849580862565974,0.9220405609793759,0.9248909914816118,0.9256429412333298,0.8481567468860622,0.8532542878781546,0.8615112334934227
889.jpg,2,0.07698019844247028,40,0.1801655053357104,0.11403317596848969,0.16910273396059666,0.1700882807723707,0.17178293085039956,0.13105305268877138,0.13236227482469723,0.13041529495770518,0.19967558722687606,0.1937903813735393,0.1953563336398613
890.jpg,2,0.35416109116143873,37,0.42707103219588793,0.3868347184467692,0.39933819891740596,0.4031923369095272,0.40619300413735737,0.3617663081192993,0.3630276061266365,0.363387796990795,0.33987354770587075,0.35343962289138686,0.343646885839618
891.jpg,8,0.2859245371199339,37,0.16752588655385492,0.11147243874180873,0.2692230675537086,0.2722929275181457,0.25623451387939217,0.28831785703559604,0.29230099947602317,0.30233616438823246,0.2680421325310868,0.2728894768900784,0.2695411732534321
892.jpg,1,0.025247524597216398,40,0.09201729623694033,0.08696600077595058,0.1495453886169179,0.1493330628131272,0.15379845985908713,0.09168398632766575,0.09555616100493516,0.08497508324679426,0.07412337378764938,0.07685587842009553,0.09433102392707547
893.jpg,9,0.030591520755432356,39,-0.03540054362273415,0.04396160951719659,0.022764004668216903,0.022460374912276204,0.026302106634576466,0.0046718003893654325,0.005079718459657601,0.004874690721451247,-0.00016688038399018112,0.0023989333355914633,-0.0006739860153151811
894.jpg,9,0.2583623232470976,37,0.27431556248291905,0.23143298266791631,0.20733732971560942,0.2080916946629392,0.21380016745743305,0.26175325946532396,0.25946481684302725,0.27239638002473743,0.19382924989413455,0.19676773757092902,0.2011754766637275
895.jpg,3,0.034653465753086865,39,0.16560427803419964,0.11389496517094584,0.0329378322320007,0.033715304856115375,0.03385240794285985,0.0809876608000186,0.0778601011300391,0.07287322555298861,0.09128594151788044,0.09739241383399769,0.09335550439553442
896.jpg,8,0.02117711763518552,36,0.22115262763262278,0.17035578839766205,0.13403100521882716,0.13726071992996894,0.1312568248569538,0.06893598980544932,0.07717193441074596,0.07629546430540476,0.07970607400256137,0.0881375278547314,0.07736353334011305
897.jpg,5,0.07578065544844438,39,0.007190367682097465,0.059062624410804926,0.045288410311718624,0.04790113450931713,0.04696434869314725,0.09499048884759487,0.08613220851170725,0.08791929990343139,0.013931577627068814,0.03702892078906453,0.024826755271648848
898.jpg,6,0.037953795748762786,36,0.03536396551966092,0.07909843229091319,-0.03384230567419805,-0.03353384110749641,-0.03303783714009084,0.011004472956330058,0.00997955825022906,0.015067244426170578,0.05719437031195296,0.05776650386247634,0.06322510990891186
899.jpg,1,0.07571345295154434,34,0.1108787264678106,0.08696600077595058,0.051042587818422,0.05145960699306673,0.05092749077208472,0.06351914737716227,0.060832702283360324,0.061689016862140705,0.08669395565296538,0.08546014034092936,0.07876720470469843
900.jpg,5,0.27151561019798887,39,0.23455718167483813,0.17034711880619444,0.17354282255562203,0.17095728247848582,0.17802046837295224,0.1868798746172134,0.18405553696748247,0.18741070064309723,0.22647616756344857,0.20818081386333834,0.2292848297225883
901.jpg,8,0.8063954992874248,37,0.5021850183394057,0.4809193335538279,0.7501766932525311,0.7540088169819346,0.7379170752555864,0.8138920312945411,0.8082327625719247,0.8282458063194015,0.8227782486854396,0.8297036389656556,0.8259777610508925
902.jpg,5,0.1789994792351009,38,0.1514320840071297,0.10149167498890942,0.1372155888891024,0.13706284226593893,0.13388165700413843,0.1126867896549961,0.11196297327972507,0.10749542077408444,0.1582230098375125,0.1565969473161991,0.1479440439930865
903.jpg,9,0.03658536631931982,41,0.26961836621663116,0.23143298266791631,0.02782524539932546,0.027075312320362865,0.029848150065109463,-0.013418860294783008,-0.014007731069025475,-0.02623291198819161,0.06824581079273981,0.05738677728300612,0.05793525914283047
904.jpg,9,0.9093352045331683,35,0.601827977397174,0.6290561766464906,0.8408641648561945,0.8400290702001416,0.8338208410162977,0.9080100280970357,0.903208013433241,0.9046699247380017,0.8995054939333262,0.8944954269932921,0.8909034836311538
905.jpg,9,0.09240924279826383,36,0.26831486435970486,0.23143298266791631,0.05578924412293415,0.0560248292201285,0.05459193651671976,0.059098269116300756,0.060686812402143214,0.08072102405880938,0.03267834428402297,0.032503709504877326,0.029463021857625588
906.jpg,2,0.04251601596308105,34,0.1869529138796221,0.11403317596848969,0.09654254758828074,0.09568503522641766,0.0976933602382194,0.14949699468361152,0.1454776746678791,0.1462356310029048,0.06628373750570532,0.07398416813391295,0.08245817536708874
907.jpg,0,0.5750390804054117,38,0.16058804217305023,0.10880517982917093,0.22515666698263256,0.22535581309962527,0.22166771943572097,0.18814860808264927,0.1899011101118364,0.18248577951963177,0.2311793318350762,0.22795257654872383,0.223590997824735
908.jpg,0,0.035956226963255754,38,0.16448607989932618,0.10880517982917093,0.04132782803664012,0.040903618751294585,0.041854378732974123,0.06838160548951411,0.06494616891954685,0.052322742585275916,0.0803820271084864,0.08335389367744162,0.07781811526218052
909.jpg,6,0.03162816296228104,36,0.21047982732422887,0.1705420677895202,0.12017046735036849,0.12196680014574646,0.12028634592421797,0.10324141351270125,0.10358460279829032,0.10076603869881248,0.06672469339901023,0.07202025253124705,0.0649364803173868
910.jpg,5,0.04749799348615311,37,0.1261005008872258,0.09375199361545665,0.10961927106976221,0.11328367832963504,0.11367870067298236,0.1184828586257752,0.12129332134274737,0.12657199963508267,0.17327407391396696,0.18329994096225516,0.1639676883581439
911.jpg,6,0.18545315862418368,39,0.2483799092561318,0.1744240424722888,0.2574619433710369,0.25910259898210114,0.26876058886320214,0.24533109681864812,0.2498930730746238,0.24822298533295714,0.2912817464027221,0.3008798566864316,0.30506957247614264
912.jpg,7,0.5480905213925455,35,0.5790535269410289,0.6284078276900482,0.7041215253073385,0.7020336305901453,0.7042571563961939,0.6538390820328476,0.6530580899231315,0.6605931307128835,0.6873663945209847,0.6853377090211433,0.6849036504618288
913.jpg,3,0.5264026366898583,36,0.4244512712656812,0.3571726918534368,0.3485410655260274,0.34926034884193474,0.3500865072824185,0.34119689926831115,0.339478547130564,0.335658458805965,0.3817322824772516,0.3771759533351473,0.3776783440429383
914.jpg,3,0.8521541228165498,37,0.8211793825350069,0.8469963165931621,0.901062451876031,0.9008698636323202,0.8991793303626818,0.9050470456748039,0.9020491743134186,0.895024342474255,0.9547261888046876,0.9625236481327151,0.949794319117008
915.jpg,0,0.8940086176571174,39,0.7106249590322837,0.8256634164751945,0.8514933572886378,0.8514957597364236,0.8455455863778681,0.9510307727427469,0.9555834858453702,0.9486057743088043,0.9269250608474211,0.9197468203906511,0.9046935891515009
916.jpg,4,0.039895166382741404,34,0.06779110907300734,0.08278794742185568,0.0031936389149889166,0.0036982780334712806,0.0048791241830746235,0.050621546186110505,0.04591603031004898,0.058964098333395054,-0.014514304032787556,-0.015483754067832006,-0.01342603690621419
917.jpg,6,0.10289001885197453,37,0.10818264765647667,0.09350601973726523,0.21336190130441382,0.2119609610831904,0.21152079355701592,0.14535090183916458,0.1463271738053737,0.14071487153660195,0.1782667931494896,0.17450260889102756,0.1744958979108419
918.jpg,9,0.9680224560402535,37,0.7274374734984139,0.8302564021486892,0.9063919709373155,0.9057085424905881,0.9012743016695213,0.9389002591624797,0.9337862129686354,0.9368885630176986,0.8790961314948935,0.8715917587671349,0.876671572469763
919.jpg,3,0.2722772270655976,39,0.3863233856890361,0.32974927925934716,0.3534032233136337,0.3536527309151702,0.3526147520955081,0.30920023515409417,0.3104257943237472,0.32038407281804876,0.3513213093430785,0.34937760663968076,0.3441267955759415
920.jpg,2,0.08688118876889347,40,0.31116375554680714,0.2684806602004358,0.2267734331439816,0.2270421171578372,0.2234581740355598,0.2175169761107747,0.2164804494064288,0.2099416524184302,0.23685676507579723,0.24688947081377757,0.25497506910022477
921.jpg,4,0.9146767469013438,34,0.6639820144902475,0.8126710213490494,0.7704707816809465,0.7708818930423074,0.7667213189199634,0.8297887330380579,0.8297719041395392,0.830200335840179,0.7626825380399602,0.7643397064324475,0.7516739436828581
922.jpg,9,0.9708181133395747,38,0.9201526137841816,0.9071087710740307,0.9090139602540764,0.9095154209953842,0.9188902766932958,0.9180140221407616,0.9118772202182428,0.9041143574445951,0.9180489088059953,0.9211526088586299,0.9385138148843989
923.jpg,5,0.9267085049210525,41,0.6679131381638184,0.8211445553423046,0.8164467113868541,0.817164739600478,0.817522132750123,0.8157527247800904,0.8141641840070521,0.8076862593650156,0.7867784855825679,0.7927213805956997,0.7823413130362198
924.jpg,8,0.6999516931203443,41,0.7266032366015643,0.8291036201363157,0.7462831332660249,0.7476610199157117,0.7518068180701676,0.7460478227387435,0.743395858569168,0.7417308941953982,0.7498661502123718,0.7466918413045684,0.7430808238902427
925.jpg,2,0.19280171294923168,37,0.22122759554460436,0.17238838442383636,0.28212302372473796,0.28421514911416157,0.2913196858324624,0.29954339788898404,0.3002576195532084,0.3027402824943372,0.2715213635640601,0.27593295195020023,0.27872567483213917
926.jpg,7,0.03647733195439765,38,0.11736929900695459,0.09245949040187365,0.018620467292000398,0.018108149772823712,0.01589033057425332,0.008889528595747487,0.009002178816459039,0.006468635017516766,0.03039457135763529,0.02741730341243992,0.024369809553449834
927.jpg,0,0.044059405860025436,40,0.0392577600654187,0.07843474573306089,0.0645700685807998,0.06448066615769465,0.06090475051714048,0.047644052985588214,0.04808674571351618,0.05749435598823682,0.06885248913111092,0.0691333530600852,0.07199267478539483
928.jpg,7,0.03630363005989542,36,0.15924127904320817,0.10992061623006806,0.004339072740938366,0.004708529399761019,0.007061057809766402,-0.028107662900635155,-0.027715698985708304,-0.022499911333506928,-0.02068260174256059,-0.01699870968317746,-0.014356291969224999
929.jpg,6,0.5302687441797129,35,0.4706838032796007,0.4660004801807012,0.43162951086563894,0.43164239810416505,0.4261054660734144,0.4069822710922063,0.4076723911240925,0.4023164469053465,0.41747330890493306,0.4105446353429606,0.4299078496884987
930.jpg,5,0.061244694928505594,35,-0.04149039431258772,0.0451188606233738,0.029108577810189107,0.028711284828941613,0.02920054744897596,0.07052788330969031,0.0691045451637523,0.07558353639639856,0.05545156681908986,0.056165977048738575,0.047489057591994455
931.jpg,5,0.06377402424593182,34,-0.10348443088945825,0.04435740758591622,-0.003371801238676364,-0.004708333752863669,-0.0030990650482633497,0.028041105477577433,0.027709183729546283,0.030680822460557478,-0.0074066306432865325,0.0008151575597973859,-0.00649431970147088
932.jpg,3,0.036176694688411094,39,-0.023050400208891264,0.04588519817390452,0.0611811776387485,0.06067022004464773,0.059317900396338025,0.06708084122059468,0.06507916942021619,0.0740125775157223,0.07151489779262088,0.07432445527550682,0.06772714029885898
933.jpg,7,0.055280527824329004,36,0.22319938589479338,0.1544335050115881,0.16075233432602296,0.15994235113914806,0.16109662232703326,0.09765225457023433,0.10058629541153422,0.1035800271792334,0.11976419454848915,0.11683651890097103,0.11696772624028556
934.jpg,0,0.22960867338059915,42,0.3732210901157585,0.3252013798013883,0.226915733190504,0.22596351049463254,0.22698949160986123,0.2984961969449859,0.30179628883267023,0.27645474924407293,0.26582570512367937,0.2677352879868643,0.2684715106479003
935.jpg,8,0.06355365265060116,37,0.07017679945897304,0.09022034348362962,0.08791537904455052,0.08795124046603195,0.08813728506975024,0.10704203113698507,0.10797104557170442,0.10816876020364669,0.1504157364015373,0.1505411900746865,0.15324611906342006
936.jpg,0,0.814958513626275,37,0.6360841680273905,0.8195932390994393,0.6959289111172202,0.6962700052006636,0.7061597673986049,0.7789518020139341,0.7799650632410449,0.7780074125697473,0.7520430879791342,0.7614431244753761,0.7581111023705575
937.jpg,9,0.12898789842923483,36,0.19362558593682788,0.11278499585182684,0.18922565516733253,0.18877580242569944,0.19425142824526825,0.20296969513349183,0.20386220728821708,0.19793055868135148,0.17811710472602235,0.18002869116844314,0.1901371049962341
938.jpg,6,0.18391089437063785,40,0.17076569086125526,0.10969353815065673,0.17111053822627662,0.17188625391189752,0.17177392021483842,0.15541541007278076,0.15826103890547627,0.15550350224204218,0.15105288079053486,0.1492110979780368,0.15968655735580725
939.jpg,7,0.17299973405897617,37,0.20312714375592322,0.1544335050115881,0.23803708749916022,0.2396582468665055,0.23238648447900312,0.26895517801374846,0.2692162165195339,0.2707330506809271,0.2682978404334498,0.27106574720725235,0.26605411085768477
940.jpg,2,0.38026709381360996,43,0.45925483862947625,0.3899005310155961,0.4878477473302204,0.48925890768744396,0.4895116541233372,0.5393381617277837,0.5382354163532593,0.5335688176085773,0.5334996881435967,0.5356190348091593,0.5417836665656399
941.jpg,5,0.2730800107725569,37,0.34884440167405023,0.3174853331550328,0.3085798264590279,0.31078337394918665,0.3047856881983274,0.2803299029007238,0.2819700748807388,0.2749527172169577,0.2499394585251199,0.25290549421574754,0.2509781353776682
942.jpg,6,0.1170007257449736,41,0.06313669033015068,0.08062979660919803,0.16750939812295396,0.16446173618016124,0.1645008097363331,0.11017610913302336,0.10819372419252707,0.09821893005944299,0.13973738034293365,0.12782272417820367,0.1406414233657774
943.jpg,6,0.4135474484731875,41,0.2977727908534993,0.21055097669596728,0.4093305377179647,0.4068655259470165,0.40073134361291574,0.47551512434680565,0.4739354828993101,0.474811310686566,0.4084659432027846,0.4073144342092091,0.40027445979566945
944.jpg,1,0.21693323338881898,39,0.4151421543309244,0.34999447819696666,0.37843219083245694,0.37882346891326657,0.3835198966780847,0.34580952378995855,0.3463600786530737,0.3494598478468595,0.39279927175777307,0.39499818128052167,0.3899553908959944
945.jpg,3,0.04220948458992337,38,-0.12138114974689251,0.04588519817390452,-0.0307848690868589,-0.030826344668935357,-0.03468774314097395,-0.021812513899918284,-0.02479065058017127,-0.017638326781364067,-0.012072905902557662,-0.013981285125510723,-0.014237326163898223
946.jpg,2,0.7713406384368805,37,0.7164264430039835,0.8194997091332786,0.8076462547583293,0.8102009024213718,0.8084550165841172,0.8332955881726729,0.8313784519764823,0.8265788283169124,0.8483607060381259,0.8492958927503235,0.8446377604922395
947.jpg,1,0.43701870064251125,36,0.318156297530532,0.2829656260725926,0.3144685580200167,0.31580919269179164,0.3195712309417108,0.36394191284177096,0.36520979041901536,0.3680575690626936,0.3587319533299867,0.3637267615423735,0.3674417534748455
948.jpg,4,0.038969281201179214,39,0.17281197882657306,0.11542028892925937,0.17495620513261587,0.17516029245321751,0.1743605844253397,0.1638843267524784,0.16829741936441006,0.16604006877405983,0.14280312917980761,0.14641661974918826,0.15319973783026974
949.jpg,5,0.031741409822750616,34,-0.008342620689780977,0.059062624410804926,0.06078145437245802,0.06160522012074349,0.05657783712029471,0.07565072396159228,0.0747641309036092,0.0769785890420954,0.05823095482888202,0.059775508981912834,0.05136953305401393
950.jpg,4,0.04187851259484887,37,-0.013574642092010314,0.05662182306211851,0.0031901317400382934,0.0029328895560311596,6.917667364381153e-05,0.016344887060878055,0.01712161298772169,0.018098904774396574,0.013411833529972217,0.013654189562426783,0.01253073162015847
951.jpg,2,0.5537128708790988,40,0.40632604919949317,0.3239115061139948,0.5389049171118987,0.5357288634106059,0.5374160696313464,0.496682984747734,0.49367816112836616,0.5036602172974242,0.5587632710743661,0.5583339460195731,0.5507196274865123
952.jpg,6,0.044554455721801195,37,0.009549615287220536,0.0577014529451478,0.02336658993414098,0.023382383597533113,0.04196030970905354,0.06539074206934378,0.06100853323285574,0.06374374356238624,0.056056700439707285,0.051501619671020404,0.03786618646535453
953.jpg,1,0.13389362217208675,43,0.2901305236286639,0.21111957116287813,0.08139540180369834,0.08246677107832406,0.08743102335576527,0.0910387380317074,0.08290083759475744,0.090070816895743,0.09176780154729816,0.0946753666555107,0.07955256008350747
954.jpg,2,0.09272143485125255,37,0.08628029048185759,0.08220653567574492,0.06517998009644554,0.06287329565971386,0.07045192903149394,0.05220880068913131,0.05342759472334235,0.05787072569664964,0.07813455484063252,0.06695906741329691,0.07365287879000257
955.jpg,1,0.44947956218264806,39,0.5611758916080428,0.5620538013313692,0.5501510271168963,0.550298405565967,0.5498707713342594,0.5887334250847911,0.5878860055934934,0.5889779456720607,0.5594875081234569,0.5593868205104493,0.5595736144278305
956.jpg,1,0.31188118899604533,41,0.18690066476500133,0.11668608350343794,0.3325518834480917,0.3311353734826987,0.3183656019777396,0.3031533771416595,0.30737188170132945,0.3109244548226552,0.25759454244200064,0.2571307931058678,0.2446851099430511
957.jpg,6,0.054455445777322795,37,0.08087329547077138,0.0905351674444794,0.11317521312753681,0.11249086113763296,0.12328598167691085,0.10685224048412253,0.10387015176385567,0.10702436099691331,0.06234919725406665,0.058313217093135,0.05715657389341568
958.jpg,3,0.03418198947439946,42,-0.06966371099281898,0.04588519817390452,-0.07770970937320154,-0.07820780375656161,-0.08076192320626963,-0.10740636331559394,-0.11014856463259787,-0.11565735036910946,-0.1057983816186574,-0.09400480184880472,-0.10048432431271598
959.jpg,5,0.06714902295229527,39,0.07204345593810313,0.08505280299375119,0.03907713192207643,0.03638256388040523,0.03941320949768806,0.03461160307802419,0.029062762558266453,0.025133316993797283,0.02274984564067556,0.007726572745965027,0.01994409209358247
960.jpg,7,0.09983498359926873,36,0.24127129471021613,0.17574664971982815,0.2813667441803114,0.2804030789485027,0.2787452706081577,0.326343903916689,0.32491203110808353,0.32163030992173275,0.2605919730441867,0.2583856218430366,0.26045271475739307
961.jpg,3,0.947476434998396,41,0.747688149829459,0.8271674701275742,0.8535293690169863,0.8528375242569055,0.8379307606860043,0.9620535783374191,0.9610404163890666,0.955878753463067,0.8964350667113532,0.886262425960266,0.8897332858051817
962.jpg,1,0.03682685399246288,41,0.1863651457276696,0.11668608350343794,0.1978091924580797,0.1978768112105578,0.1991359094254691,0.10770755197141824,0.10987831849690655,0.10314284091541745,0.1807664221019656,0.17929369120299593,0.1799883655295228
963.jpg,6,0.036526625321523565,37,0.16376502672212878,0.10969353815065673,0.06872638212039567,0.06881115978011637,0.07268991628683788,0.05560614111821646,0.05558600036519523,0.05592973362347922,0.06780698797464209,0.06369728567432623,0.06783213437496703
964.jpg,9,0.22089911789658503,37,0.36359518078060715,0.3274555538323505,0.3548231490200617,0.3548317988672297,0.3548973338700723,0.34960224448651395,0.35114051913246824,0.3514493856529395,0.3502451564524175,0.3485011326156997,0.3505819706476574
965.jpg,6,0.033446028181238145,41,-0.03840023294191919,0.047867178442361276,0.047170704824159554,0.047665169894993115,0.047660665732831564,0.062361730865874515,0.06332734884853738,0.062468191335116136,0.062420655821386964,0.06406198403705651,0.06876119838284946
966.jpg,8,0.15270373249092165,39,0.420886882404063,0.38369255979442657,0.24505729384136718,0.24367907426127175,0.2512097587498228,0.24546977640803164,0.24518458285384467,0.23630604162221208,0.2074331245313809,0.20350077491324053,0.22313268559098193
967.jpg,6,0.04125412548374799,36,-0.060251435485210614,0.04615976376832619,-0.04496316466802214,-0.04388397192477178,-0.05075587771251899,0.025054678769310668,0.02537415333574017,0.021949068056519694,-0.00035332648241850895,0.0010877138751990978,0.005525016940961858
968.jpg,7,0.05854498485670141,46,0.0814113598538887,0.09245949040187365,0.15673003816104358,0.156941604239058,0.15377386061424414,0.17368562712841923,0.1730802948139775,0.16695430570925193,0.10138463041654426,0.09775177129393936,0.09313337967149578
969.jpg,1,0.07073707453285655,45,0.08558346114218884,0.08696600077595058,0.07881207313129199,0.0787298096677641,0.0757136067818617,0.05307287575649494,0.05621232090146072,0.04604363828405278,0.015554494534885,0.013381868185654872,-0.00246319629244543
970.jpg,0,0.0648394112429786,41,-0.005233894049794352,0.05975024932577934,0.16227028730322918,0.16204503931314587,0.16030476097713436,0.12561406364706196,0.12440252076971647,0.12418388430737856,0.12436390013618205,0.12263648131948401,0.13215554702914722
971.jpg,6,0.900742557644844,40,0.7905718888832058,0.8302449055608385,0.9316248538543512,0.9337533614799498,0.9362837016204046,0.908293089338882,0.9086345595332133,0.9208224719041159,0.8980367860745859,0.9110387726930427,0.905756811081615
972.jpg,5,0.5273857152763199,47,0.4324934845397768,0.37973103047151907,0.5443888477643755,0.5435437381298848,0.5348606031660987,0.5924643469038053,0.5846843164935169,0.5890947648831037,0.5831796570042319,0.5919813145689077,0.5965765805855768
973.jpg,9,0.5108910873881541,40,0.3572221245649244,0.28838072923715424,0.5411339653551994,0.5409280421943568,0.5447175297144469,0.49889383996287157,0.5057264889636703,0.5025936757350059,0.5061845716509655,0.5038182312574236,0.5137670728281961
974.jpg,0,0.03490733666918599,39,0.1592148304069705,0.10880517982917093,0.14821626143510175,0.14801548764300732,0.1457357983117761,0.09943413962680839,0.10063523903146679,0.10558161090580834,0.14645414331380324,0.14671437223623185,0.14936697077979597
975.jpg,9,0.37227722788229584,40,0.5660257633752068,0.6232217491144839,0.5576494612221561,0.5575660909501954,0.5525987291652408,0.5107752513204504,0.510949936480092,0.5174204596363257,0.5310437653715052,0.5331930636952922,0.5257311116786603
976.jpg,3,0.5383345980603153,39,0.6136745187888489,0.6892881565155228,0.651091693178585,0.6507157512573569,0.6640056746169357,0.6815908569715414,0.6837669131698298,0.6780643516609021,0.7134903185101704,0.7155848116119995,0.7046529826032428
977.jpg,6,0.13757165139050861,38,0.08155651804747588,0.0905351674444794,0.25594577596464746,0.25547963475544583,0.25671781982076874,0.2508089259296279,0.25105994950954197,0.24648623945694298,0.21046382121474277,0.2167367752460078,0.21177869131743152
978.jpg,5,0.12404526142137391,35,0.23024526945138185,0.17034711880619444,0.16725209951365333,0.1671385916397577,0.17163578115314604,0.16701008937682152,0.16541956883531408,0.1636676728568402,0.20188966825852797,0.20051341516534052,0.19691779869351206
979.jpg,3,0.0674028953967186,39,0.03773709620231436,0.07399513857971551,0.011117727202122119,0.011154097085287917,0.007795984059351224,0.021191796391639317,0.01505432597652917,0.015313222387917769,0.01211717436422699,0.00714646003223951,0.004499343239306952
980.jpg,0,0.04749799290722286,37,0.3092288496677999,0.257646747629909,0.16655236964569786,0.16677585540501882,0.1653094439121405,0.18192948333999448,0.18568617641767707,0.19389925925460444,0.1377290621286281,0.13493216901180483,0.14012777226811285
981.jpg,6,0.032581165313807336,43,-0.10262360075629906,0.04615976376832619,0.059953050899346216,0.05993438255633479,0.052657451425064644,0.04815848320457927,0.046693507618867314,0.04554700837754708,0.04640697040104644,0.03827335303760848,0.05503517810604179
982.jpg,3,0.06875687576312986,36,0.3129808488536751,0.2988385305882715,0.1441465338494316,0.1437848476492389,0.1388625844502291,0.13139932345163333,0.13197030735035992,0.13540704970459524,0.1603938116128686,0.15896092400497353,0.14921777971149347
983.jpg,3,0.4813295592953052,35,0.21996990880495404,0.15741149184841272,0.3753168176856962,0.37396636789896626,0.3589261062931282,0.4412629135440588,0.44598732784257034,0.43975326916089635,0.37232518005768156,0.37675120522108396,0.3773585459700963
984.jpg,5,0.42224100220766736,41,0.5418646215872642,0.5467929218795077,0.4751077596498773,0.47405279856318966,0.4758313827385069,0.44793070347677233,0.4552906481904626,0.44571960608376837,0.48735412594399213,0.49112291318419976,0.49396965722984426
985.jpg,6,0.9015401362105169,36,0.8833935746135633,0.9101506201764687,0.9061283052669846,0.9045638710620874,0.904691298125555,0.9662094058029798,0.9647366055108584,0.9712251745125587,0.9338498301967073,0.9302504089312083,0.9396876488323916
986.jpg,5,0.04653465391602367,40,-0.04314908456393418,0.0451188606233738,-0.04942956581561847,-0.05165279369586501,-0.05034739817991796,-0.041743832202704056,-0.057505331724013675,-0.06631749080319277,-0.029919233070253792,-0.031798713776385934,-0.022554443751543113
987.jpg,5,0.8540782545626696,42,0.6079042025314406,0.6856018310790518,0.8443515566233459,0.8413733345999439,0.8451908683286049,0.9387684394970814,0.9243695295757923,0.9328407809277157,0.9031917387940775,0.8975881976273238,0.9069028062631082
988.jpg,3,0.11145303832568429,37,0.3058802585154356,0.2283526204932256,0.18300447113621965,0.18356670447692922,0.18621120808388092,0.1478275175016896,0.15005634331019257,0.1560182624562839,0.19126103786941995,0.1802384410679527,0.18862798963775368
989.jpg,0,0.024752475565210694,42,0.08772617736010524,0.09178363700124348,0.03930655861141477,0.03996924854390879,0.04188724994681145,0.025813932680096352,0.022824255087293854,0.01699786082470739,0.05366849011990987,0.04588681314243373,0.056763630655707706
990.jpg,4,0.052192362078598564,35,0.1768124922654607,0.11542028892925937,0.24829192705800326,0.24786000542689035,0.24044755846077734,0.14247148030900217,0.14261505230965485,0.1420145647078887,0.1744460145308778,0.18170058498041375,0.18594169919395248
991.jpg,2,0.3605374824388751,35,0.15178707406447178,0.10764030628870358,0.29593508612873204,0.295084619180804,0.297768889472092,0.3338917520976369,0.33294285247627153,0.3329088492758105,0.35897397175688917,0.3553428039065335,0.3643440479403096
992.jpg,9,0.08576398209442158,37,0.13159427347311536,0.09824223285682643,0.04521507599012034,0.044796409068009774,0.042410012596202334,0.032759028349185204,0.03516949382629109,0.026859414071329468,-0.018637572079954534,-0.01855190926797501,-0.014948612442379605
993.jpg,0,0.06534653457347303,40,0.1717182588492413,0.10880517982917093,0.27660008089474564,0.2763974952852396,0.27479606301372106,0.23538875874413734,0.23765776697120006,0.24466346422051446,0.21900726808773555,0.21639247729768504,0.22007846445285834
994.jpg,5,0.01992272409587735,41,0.22149189336534159,0.17034711880619444,0.10907500959373809,0.11108072491716062,0.10838460217589627,0.11804041449059621,0.11654168270180856,0.12026871982166706,0.06541915015696562,0.07390663901614336,0.06668707540831637
995.jpg,9,0.45625143528504425,43,0.5496949172817581,0.5752370765628166,0.5222190048817352,0.5220474638030448,0.5174394147117639,0.5174147623035994,0.5173146221289936,0.5088379945459793,0.5445875774422553,0.5469127149191971,0.5446565343349068
996.jpg,6,0.06089108937885612,40,0.09134521600808987,0.0905351674444794,-0.04579846431286877,-0.04498643693687493,-0.03689387235949798,-0.07197946578610026,-0.06889909976240688,-0.07022948281089025,-0.006101435621443135,-0.010732281471873023,-0.01795747422997268
997.jpg,8,0.015334460248307483,41,0.0791116027052241,0.09022034348362962,0.09967733126964398,0.1018090708723563,0.10615774272537856,0.0839140557749759,0.08117316344520645,0.0805134180057625,0.0678281607759947,0.06897646323495107,0.07379164681237285
998.jpg,3,0.020509193740075544,42,-0.09603352362058981,0.04588519817390452,0.0668722728191429,0.06675739024798868,0.07616061643484712,0.03934512522895789,0.03985026954304466,0.04433077193059276,0.10524953911474078,0.10858542428551751,0.10882458499753532
999.jpg,8,0.06122980868492864,38,0.02604546480172243,0.060823839924755894,0.10115467045352683,0.1024193894259196,0.10306521289896434,0.07768644737226568,0.07558700341248592,0.08078534409335969,0.11748500472215768,0.11547923527893984,0.12488510360403454
1000.jpg,3,0.04552040548949707,41,0.11673319949889782,0.09343298057992042,0.004533969065013688,0.004754431672812254,0.00445573363987517,0.040045508942156416,0.038012085119413674,0.027082405040367463,0.009004090627138028,0.014136864403495764,0.00860727846759543
1001.jpg,5,0.6207437775801958,41,0.5515114857197099,0.5467929218795077,0.5931585119510067,0.5941014783331038,0.5907538704416104,0.5652568127883593,0.5725445022858804,0.5670065054752271,0.6309971733005459,0.6305208387142291,0.6366496996451292
1002.jpg,2,0.8768976754612393,45,0.7858729025786526,0.8194997091332786,0.9760637048380291,0.9751523681795856,0.9839910014235458,1.0063490427205015,1.003982846686076,1.0035375847865966,0.9756538660480438,0.9660689123523416,0.9792125114245023
1003.jpg,9,0.39760927185870526,41,0.4364848572923308,0.38955879196305554,0.42201303281095637,0.4197629336363724,0.4172436836261908,0.4380764863802822,0.43428176471997604,0.43767348471717765,0.42330479762927087,0.41039225408867186,0.41423828689592573
1004.jpg,4,0.2652423153999017,38,0.3089445019776645,0.25366418111927247,0.36806915328293954,0.36750492882082564,0.3657307552808779,0.3403773065177213,0.34238430200869063,0.34048139645439024,0.3400861232075523,0.3434747134477799,0.34861559098288186
