face,fold,human_mean,rater_count,reference_linear,reference_isotonic,original16/ridge,original16/lasso,original16/evolved_ridge,similar32/ridge,similar32/lasso,similar32/evolved_ridge,exploratory32/ridge,exploratory32/lasso,exploratory32/evolved_ridge
1.jpg,2,0.19277810301248202,34,0.3950055714911488,0.34697993068738414,0.22443821789360507,0.22276356781874268,0.22367033653919666,0.23328749113391678,0.2332026276104932,0.23077054215379245,0.21817330545861122,0.21472721140734174,0.2131686851148064
3.jpg,6,0.23401123852896932,37,0.26009096380067187,0.24372811729248128,0.2525956847205662,0.2467403710169924,0.2516020432636767,0.24548712232763892,0.24672696505999325,0.24431542178108834,0.20693294471050536,0.20201369653750278,0.20055754703496945
4.jpg,4,0.5943199521616885,38,0.5904192213178232,0.6174310512202271,0.655348685892335,0.6554099813488758,0.6579224732149804,0.6398580282129843,0.6397082277444339,0.6452187691246234,0.6527239050923552,0.6601646202446685,0.6580489001753663
6.jpg,3,0.3282959886679524,38,0.4087905400080041,0.3536303730393834,0.2572998004769903,0.2560197323874856,0.2568066081723439,0.27383254339741625,0.27604480158389183,0.27666956694399664,0.2758245223016242,0.27617801639509254,0.274842775936018
8.jpg,1,0.7727983327288377,38,0.7125576256639313,0.6804406300065562,0.7358903809275048,0.7295135471630938,0.7337293993809411,0.749377068206038,0.7506502253388917,0.7418026391840762,0.7517453025229855,0.7549235123696236,0.7544616868806313
10.jpg,3,0.24387701996602118,38,0.3855796351798305,0.30128598321614714,0.3109820742001145,0.3109452910663314,0.3131590451337525,0.2966634538979817,0.29759036137860057,0.3025390140958444,0.3032456910716853,0.30301709612220706,0.3007846536884304
13.jpg,1,0.7154134310580589,37,0.541338855038308,0.5710352448332402,0.6513288717882014,0.6548632905690743,0.6519195905803219,0.6631956781461731,0.6652034280519641,0.6591652716165212,0.6560115665198308,0.6541625020672301,0.650055471708207
14.jpg,6,0.7718758357537759,37,0.654409937710626,0.6835486386263564,0.730274312501799,0.7297899637934371,0.7292644937540206,0.748452123440476,0.7499718078099353,0.7533044143772086,0.7469072355152886,0.7461124923873226,0.7475322851608321
15.jpg,0,0.28921313293425266,38,0.516752968505432,0.5166817252409699,0.30938004628013394,0.30909978608808564,0.3118759613306511,0.26218256462994477,0.26421208450176525,0.26744253903045345,0.3060464425756363,0.3017093331752637,0.30096079130408704
17.jpg,6,0.3480905253972326,35,0.5429675751478913,0.6152490434968229,0.3355776012324267,0.3360669519941733,0.335841364067176,0.33021684112786936,0.3294975148255697,0.326328282099698,0.3474867833263114,0.3473849113065616,0.35014187380150985
18.jpg,7,0.6050782492083888,31,0.5973521789665712,0.6267378703787851,0.619388324903941,0.6235032100038604,0.6279239370667272,0.6201627662878186,0.6198773999511793,0.6219524052049084,0.6305487781502516,0.6298989514659621,0.6269706187067172
19.jpg,6,0.6750911897734592,38,0.6654973071558039,0.6835486386263564,0.634746088949971,0.640403400588561,0.6362840895994613,0.6469146911300919,0.6450692587421166,0.6459913884735777,0.6463881359716198,0.6455146356938293,0.6426411498096053
22.jpg,5,0.6624297580203494,37,0.6300301359020312,0.6641430441019052,0.6543412430745554,0.6557545375734323,0.6494179169277782,0.645158609099519,0.6469545811227124,0.6495544487171381,0.6365127673779192,0.6342116478951906,0.6336157577328337
25.jpg,1,0.6956114543450845,37,0.5327251763551801,0.5710352448332402,0.6670413950023455,0.6671901649057559,0.66666316752859,0.6944552505461555,0.6969450593460768,0.6984076251977023,0.6781357870985256,0.6778639393098352,0.6813259378736218
29.jpg,9,0.5498049810077205,33,0.6275582377221416,0.6702842418635991,0.5106416432795624,0.5155390653237732,0.5122041648971924,0.5224862204522195,0.5217302163244167,0.5239135656994653,0.49866451676187257,0.49599406998789186,0.4919896019566051
30.jpg,5,0.8215216241384807,38,0.6977341229044489,0.6814074188274952,0.7604141010655261,0.763305252392189,0.7653310825219243,0.7574839388766237,0.7589052717687839,0.7600256138488938,0.7516953777728704,0.7542573092564282,0.7619621054676587
31.jpg,6,0.35544554250580923,35,0.5247338523327196,0.542659917956629,0.35919613487256047,0.3649150644604119,0.35830568962693904,0.3410093700147906,0.338384942628995,0.3373851203844716,0.3296489919121249,0.3328682903074806,0.33697684031052494
32.jpg,3,0.7615945778395,38,0.8022274195498825,0.7033098770940444,0.7831229520504636,0.7810277309347525,0.7822511958046166,0.7853602463986821,0.7856356353706622,0.7844831141999807,0.8125974084215208,0.8116895206405306,0.8099175030708932
33.jpg,7,0.547631785676286,37,0.7461061833499467,0.704857894353503,0.6500183096581974,0.64761773667108,0.6501774017993178,0.6359347323396096,0.6324317258119385,0.633081739775968,0.6364098372862594,0.6347548838088496,0.6337944245351338
38.jpg,7,0.63937547038763,39,0.4839398379020451,0.48136831541610137,0.5787577306719764,0.583377274376339,0.5845297793920562,0.5905384209379565,0.5945167706047942,0.5943274753420426,0.599805022911276,0.600662737740133,0.5966479373028266
39.jpg,1,0.6934706971452043,37,0.57771421884767,0.6094495696705939,0.7044363765645122,0.7066492167158331,0.7055713273830203,0.7059258663901125,0.7056477170799389,0.7029123935487644,0.7167546546184429,0.7178947980927384,0.7143676834668444
41.jpg,6,0.5181518126693037,36,0.6143307440014298,0.6222585201093052,0.6627246912306839,0.659116182103058,0.6608439614332347,0.6569571765450065,0.6577029971230998,0.6525121279075241,0.645610109227031,0.6417514744848027,0.6411435171360784
42.jpg,1,0.5858977759206617,37,0.5397348553905053,0.5710352448332402,0.5351538104165416,0.5388222652936295,0.5382045334447154,0.5378462170581789,0.5380802081246243,0.534190770255649,0.5417144937190875,0.5433361709668624,0.53775907891337
43.jpg,3,0.7347117066383362,34,0.5472196975068881,0.6068647734347072,0.7206290469251262,0.7234824236646742,0.7247636539788382,0.7228983621606284,0.7211330594856891,0.7225387583476653,0.7096745976139316,0.7097408247095955,0.7150578792112117
44.jpg,7,0.49066477886268073,35,0.6668212608257857,0.6850966315332514,0.5639390824921371,0.5645497676511673,0.5606716750645039,0.5496446801217008,0.5463858410124179,0.5520110713432421,0.5641876957449952,0.5582180515685802,0.556547374391329
45.jpg,6,0.5223479475293841,35,0.525122735166281,0.5432937189588161,0.5126738845585328,0.5171345785010815,0.5123746539281349,0.5078355627436731,0.5107067564079008,0.5111757582935265,0.5430918631851314,0.5516079091980453,0.5574656672137124
46.jpg,3,0.7004950493574142,32,0.6161811226069176,0.6317444368224657,0.6564934482493243,0.658334536799944,0.6628287809640478,0.6879532083518596,0.6879983276029674,0.6797871575045171,0.6717433949006855,0.6708790822974082,0.673482411912128
47.jpg,5,0.60313531011343,36,0.7373552207866267,0.7085513578743069,0.619862112653081,0.6205863229877059,0.619840025019575,0.6409444226925641,0.6422911475333459,0.6395611156092922,0.6233376577150871,0.6250832229743658,0.6198781195119717
48.jpg,7,0.5662816315889359,36,0.41313099450028123,0.33537631775744414,0.515510479004198,0.5115159362655893,0.5145638072186962,0.503133265805335,0.5049856256396964,0.5046560649410978,0.5023068454007439,0.5000687425548045,0.4987329824204859
52.jpg,9,0.22861132290787423,39,0.31834205265418847,0.2872347894324265,0.1562006635519308,0.15499626194456817,0.15365519596467964,0.16940507539790078,0.1703888384852867,0.1701169317699271,0.1734655441107007,0.17301556624270426,0.1711472302611746
53.jpg,2,0.30745179696302666,38,0.5325457954172903,0.5925176438651355,0.2692999243420222,0.2702984621573633,0.26952382595961366,0.27690112795819743,0.2792657951247044,0.2774930345502951,0.28680431024682546,0.290059333803087,0.2915513345617775
56.jpg,5,0.7445812120630935,37,0.5145428592638808,0.499985635647952,0.7804908812654604,0.7733859717927303,0.7791867513090056,0.7942991767556083,0.7945747432513846,0.7950950716352374,0.7871868478399091,0.7870830891778504,0.7917358143429646
60.jpg,8,0.3409840995163629,33,0.5617176878488814,0.6161038464859894,0.20288004432281148,0.20400278978644126,0.21504622246731642,0.21272529181629185,0.21496925501973707,0.22070050787318807,0.21353305068947112,0.20915671890819826,0.2133701737675463
65.jpg,7,0.34008400830807106,33,0.40239641309454266,0.33537631775744414,0.24964017757171514,0.2521719163373874,0.24915443598831055,0.23807103506510818,0.23447486651764549,0.23745580256670595,0.2384741421688826,0.2326441410255499,0.2345235159379079
68.jpg,6,0.7071591692093091,39,0.6677206831117812,0.6835486386263564,0.6615592037415781,0.6633123954398785,0.6606477536648054,0.6651928392556853,0.6712170276635692,0.6738416779249268,0.6753770912191086,0.6748421878733737,0.669043707581928
70.jpg,8,0.5677013630802566,37,0.46989901384579746,0.4512695456028208,0.5669218321380571,0.5769268081808956,0.5741620597048889,0.5648165387283043,0.5641360329128787,0.5672957798212398,0.5778987427255137,0.5782961628123419,0.5761662822635517
72.jpg,0,0.2811360093642418,38,0.2759837717693746,0.2671339488309515,0.2293980189986214,0.2246483769698442,0.23085364928815783,0.24765676869634012,0.24546329027189956,0.24548531766150228,0.23534108830602202,0.2330813680168703,0.23530948103066038
75.jpg,7,0.19219569092178168,34,0.381582465779558,0.30020010814499143,0.20215117370556074,0.20729004515991412,0.2059401212504336,0.20222332235047136,0.19992614488622817,0.20195845175697863,0.2070227574929908,0.20416114561697501,0.2035829100240007
78.jpg,0,0.24441630394349612,43,0.2615895132942049,0.24164710420957594,0.2405398772835055,0.23852275690740515,0.24116965008934066,0.26009752476232595,0.2581605164477041,0.2566353097097459,0.2461106588623191,0.2507760469457054,0.25116560030452684
82.jpg,8,0.5717071710210858,33,0.6017567218656477,0.6175066812720239,0.6114325742226856,0.6057340726153914,0.6002589137777111,0.6086746922062217,0.6021143359258639,0.5953727165917992,0.6201871117036647,0.6198191247594494,0.6255184451201296
83.jpg,3,0.693493630204882,35,0.5947984069920924,0.6120561046581636,0.688536525661926,0.6879289542230018,0.6843313920941769,0.7119789855171657,0.7132310383940623,0.7079459937698858,0.6929535749876692,0.69198514430369,0.6967876360083405
84.jpg,4,0.3066556642815057,36,0.32179122067460064,0.27165165791033563,0.3090727809326661,0.30855778207785717,0.3036967781644053,0.2971492371058339,0.29807082913946803,0.30506453915513054,0.28509781200266815,0.2890049165382864,0.29282280398261895
85.jpg,5,0.6190794698289923,37,0.6266033345677537,0.6637629788296682,0.6666000568863675,0.6699070910512653,0.6670470757273512,0.6380067406341208,0.6381404206337014,0.639810722576798,0.6557825464883703,0.6565446551108443,0.656067552346857
86.jpg,3,0.5030464607959565,39,0.660953358385775,0.6904973102641345,0.6437892548931877,0.6482322833678363,0.6552059591874884,0.6566221671227344,0.6571321133574337,0.660223817736528,0.6442343523091558,0.643862194803698,0.6401216290084839
87.jpg,3,0.6758728513592168,38,0.5974695855090262,0.6120561046581636,0.7122567224462136,0.7202531704393715,0.7162745810677928,0.6897911477784021,0.6856020456873608,0.6804953218242538,0.7087906627542211,0.7090704369620533,0.7043905189537838
91.jpg,5,0.25715071515231913,36,0.3408757892733789,0.2982185727849148,0.268476855193814,0.27058482280609764,0.2728338495001782,0.30174740762398666,0.3003405046338237,0.296788743004497,0.27229702056757454,0.27124255849632833,0.2797703775763156
92.jpg,1,0.6746424618694518,36,0.5375815101904262,0.5710352448332402,0.6141836964353674,0.6151471380084294,0.6115143118716683,0.6476067332018631,0.6493204511293869,0.6491081017488519,0.6367651857024856,0.6363335911953217,0.6386477772587895
96.jpg,5,0.43210749426590545,35,0.45394307375691473,0.45365732897485816,0.43290629102244044,0.4344246440323065,0.43276503782074466,0.4463607398819486,0.44700170362785785,0.44405768077326113,0.4371242059252076,0.43939920663588505,0.43605080509682287
98.jpg,3,0.5666505632604041,41,0.7276702861832367,0.6943726242801053,0.5770918586862446,0.5778545854513006,0.5792726721088285,0.581518062098325,0.5787286396127624,0.5800308476021033,0.5890600332919962,0.5901026812936423,0.5903572644585928
99.jpg,5,0.7011701132763516,44,0.5574705424588837,0.6099255767860678,0.6297525590960598,0.6283769475362293,0.6237137720833102,0.6225650558552228,0.622169344558104,0.6249456523033837,0.6288158159125906,0.6309412689205194,0.6305508297988514
101.jpg,1,0.6847379861808405,41,0.572788676905793,0.6094495696705939,0.7267410873741468,0.7320420326738635,0.7293065977644971,0.7248320906506609,0.7341185661095341,0.7228771952161009,0.7234673708070335,0.7247886215249479,0.7231248727335484
102.jpg,1,0.5566428747288016,43,0.4765632446482718,0.4521537820665796,0.5355141527668678,0.5326900525458338,0.5338523217176052,0.5411676559213016,0.5367980441336635,0.5430879241048949,0.510562083966276,0.5117112473594805,0.5138527415417719
104.jpg,2,0.450966526532457,42,0.6130386890957853,0.6237715699906995,0.5896228924629702,0.5885475133857727,0.585467875728894,0.5860190248220228,0.5844954515012408,0.5851978256166686,0.5760655117745046,0.5766294620065734,0.5759646979560388
105.jpg,7,0.7566831648349762,40,0.5345413317259873,0.5685547349152443,0.701117759519211,0.6993736025135334,0.7044032429995457,0.7041441377513948,0.70464306335703,0.7003666844781632,0.6829576509183898,0.6867945091109136,0.6884752286957037
106.jpg,8,0.7294554367661477,40,0.7572708024190256,0.7099343060208884,0.7520734387150172,0.75521148940138,0.7613024654895493,0.7783532531834892,0.7816121472698349,0.7918946286996495,0.7560745740094346,0.7515163670060929,0.7574741916463146
108.jpg,4,0.20948410601551204,38,0.4700984848345117,0.462284738725908,0.2453856998464748,0.24892484066261406,0.251480173362991,0.263853475459767,0.2671500271198,0.26683794349531703,0.2436750215654247,0.2410071690118523,0.24496337614206162
109.jpg,2,0.748794110921713,39,0.6258275035922316,0.6550023287004564,0.7798472277617374,0.7788243926163685,0.7820129772072821,0.8014013515817056,0.8033141454844636,0.8036752196896026,0.7751616860343528,0.7787661896686027,0.7811874778858396
112.jpg,4,0.7285654050238589,47,0.683740914003668,0.6837525417082528,0.7558819060817579,0.750259054959753,0.752512705538581,0.7347990406783093,0.7342260117781358,0.7337152189578832,0.7527028385101622,0.7486796332800372,0.7524854523037591
113.jpg,0,0.6049504928290844,40,0.5961580800582722,0.6175546605751839,0.6085680587472285,0.6107155144507157,0.6113511482144944,0.6163313614701597,0.6163137321524528,0.6115475391352061,0.6307147391019238,0.6306572930482599,0.6305749054006434
114.jpg,3,0.3908533718592177,42,0.6332473338690461,0.675793780246794,0.39214096467283077,0.3870344781316432,0.38503835696845345,0.37889256614878003,0.3731323847867385,0.37078407283049664,0.4051206587635453,0.406730282031205,0.3971634708434118
115.jpg,9,0.45918859932117345,41,0.5427864089282585,0.5792972402899997,0.37095126998651107,0.373068233013212,0.36943536445018044,0.40015737488031844,0.40118675848898566,0.4007261018780254,0.3943522608889279,0.39335710590447154,0.3962980347364875
117.jpg,7,0.6102488600724453,37,0.39808377300438336,0.33537631775744414,0.5810436679117231,0.5817686973214373,0.5808643346883224,0.5902868475500584,0.5925351770556238,0.5919470957706588,0.5944531541849789,0.5985593607790066,0.6016722612651738
118.jpg,2,0.3650338712491487,38,0.4902036185468745,0.51250740013475,0.4082868634064859,0.40560780548429815,0.4044416976725951,0.4118327392822889,0.41114832007641317,0.40978000039650964,0.42028200427072043,0.4210452818765227,0.42218205764569133
119.jpg,8,0.6891891859673165,37,0.5910406504967437,0.6175066812720239,0.7532479246824666,0.752201219172723,0.7575715493930666,0.7677375346580921,0.7720995629916787,0.7743897556898469,0.750438849298404,0.7475777981989633,0.7496795237778215
120.jpg,4,0.15067276100699717,39,0.4188741246346763,0.36882200761853634,0.19033566258970447,0.1884703612494218,0.188228484034351,0.19240072547555176,0.19107965129125976,0.1818549403886165,0.19621298596469586,0.19423520239352074,0.1925090758459752
122.jpg,1,0.2384689703311135,41,0.3295352392941142,0.27832742301893243,0.2778830507495403,0.27994525024169503,0.2802001888653114,0.2891332050598352,0.29235516126104943,0.28817586540958623,0.28946981221100687,0.28775336976064947,0.28677503572591057
123.jpg,2,0.24034653545822948,40,0.39139801495986226,0.34697993068738414,0.31186271374724817,0.31174331050890103,0.31327541313992413,0.32637805607761644,0.32365275351596223,0.3251633642085777,0.304092227669811,0.30128288085259297,0.29978612026155693
125.jpg,5,0.2578972199310859,42,0.31006745813213654,0.2794715423210626,0.27449005063918197,0.2707019184029127,0.2741273206676407,0.26091439713877906,0.2603157465415189,0.25874921795532807,0.29437106830070303,0.2971851902183563,0.29682126273190157
127.jpg,4,0.5528052766763029,42,0.7266727349888809,0.6862318517359339,0.6476193332328366,0.6391080833596572,0.6413749884401085,0.6570159382794947,0.6536594127032963,0.6422112943676358,0.6730387207648216,0.6771961088416311,0.6758897516999203
128.jpg,2,0.7362857887873778,37,0.5556676197064235,0.6132686705105965,0.7446811931333437,0.7465573562824203,0.7468673480901008,0.7732576076599762,0.7740557432855719,0.7721312964917084,0.737726965907654,0.7373449881999953,0.7383418702215474
130.jpg,0,0.3780487822482317,41,0.4343781344124026,0.40054033530000044,0.38916112225484395,0.3935810724652527,0.3902187207385246,0.3660559618815956,0.3655499481724274,0.3636563545149233,0.3812046917299844,0.37837170463328745,0.3813397894923898
131.jpg,8,0.7140814026196798,45,0.6860616258748562,0.6837764784542716,0.7542753126447043,0.7607296434321309,0.7626688338795571,0.7743267483139226,0.780877994536376,0.7834279646155375,0.7465663852924683,0.7471461851752579,0.7503796918183755
132.jpg,6,0.42516693580072634,43,0.4807430043410949,0.4520243617135985,0.4698526574731724,0.47302453259806104,0.4701601579382807,0.47455610823708017,0.47370630364481436,0.4762777769205204,0.47104994553136315,0.4753364081753339,0.4721753391632356
135.jpg,9,0.550212161172004,42,0.5435576107408844,0.5792972402899997,0.6049057976534922,0.6051568828229333,0.6025680443420227,0.6136262384759876,0.612263839432574,0.6130193851505473,0.599850798216336,0.5958904916514256,0.5986631794950701
136.jpg,6,0.7168062910055503,39,0.7941261717634244,0.7030190902295412,0.7400714918005177,0.7346278852695142,0.7400290052012164,0.7373598537893878,0.7391564426213675,0.7425737927561072,0.7524158548320976,0.7518680271767388,0.7556971207952565
137.jpg,7,0.6699669921681994,42,0.5920855714960236,0.6079500540025725,0.5981549448646678,0.6088997062246428,0.6094400461367384,0.6260495020404917,0.6262867400574974,0.6223978827604351,0.6449171456713076,0.6442447482055835,0.6504928960689709
140.jpg,7,0.5697569704868577,44,0.4120449147296903,0.33537631775744414,0.5870851847761085,0.5900926040956709,0.5908414923008887,0.5879285922244294,0.590887765905136,0.5870145264280555,0.5993801399135376,0.5999003816259036,0.6018647091677286
141.jpg,8,0.7303436258259941,34,0.5792972467538642,0.6175066812720239,0.6893942566892044,0.6873665609324584,0.6868322641126862,0.7135435455462772,0.7164228656598433,0.7088498443110243,0.7062646359352347,0.7138434210019472,0.7054069175996486
142.jpg,2,0.6159458027074212,38,0.617074120113773,0.6237715699906995,0.6779797796358118,0.6801394637631221,0.6813128116549805,0.686160741886576,0.686401022351658,0.6869690430035782,0.6879478258344729,0.687346755292123,0.687792107978109
143.jpg,0,0.7588817705126369,34,0.5338180943662257,0.5741919150088741,0.7154614437649047,0.7099008550145068,0.7110913364459888,0.7255147051701233,0.7230059989435573,0.7171932834253602,0.7179208143815448,0.7175485936651168,0.7198233996885857
144.jpg,5,0.3433313909233274,34,0.4382772498821754,0.42115629076156613,0.4365014265662338,0.43481478653495453,0.4322493948040619,0.43159825305514443,0.4298421644732642,0.42065578910334317,0.4304832766212549,0.4324943480109866,0.4310097273016509
145.jpg,3,0.6482148224657233,33,0.639103901535184,0.675793780246794,0.6345459570780001,0.6392414958208729,0.6415059833797503,0.6484405350002955,0.6532473293739746,0.6570047461766229,0.6168540609564565,0.6165901656212389,0.617501033298147
150.jpg,0,0.6960396025862012,35,0.6627421629107799,0.6828626024243543,0.6752060512677831,0.6732541581744699,0.6732058324550976,0.6889676182772891,0.6875342699396443,0.6814085926173474,0.7149179193958503,0.7139179398290424,0.7159952115470141
151.jpg,7,0.6006154683796135,37,0.4329920237390356,0.41155364728514454,0.5672893874745617,0.5728929541753673,0.5734411534446584,0.5709042620711544,0.5707045458885042,0.5724178952558467,0.5779308226278487,0.5813217188301829,0.5799783901974526
152.jpg,0,0.8219236135482788,35,0.7207182930682049,0.6828626024243543,0.7954620829211421,0.7964210863663337,0.8012364514817709,0.8015357241766854,0.8013775615060784,0.8026727105524862,0.7813757766816571,0.7871520093578057,0.7810963409036176
154.jpg,3,0.5393363698511511,37,0.4870204018224111,0.47626998005970617,0.5457621693474795,0.5421275696245875,0.5451212732970316,0.5583385194275386,0.5597798120202315,0.5606032608469205,0.5722444437744555,0.5746294885832572,0.571758971384803
155.jpg,9,0.6218371780382262,36,0.5738862258131263,0.6097309193992037,0.5793209103761743,0.5823810158240651,0.5844682966328625,0.5644363649988257,0.5610421914796275,0.5659016464850436,0.5861239209006822,0.5873118123207771,0.5831315674380283
157.jpg,8,0.5981848099165492,36,0.8185875021177064,0.7099343060208884,0.617327581029822,0.6284608075118994,0.6322958255159652,0.6253287259523631,0.6327026315228903,0.6363335091681318,0.6384128734795502,0.6369909145947155,0.6384408715226063
158.jpg,1,0.444241790395034,38,0.5931361581381442,0.6276135547308613,0.6430893388245675,0.6450290115959878,0.6446372062352977,0.6476429985685848,0.6490108490438602,0.6504254420904593,0.6504427925620834,0.6509305349637606,0.651272700026317
160.jpg,2,0.2562609228086384,34,0.48608433248020355,0.5020041116090255,0.3064463617444807,0.3062755097926203,0.3060122119571207,0.3090251062837441,0.30836823010628106,0.3081769271788873,0.2974311728985544,0.3031417660495228,0.3018353682841301
161.jpg,7,0.7071963272443632,41,0.5897423753770568,0.6079500540025725,0.7288560254510735,0.7304499614909293,0.733213708728238,0.7495709918308134,0.7500711357230532,0.7497477279003271,0.7218328123109683,0.7232927324157558,0.7258814898983812
164.jpg,8,0.3105784290666251,38,0.5889379239998374,0.6175066812720239,0.24272045708008838,0.24240645779191317,0.25011388557367326,0.2605767203990969,0.25959414499509703,0.2614822536604899,0.2548332289504583,0.2533351770379134,0.2538057964103261
167.jpg,8,0.3358910896931775,40,0.3312945753660722,0.2757575485228677,0.3545763712425605,0.34710306664842305,0.34749447183898335,0.32541725057439097,0.33087276274238026,0.3262753893053077,0.34060458741940147,0.33444897517235717,0.340979421885025
169.jpg,3,0.3272537774724984,38,0.44181792832913724,0.41903198680415166,0.4264793511446904,0.4283194381248296,0.42803149283452,0.40094361435448,0.3988179405094803,0.39628128105043536,0.3987139754241742,0.3997626853564701,0.4055536836955706
172.jpg,9,0.5477722808718681,40,0.7209787299178935,0.6883011420304451,0.5417980891791576,0.5407452180809992,0.5368991940647452,0.5618020937499487,0.5585883738495339,0.5591396924207231,0.5482847011190355,0.5449302900545574,0.541719808227697
174.jpg,9,0.5038638016799601,41,0.7681830787998486,0.7093408973253917,0.6809948204887949,0.680032453722005,0.6781793192778454,0.6722124891243731,0.6708855091839201,0.6722658715858427,0.6850561888657827,0.6874124258585768,0.6888915024984883
175.jpg,8,0.13874079746743426,39,0.41544435283629366,0.3713639226204218,0.09107651097386521,0.09474052067613337,0.10049125022018918,0.09555368613937726,0.10028854621675676,0.09948469392297904,0.08987741656364323,0.08618989500462543,0.09494337281678294
176.jpg,7,0.7369486858898943,44,0.5898566995634347,0.6079500540025725,0.7570682030164381,0.7525207708038149,0.7569645081048912,0.7549299326620063,0.7532249267181306,0.7522307108646078,0.7419768811218379,0.7478323229888719,0.7482237933630962
178.jpg,8,0.5378268567415384,39,0.6392097640033422,0.6676909302710057,0.5614965703062275,0.555208705568068,0.5600253322811128,0.5464325551393081,0.5431143332760761,0.5433900110936393,0.5409501635180256,0.5392356900053376,0.5432788262329122
179.jpg,5,0.4012439692607866,39,0.4146682416592995,0.3549953165595023,0.4824330669766321,0.48155776501354336,0.48095415654090323,0.45197872730598787,0.4523553936629774,0.45248373910853285,0.5151033895273002,0.515209125927106,0.5148666790610391
181.jpg,2,0.7665651119672335,39,0.645571763828002,0.6792376658869688,0.716653594046103,0.7148934836551784,0.7138743471398248,0.7116253613053865,0.7096974208537109,0.7098393955355142,0.7200999093716565,0.7231208419196764,0.7210430107433812
182.jpg,7,0.32524752595927564,40,0.4831408677358807,0.48136831541610137,0.3010339928594061,0.3034154565516304,0.3000098663640163,0.3098539021033045,0.3048595927538133,0.31111280632206306,0.29164676339879925,0.2875310761429757,0.293709231241837
183.jpg,6,0.2978113630516945,38,0.48482008484543937,0.4982267988596568,0.2931142115854727,0.28706359405751325,0.29270947295208705,0.3107918267753399,0.31384223937959416,0.3123840360275451,0.2967016052642511,0.2969749167542418,0.2939606161406768
188.jpg,2,0.5101685793818654,37,0.5620584977854372,0.6132686705105965,0.625198587391886,0.6232444370927774,0.6264777445860981,0.6007960543485066,0.5977979918403633,0.5994056179031916,0.6272681325900353,0.6273826712921907,0.6230194758246951
189.jpg,4,0.648054338471834,43,0.5016782582116819,0.5085143905894663,0.5800487999384785,0.5804158729762822,0.5788397673189851,0.5792670460647867,0.5775633548003852,0.5753560184421196,0.5996538238018201,0.6028600502204138,0.6041998330487077
191.jpg,1,0.7483498338196013,36,0.572285006718008,0.6094495696705939,0.7136510005515171,0.7152780171439139,0.7182060627189173,0.7220299727122041,0.7222095276725574,0.7224443915366286,0.7401794260366781,0.7430112575508618,0.7380893088883502
192.jpg,9,0.6274101036159616,38,0.5078218227363815,0.5016594407990149,0.6286755928149159,0.6280579751145369,0.62638470312346,0.6290417902840374,0.630603986982755,0.626516176701347,0.6273692949220586,0.6272781757445689,0.6323822320132999
193.jpg,6,0.3461103261315397,35,0.5155357384767159,0.505954093094691,0.3890527867152245,0.3844116058422291,0.38697660784926935,0.37566054317184555,0.37041311268253885,0.3678653801417787,0.38226670642863714,0.382960043409639,0.38766157951326147
194.jpg,9,0.7459191857157527,37,0.8490577003550999,0.7573733570270321,0.8283538727543904,0.8309542221808067,0.8308820942650149,0.7855731500306545,0.7829208292949656,0.7805924649101637,0.8166602392792224,0.8160728693289134,0.8007205323170601
196.jpg,1,0.16138613893251333,35,0.45616889652018194,0.4521537820665796,0.2831592412390435,0.2848369526960305,0.28511675968170946,0.2582964930907927,0.26524245752047115,0.2602707972576953,0.2670172916565077,0.2696962918536928,0.2667881930074255
202.jpg,9,0.6589816093444825,35,0.6227463108468674,0.6247730826736748,0.5879991906919091,0.5939590676461407,0.5945538593135687,0.5923781403178567,0.5960297293835616,0.5899063921182743,0.6212912903086838,0.6236693651420808,0.6208632178232498
203.jpg,4,0.30650636734707015,35,0.6042710916763352,0.6246585802027689,0.3344154281113243,0.341816714383848,0.3428163826322832,0.33800039704957846,0.3392575939020868,0.34368625648401024,0.3404359504499575,0.33347271282196056,0.33811004508913123
205.jpg,2,0.45141606760579484,43,0.5047479213387236,0.51250740013475,0.5235647469528312,0.5231971382137186,0.5235734732027439,0.5256459584522744,0.5259010649781867,0.5247041753124126,0.5111531730605017,0.5091626344786027,0.5094110992863439
207.jpg,7,0.4215948639336873,37,0.6070979161203778,0.6269549218080004,0.46646738549750355,0.4659275008294095,0.4626146565252638,0.4711447278677484,0.47111139791310724,0.47093232325415635,0.47946459777398104,0.48193452443373974,0.4786209982362345
208.jpg,5,0.5305057546576938,37,0.6159851949600992,0.6207809440777751,0.6055161898530892,0.608473906061747,0.6109498560348986,0.6025057516238909,0.6045548838127343,0.6100374671894587,0.5836516461859509,0.5838478779293851,0.5907240173372587
214.jpg,6,0.5855335535274612,36,0.6288926087606741,0.6698144852181215,0.5701022686008951,0.5678637168922072,0.5691910540140123,0.5613191226874157,0.5628583936129454,0.5709358240610176,0.5579289186868481,0.5549210637362557,0.5587159311383028
215.jpg,6,0.6550286584778836,38,0.5330113031625912,0.5591551029905243,0.6375438973941201,0.6400920699391898,0.6376302503602134,0.6410231363527594,0.6392398085272372,0.6440838691728433,0.6436232177168578,0.6444609607852694,0.6400207126317818
217.jpg,1,0.7749999985098839,40,0.6296594207636139,0.667660730255784,0.7656589965436711,0.766140464824163,0.7684705589675526,0.7841188060751014,0.7773684987906024,0.7875929544455762,0.7654771990851661,0.7650854969218378,0.7686877448905268
218.jpg,1,0.5872230036627679,42,0.8140863649159522,0.7074854374399309,0.6399630651849259,0.6427280637826529,0.6468556109788535,0.6160396878509243,0.6122415169469643,0.6208392329695297,0.6325630960194977,0.637432035439214,0.6314930419022768
222.jpg,8,0.2612761274342322,36,0.5428143325176362,0.605431593065841,0.32089663420279235,0.31534521566032336,0.31593748315355386,0.33130246165182303,0.3376083240115063,0.33877988164781003,0.3316123233935092,0.33934132252076815,0.3304059278523235
223.jpg,0,0.41891891492933436,37,0.4495233408207818,0.4333103069688567,0.4372595397694492,0.4380764391955215,0.4314011453311425,0.43408428293165086,0.43435835698554753,0.4330652293149537,0.43469119726571925,0.4329547841572501,0.4321555192242549
224.jpg,0,0.41776677552196717,36,0.5056518686720934,0.5103855278116473,0.4253788702820567,0.42477407707220527,0.419486407704082,0.42132430043119384,0.41511063367527257,0.41304160337844903,0.41363641059774103,0.4202906130911426,0.41586805217835426
225.jpg,6,0.558644331800632,39,0.5841519705031184,0.6152490434968229,0.5918047940651906,0.5915989393329879,0.5912200236415603,0.604452427992769,0.6054737586060714,0.6048815214806238,0.5875634854494871,0.5859167150871061,0.5829466279769173
226.jpg,1,0.47990681362502713,34,0.6372409851506486,0.667660730255784,0.4795467263933617,0.4784441534336869,0.48089052643595187,0.49432465717616714,0.4932294087335011,0.49227492378214577,0.4981025709528913,0.4980154212177384,0.5031719086308953
227.jpg,6,0.4770713922641191,38,0.5271147322731072,0.5574179110930225,0.5213350563206988,0.5190465159944327,0.5209949311508613,0.5359551828803671,0.5355856490544305,0.5379277021146183,0.5284620685451291,0.5290430526358422,0.5301648064696689
228.jpg,4,0.7382061691845164,34,0.56239841189758,0.607179035552076,0.7259936543089784,0.7218550517744184,0.7207148561934907,0.7563251197480261,0.7584778996321727,0.7595815210843087,0.7346536439058192,0.7442538666838128,0.7386153527289505
231.jpg,8,0.6427392760912577,36,0.7538903927955303,0.7099343060208884,0.6953970852823638,0.697613248867778,0.6961715831781051,0.6911792330253083,0.6880195072243814,0.6864828292214945,0.7149172678265574,0.7167168421160182,0.7140491816764283
233.jpg,0,0.573550209403038,35,0.4366068888838955,0.40054033530000044,0.5360581460868994,0.5332171150588876,0.5397443395516405,0.5617020649857849,0.5653800042233502,0.562422502733634,0.5523913067803379,0.5504549077756831,0.5497298177325068
234.jpg,9,0.4598749315268115,38,0.3992527163556874,0.3431828488736589,0.449496796540962,0.44295950571814163,0.443223284098025,0.42813064863800665,0.4268237445625115,0.42916379537873306,0.4615977130383041,0.46357343104614024,0.4648116279415322
235.jpg,2,0.5441530596565556,37,0.6865137552411819,0.682487199438616,0.6616649787925337,0.6560730506217787,0.6602496554281854,0.6433253499835263,0.6419357052154032,0.6468102173978676,0.6620545099848344,0.6609583085294161,0.6586670415004061
236.jpg,4,0.3465346536215614,34,0.46870396138783704,0.462284738725908,0.3144897214390699,0.31533313944456953,0.3163280683540147,0.32304336634744124,0.32480281477581424,0.32947224719509216,0.30417063693675306,0.3003956447203593,0.30592850894052004
237.jpg,5,0.6705799145357949,35,0.5535601493650433,0.6099255767860678,0.6493302247680307,0.6523519110249343,0.6500965274254306,0.64298309264685,0.644402334018376,0.6489988921078715,0.6555656262389744,0.6542742889604344,0.652523867877667
238.jpg,1,0.5678925020354134,35,0.5270452958393055,0.5617885869994483,0.6365994869124146,0.6353380163052023,0.637412978322202,0.623083825465708,0.623164092446411,0.6210326867243068,0.6325799131824372,0.6319204295136978,0.6337128833151087
240.jpg,0,0.4764516929516921,37,0.48553118360391695,0.47205057862552363,0.40924307528955944,0.4056633949547569,0.40887182581486653,0.4294896781477525,0.4304411491866842,0.43404333996900324,0.43196581016651925,0.43318150844184167,0.4368929627112872
244.jpg,0,0.8407105338924071,34,0.761725064734649,0.701147139322431,0.8173854307680904,0.8174484994188538,0.820300290576149,0.8189385688385848,0.8204946412461429,0.8215391544397788,0.8252911795935927,0.8240549163893458,0.8222686247487391
245.jpg,3,0.5586031598819269,37,0.572948456183161,0.6107253416137947,0.663839248983619,0.6653236630771274,0.6615249257181163,0.6728874988857728,0.6700342683805277,0.6641184027362663,0.6700645967140735,0.668282508249099,0.6687171738892888
246.jpg,5,0.5631522592660543,37,0.4754366965924039,0.45365732897485816,0.5971429855417014,0.5942347815902589,0.5951043849619978,0.5960869957664026,0.5973090499309979,0.5985587584498031,0.581467198771233,0.5806593749551096,0.5805233787117698
248.jpg,7,0.7348734868897332,36,0.534220594421634,0.5685547349152443,0.7057579504384008,0.7042320017219025,0.7006484355829757,0.7037832559283647,0.7038768182788719,0.7018569403710054,0.7176770977213642,0.7168077385722599,0.7170815719579072
249.jpg,0,0.7411182277342853,34,0.6253122140154386,0.6618263081495451,0.764095934617392,0.7648404279001986,0.7674680349568107,0.7674337697226017,0.7671845658847715,0.7655350931272574,0.7607926870643542,0.7557348926943428,0.7542214940597043
253.jpg,9,0.40127298097525327,35,0.4391863631687709,0.419899958901107,0.38165742425589055,0.3857920900153246,0.38092151964622734,0.3745775422235152,0.37481203567570603,0.37209062307710633,0.37780374129015454,0.3777608061272201,0.3758975751623458
254.jpg,7,0.649317633864042,37,0.5034073281146138,0.4989075866867639,0.6703850151469096,0.6639626709104076,0.6597307343022634,0.6894347316469396,0.6891705769375722,0.6871197563721592,0.6878456772400926,0.6885409051043679,0.6979475657913359
256.jpg,5,0.7320042743876174,37,0.6917525823321058,0.6814074188274952,0.6912970489759744,0.692311467419332,0.6861680482422778,0.7057810894893567,0.7057761541779289,0.7072270194633493,0.7079343430563135,0.7084834161093003,0.7148741042600204
260.jpg,9,0.7424473151182517,39,0.5446679591379929,0.5792972402899997,0.7148011728065333,0.7133328978434975,0.7187862688127427,0.7094612394000901,0.7091529160111002,0.7081545691466641,0.6991622154558599,0.7045518292902646,0.7034601564234862
263.jpg,6,0.8248074716991849,36,0.7291320362386164,0.6835486386263564,0.8125096340727826,0.814466203879938,0.8121720774167757,0.7938087279417358,0.7909272682942563,0.7931358181527417,0.8231722240517407,0.8264595666984722,0.8267371616513308
264.jpg,8,0.6607454822343939,34,0.7506576156753222,0.7099343060208884,0.7074773992490423,0.708473041404758,0.705672209948486,0.7282420791038893,0.734832545958436,0.7305628701779275,0.7178006761018294,0.7180613510370433,0.715944683928784
267.jpg,8,0.6641914182239108,36,0.6772921552591115,0.6837764784542716,0.5902540992903323,0.6001854266617268,0.6026539791878087,0.5986037624660839,0.6025035020873953,0.6005933393298604,0.6191423533545701,0.626835029934773,0.6197180699982598
268.jpg,5,0.29077644602052477,38,0.3486670669904478,0.2982185727849148,0.2864655343007339,0.2843462686528666,0.28644692831170915,0.300212240832333,0.3021863530537879,0.29463780355341707,0.30481036734949096,0.3054851629802402,0.30300071816256086
269.jpg,4,0.6610917795348812,37,0.659266493577618,0.6837525417082528,0.7218155376221037,0.7231865361016352,0.721270468730848,0.7008254774128766,0.7005149375733045,0.6970460467255599,0.7142707589551633,0.7096919989210639,0.7112340611803498
275.jpg,7,0.5906321345231472,39,0.5924105559838743,0.6079500540025725,0.6186734504187108,0.6167975301825441,0.6157846524356326,0.6091101700369815,0.6104981650634734,0.609613878311529,0.616411746276443,0.6137143635443713,0.6214855990592261
280.jpg,6,0.7149557016397777,38,0.5431019561015819,0.6152490434968229,0.7180127753170132,0.7159137938556607,0.7168607011272196,0.7360014245304805,0.7340185025810421,0.7344012246224549,0.7330404077219447,0.734369355416582,0.7373221664866146
281.jpg,4,0.43234322803457165,36,0.45553538057184706,0.4522851438332865,0.44334852326759194,0.4390735282256585,0.43770902424725205,0.4228457268362277,0.42172743778761185,0.4319071476457177,0.3961855434582954,0.3963520452695713,0.3916475670527545
282.jpg,8,0.30084865667990274,35,0.42934249168383654,0.42598887155755033,0.26653823649813646,0.2577376457290016,0.2627509659011824,0.2375219342074062,0.23649539086691101,0.23863978622380327,0.23777609460110888,0.23054917550933812,0.23644992383844465
283.jpg,4,0.4052716085964159,37,0.33353369093514396,0.27165165791033563,0.3809228387527671,0.37512802874863704,0.3732790478031408,0.3801190130270765,0.37887025829120813,0.3808925870118367,0.37707486684332275,0.3774855597111777,0.37741501909270925
285.jpg,0,0.1959813624921748,34,0.3830893983930218,0.3017242537045472,0.23087600711747858,0.23057935529784318,0.2291809725954203,0.24814118737901486,0.25411987124766566,0.25892739979075213,0.2545047813877651,0.2606899080669943,0.25429806843044644
287.jpg,5,0.22972972983041326,37,0.41028635775855016,0.3549953165595023,0.21990557260891763,0.2200821688670649,0.21717031314750113,0.2085937254465769,0.2068255167015141,0.20202414560049997,0.18623230627623175,0.1855350674086149,0.183440117975451
289.jpg,1,0.6645311537910911,34,0.6788420574820109,0.6797448034738615,0.6141835707297816,0.6113958428627109,0.6102097737800714,0.6351791398813336,0.6331383200328504,0.6308701737924088,0.65731500198095,0.6564412539547829,0.6551577885536123
292.jpg,3,0.707370733221372,36,0.5684140174107164,0.6107253416137947,0.691314112554698,0.6976539981422206,0.7005799378656625,0.6979095360560724,0.7000968605037218,0.7091027249635564,0.6792143180804027,0.6785062807457145,0.6831197074677828
294.jpg,1,0.5696069571104917,33,0.5904837102867293,0.6183595809921953,0.6325378526263228,0.6287039134668195,0.6295099170096982,0.6049836664417828,0.6039536263414248,0.6024858920031124,0.6280491913144224,0.627673887763336,0.6287836013618905
295.jpg,5,0.6115164129357589,38,0.57328346234007,0.6099255767860678,0.641756430737,0.6397299368070875,0.6380523213829402,0.648670724030532,0.6482832599933632,0.644866558680799,0.6540057728398334,0.6569369195229917,0.6534669598256448
298.jpg,6,0.43631254821210297,37,0.6728282981736652,0.6835486386263564,0.34512337935720344,0.34510551145967683,0.3456204271235308,0.3382953241457512,0.33591361178126655,0.33778558146462534,0.3665866686902197,0.36942510792131245,0.3632784530387659
301.jpg,0,0.7266523950808758,37,0.6390381165395782,0.6677240064364736,0.6602691976787881,0.6709970549507747,0.6712794700055882,0.6751586517560682,0.6795642808607827,0.6844226256662882,0.6675399941194883,0.6666241564223766,0.6642625156112476
303.jpg,5,0.752602185194309,39,0.6898390943965887,0.6814074188274952,0.7487378036971477,0.7531382328590986,0.7585316451860978,0.7428974057837152,0.7421490537244698,0.74552369742926,0.7467794606388672,0.7466001896861963,0.7467859322707152
306.jpg,3,0.5166753522659603,38,0.4474564133880251,0.4422603956481418,0.518195020851461,0.5179579309969188,0.5067023256584073,0.5271244914680681,0.5280535495559902,0.5241620842434062,0.5062464150234247,0.5071482471571402,0.5079572296941192
307.jpg,3,0.5741074080720092,33,0.5860635440769255,0.6107253416137947,0.6717335218106423,0.6684060846130812,0.6646781682740963,0.6628860655290113,0.6625347873853222,0.6576857900257825,0.6751548421857725,0.6732458600555722,0.6765597478762418
309.jpg,3,0.2854785472930719,36,0.49956417749976456,0.5145088696069173,0.40605829798973636,0.40721887811456303,0.40562210395857534,0.4095799972074986,0.4103523276464134,0.40435643669391663,0.36439186616726305,0.3630257458928557,0.36561539393516385
312.jpg,8,0.6806261748880953,37,0.7572267374891104,0.7099343060208884,0.7181009096973063,0.6914666464708575,0.6972551424128348,0.7019442014789516,0.6962408393424725,0.6994078720655422,0.6511538500574822,0.6542666864881563,0.6548103744369116
313.jpg,7,0.6254125382655706,39,0.5108111183210704,0.4989075866867639,0.6195934452270865,0.6196643910423051,0.6203745740699643,0.6357729363186599,0.6336196420518657,0.6348443454860356,0.6324284268320552,0.6400274256620737,0.6378797750485748
315.jpg,3,0.6230551617486136,35,0.6051966746182778,0.6181885756469698,0.6304314384390075,0.6295727232333753,0.6363144022094523,0.6224796373821042,0.6211677231210285,0.6225656262361576,0.6382267795751448,0.6380330184792145,0.6394214754421863
316.jpg,4,0.792661610771628,34,0.5580217759590739,0.607179035552076,0.8232087310765064,0.8177000691061336,0.8192278124035135,0.8167938248257144,0.8151994227026119,0.8172750711539172,0.8136544871076496,0.8154214957164595,0.8156443683485102
319.jpg,9,0.4967888625892433,37,0.7345782826922356,0.7093408973253917,0.4963782374849327,0.4993051322231826,0.499082580107655,0.4824349076799752,0.4808108779242709,0.4835616021775388,0.49100173460032637,0.4905303349761999,0.49343585277867497
321.jpg,4,0.24491923054876297,38,0.2723771561019914,0.26816132437143503,0.24169641163542005,0.2399608050877831,0.23865665546171994,0.258549049708503,0.25909843132688787,0.26260851775819377,0.24630403947431537,0.24698077513346628,0.24955314047017726
322.jpg,3,0.20505471670951106,38,0.4557483932552635,0.45425379543555056,0.18618141520350678,0.1835484034975296,0.183290502770451,0.15376718551977675,0.14962527020545852,0.14125881755668224,0.1713634228832145,0.16750505014999584,0.17205102705806385
323.jpg,1,0.626512649986479,36,0.5869816013615092,0.6183595809921953,0.6577282038256542,0.6628978280478246,0.6592811585947056,0.6308063182156182,0.6319817552810918,0.6355850394269363,0.6757071903040035,0.6733704062553862,0.6728583640935399
325.jpg,5,0.7909925129355454,41,0.5965863759736707,0.6169755971488383,0.7570432691018028,0.7547722047127376,0.7539320424958871,0.7474357433853068,0.7467363724711992,0.7400641774689348,0.7490936729650925,0.7491784218755212,0.7519304834919839
326.jpg,9,0.5127670621793521,38,0.41013068662004337,0.3431828488736589,0.47790320911355605,0.4739474494015753,0.4713602747965836,0.47102468101154615,0.4707994387863254,0.46775127448711185,0.49270552613535656,0.49262413172107355,0.4985911358078107
328.jpg,6,0.3316831687066172,35,0.547285937298269,0.6152490434968229,0.4315115470279359,0.4345158952028135,0.43302301901768475,0.43423472351994663,0.4351858812024833,0.4335588087472384,0.41394809637706304,0.4161403680086824,0.4190559781729471
331.jpg,0,0.2133790304621634,39,0.5212126405717605,0.54091180245083,0.3350416578622435,0.3306661037360599,0.3297609584435379,0.3401679099084213,0.33826316365928394,0.3309918416362621,0.3230506494483525,0.32286778069637223,0.3202492200881281
332.jpg,9,0.5701097125137174,37,0.6513284836992669,0.685514176426759,0.6398305623366695,0.6398052093511575,0.6393074661005504,0.637680627222852,0.6363158582329224,0.6362093592162517,0.6486253787195748,0.6479701008689507,0.6436517589288362
333.jpg,0,0.6572842938559396,35,0.4732537871291445,0.45461083961672305,0.6399946758222352,0.6369458958347607,0.6348494843740095,0.6449903739789493,0.6442858232781524,0.6470961337514662,0.6469759533352593,0.6458134129831461,0.6474602181415285
334.jpg,7,0.6198019720613956,40,0.5521014368132906,0.6079500540025725,0.6555091595754401,0.6563739894818805,0.6569441011274735,0.6507146560105632,0.649597348651136,0.6464115612885577,0.6322057944350734,0.6299895248773179,0.631106938697306
335.jpg,0,0.5968096794353591,36,0.5794787275809086,0.6124141923515407,0.5564241413423714,0.557965444487587,0.5622315981851913,0.587721693454361,0.5908763293656525,0.5929532230970533,0.5661627031213579,0.5711300876170059,0.5694706303882612
336.jpg,4,0.7941176400465124,34,0.8046210866267015,0.7074620699068211,0.8732564454635829,0.8681854681343264,0.8722911357290266,0.8675008150228198,0.8636374608642822,0.8506720955776128,0.8539460642962393,0.8590225923976946,0.8510211952047898
337.jpg,9,0.5935382960658324,38,0.530080250854029,0.559956744568704,0.6316369409248626,0.6323313515434746,0.6266374428484804,0.6042272764335237,0.6038293695769514,0.6065825300255143,0.6333015522590298,0.6316045146523552,0.6231246979173237
338.jpg,2,0.38235293819076,34,0.39315738037073467,0.34697993068738414,0.32832242152998037,0.3266873556058726,0.32795452711367823,0.33808110887871423,0.33777506929871565,0.33905504052511976,0.3448548819028435,0.3450977350771076,0.3441315188582299
341.jpg,1,0.41427826920622274,38,0.4475393307537529,0.41659680682720945,0.44712292200932446,0.44691685355119504,0.44728342066287735,0.475926778706201,0.4744547318871595,0.4712736553592153,0.4544616541039009,0.4562759199486748,0.45799054174081827
343.jpg,1,0.6531903147697449,36,0.7635558084737144,0.7074854374399309,0.6017693274736853,0.6024917257539366,0.6061515470747313,0.5849120606467829,0.5810488616697992,0.5852813200609168,0.6060309456017497,0.6071089856236583,0.6026511270262969
347.jpg,2,0.6867808373393239,37,0.6532813085261717,0.682487199438616,0.6777946737475601,0.6750027063688238,0.6738482845000942,0.6937962379058735,0.6947736279209642,0.6952106133622121,0.6971804626892382,0.6987391010200312,0.6995815754241408
348.jpg,6,0.7565770881516592,35,0.5976223489900135,0.6222585201093052,0.7759410192435303,0.778093182401266,0.7763905290541414,0.7478436613597678,0.7425286115190544,0.7453237306105682,0.792018925106725,0.793439820767128,0.7953620264199537
349.jpg,6,0.5305057514358211,37,0.47966706545985077,0.4520243617135985,0.5838780796280535,0.5862351209206638,0.5837770929134826,0.5694474585998526,0.5699341024759309,0.568260273254145,0.5977979594544314,0.599077758686308,0.5893029710503457
350.jpg,3,0.6571130752563477,38,0.6167211178645524,0.6317444368224657,0.6866499098608037,0.6895271063048208,0.6867641226165182,0.6824739197872665,0.6830639895095639,0.6869496926898991,0.632312995774329,0.6343026474416666,0.6355031519962312
351.jpg,2,0.5678580043519416,41,0.7264773217709711,0.6867816258483729,0.5543160629989791,0.5590559562555385,0.555583751194131,0.5445256372287098,0.5453325640429638,0.5443677016645951,0.5545686319625898,0.5477909208140079,0.5484547242990648
352.jpg,1,0.2975797579468538,36,0.2407269401114598,0.2310144134089044,0.21799063258964435,0.21453576757140974,0.2153256351760272,0.23044735028909646,0.2257665679115881,0.23436197832830935,0.2251461740204229,0.22409290377409527,0.22238807166563737
354.jpg,3,0.6811298745519975,34,0.5463966641202515,0.6068647734347072,0.5949200187782138,0.5944620374671521,0.5960682167731066,0.5904864250675604,0.5923747294525996,0.598669083411703,0.5790804948763549,0.5788911324219428,0.576222798715246
356.jpg,5,0.5695674835067046,38,0.6677839675203064,0.6814074188274952,0.5419389591182839,0.5454028049816007,0.5466313281115595,0.5304752098718948,0.5311725206702198,0.5306666422382146,0.5747454286004339,0.5762959671772985,0.5765842362175284
357.jpg,5,0.45988829319293684,39,0.5231661766640787,0.5312669624960404,0.3055705427374067,0.3045994886002305,0.3041569838516116,0.3152307228273408,0.31446425344693557,0.30751671326388735,0.31054759624000794,0.3093770213563241,0.3089747603628282
358.jpg,5,0.7977913129024017,39,0.5321397273742998,0.565383157368641,0.779126923020825,0.7809199896339432,0.7783649331599095,0.7589188557764175,0.7596501345741976,0.7641153321553296,0.763730094268462,0.7594448086496576,0.761377399947205
359.jpg,9,0.4922397626010147,37,0.7006644251805493,0.6883011420304451,0.44609354039611093,0.44518425485091473,0.4443909376814126,0.4350549896280863,0.4325594794091778,0.4350404905262105,0.4390037853068884,0.4391019266757313,0.4332989945893069
360.jpg,9,0.6860343947222358,38,0.5217862021244077,0.5149124809079327,0.7027311403622838,0.6995643965050682,0.7005795094301115,0.7020005335763335,0.7007132349941466,0.702275009560404,0.7167246878246354,0.7153255227206801,0.7193014448849371
364.jpg,5,0.6114568548543112,35,0.4980482689145173,0.499985635647952,0.5982361795714052,0.5902714180195099,0.5882730393531976,0.600889004668158,0.5988938612590785,0.5903130411222298,0.5678668513114681,0.570586985653244,0.5698164070646119
365.jpg,3,0.7251768010003227,35,0.7391564970539709,0.7033098770940444,0.7709945006669852,0.7702532824425936,0.7662409263632777,0.7690722562182225,0.7712226207967536,0.7667278981090297,0.7518997094033331,0.7481916041841237,0.7508303634923809
366.jpg,8,0.6900990051882607,35,0.6290119301832029,0.6623463350176962,0.6408705676657478,0.6430263868402428,0.6419691665078584,0.6467319259489703,0.6526115418634543,0.6547481135675811,0.6240862269763288,0.6263491853930532,0.6239653969951584
368.jpg,1,0.691796321954046,35,0.5964161457799586,0.6276135547308613,0.6719933595719322,0.6758737268269899,0.6778177771425694,0.6871291323074469,0.685892880853502,0.6919259103260479,0.643550754201398,0.6444848279879694,0.6446484337641573
370.jpg,3,0.7120462043417825,36,0.5518016550716713,0.6068647734347072,0.6736098375901549,0.6723509491256088,0.6838260473017205,0.6828462314333168,0.6836748879128824,0.683096467282245,0.6910276367217473,0.6905004408072575,0.6908934389411655
372.jpg,4,0.7772277206987948,37,0.6553127157113625,0.6837525417082528,0.7300634066673002,0.7276945739989219,0.7276613831011403,0.7301628051964479,0.7294690524617982,0.7251847749452119,0.7422424967912333,0.7456282903514055,0.7444490568785551
373.jpg,8,0.7703520341051949,36,0.5893805717085094,0.6175066812720239,0.7833829533582684,0.7764039242291676,0.7771546423512419,0.7836746321550951,0.7771431105439932,0.7707797842831348,0.7871909181020904,0.7860497767828869,0.7841252099924487
374.jpg,9,0.7363861434161663,40,0.5770505760780569,0.6097309193992037,0.7186508330242479,0.7185536797253291,0.7200789296649311,0.7183703193079355,0.7187196436328173,0.72047029094288,0.7131475438667159,0.7142312797383321,0.7174659946906744
375.jpg,4,0.7266226592991087,36,0.5683441736423085,0.607179035552076,0.6108538914496763,0.610622135239249,0.6094460527605818,0.6282222784506422,0.6293867702936725,0.6340500472648887,0.624679492826892,0.6288573447079467,0.6286454259368023
376.jpg,0,0.38366336727307904,36,0.4984138613195192,0.5103855278116473,0.48118355136406066,0.46972405355687175,0.4771749799573187,0.4558012604241814,0.4560305770163178,0.44330961372482547,0.4265173590177582,0.4306481963538406,0.420176989591259
377.jpg,5,0.6798233840916608,37,0.5762079253569834,0.6099255767860678,0.7002382691669999,0.7019133447652216,0.7045171902092263,0.6849646403793529,0.6851048463485914,0.686610609423011,0.7532289267654484,0.7522151376072759,0.7543166701597376
382.jpg,0,0.5720071937098647,33,0.5827665767381711,0.6124141923515407,0.5402430957618852,0.5413553247819004,0.5401772008465826,0.5366465612219037,0.5376471259685925,0.5365284960113441,0.5533961087230526,0.5555242955366013,0.5548523655358186
384.jpg,6,0.7821782171726227,40,0.5824637912046362,0.6152490434968229,0.7613802457320109,0.7627979919949521,0.76065427248451,0.7660716107291018,0.7699518019675017,0.7683846928201576,0.7686226372954591,0.7705506751520479,0.7716421569240925
388.jpg,3,0.8287711108432096,34,0.5959163335078985,0.6120561046581636,0.7595210473434474,0.7608669971695152,0.7575427421016684,0.77442745092509,0.774977253141123,0.7732367848091244,0.7749857389688903,0.7771673648318564,0.7713998832586182
393.jpg,8,0.5385038471884198,36,0.679990457753205,0.6837764784542716,0.5201755591469255,0.5277972313772791,0.5229857549931531,0.5119443009567245,0.511234985644857,0.5175943966674408,0.5438686847937506,0.5460571918294462,0.5392345872858608
394.jpg,1,0.5946940779685974,39,0.6597981114345277,0.6797448034738615,0.6732563807664123,0.6741839988131998,0.6752132870160193,0.6642874647148427,0.6618660365668355,0.6681993472025654,0.6704608936149091,0.6706458957490242,0.6749878371668392
395.jpg,5,0.41206977718199295,42,0.45770046915018586,0.45365732897485816,0.3944193918864166,0.38967280748760513,0.3844726694299826,0.3338220698250436,0.3363239474071644,0.3363982865220738,0.3671304945021501,0.36740018223959736,0.3643167119506892
396.jpg,7,0.20082954351312002,37,0.37344811004467804,0.30020010814499143,0.2538012579036256,0.2518954994323331,0.25030404583023497,0.24021616871058932,0.2318351938680211,0.23747204085187623,0.21088044806605205,0.20959755244056388,0.20771462615652175
397.jpg,6,0.7737332512350643,34,0.8047877704566547,0.7030190902295412,0.7544515686259421,0.75566648918112,0.7535423574893723,0.7356549971632608,0.7312160342976355,0.7393261517055946,0.7498016747382409,0.7511268639116837,0.7476959753976626
400.jpg,0,0.7687411529677255,35,0.6618257360418465,0.6828626024243543,0.7766604687755833,0.7808686493292567,0.7749400673643552,0.770177982820923,0.769040512112172,0.7693034737013844,0.776680420820498,0.7792901244145424,0.7805962401517643
401.jpg,9,0.4812981292165609,36,0.41571822045915163,0.3450133586397197,0.3286751225501183,0.32452244539984937,0.3252445585383052,0.339114884500085,0.33718200442859564,0.33816800606737313,0.3342810403241998,0.33557612807387593,0.3313714465651184
402.jpg,6,0.34075907844170517,36,0.4393932817919205,0.4212681304346802,0.42686823403012186,0.42684220857560584,0.42612753874543,0.40755078025914415,0.4014505038132201,0.4050426521346646,0.4393503291028365,0.4381384867418564,0.43614032161545613
403.jpg,3,0.6761868519660754,39,0.49039715043265414,0.5142123961575579,0.6223363446117902,0.624617985275424,0.6340779696487683,0.5903091867849436,0.5892742369862861,0.5881117042874545,0.6322063814344246,0.6324942664366564,0.6373539649678959
404.jpg,5,0.8058603099874548,37,0.598340022227199,0.6169755971488383,0.7571553622023188,0.760340910098195,0.7582274048517064,0.7754780035899896,0.7751689343949404,0.7764294964512578,0.7607423064072893,0.7618319068614661,0.7596865755291726
405.jpg,9,0.5132956100361687,35,0.5197931715539879,0.5149124809079327,0.4851051513848023,0.49269273595522434,0.48985139235491276,0.47481166035999334,0.47475572313103087,0.471375474260628,0.48906627251106966,0.48738740736193387,0.48307049087610593
406.jpg,2,0.7480905226298741,35,0.7184009423014427,0.6867816258483729,0.7021651996711267,0.701478955038959,0.7032138067429137,0.7183880095185571,0.7197679507880396,0.7181672255509118,0.7229953508980476,0.7254557332482496,0.7246056623685371
407.jpg,6,0.319497335033539,39,0.49412643627136493,0.505954093094691,0.4679946146806162,0.4665237694076464,0.4670934379166118,0.4669233340838482,0.46738950159229975,0.46519541482808324,0.45202327675450654,0.4471104171519472,0.4515823984653583
411.jpg,4,0.4736842081735009,38,0.556946417042741,0.607179035552076,0.5113366151268446,0.5105725562270921,0.508950628293125,0.5069702891330065,0.5074914093599319,0.5016088131107992,0.5111966433791588,0.5068192562511119,0.5110933609820013
413.jpg,3,0.6858910828828811,40,0.5844148593244485,0.6107253416137947,0.6443574525438586,0.6482878231154228,0.6552940186019036,0.6440797852468931,0.6419331286508586,0.643188691325677,0.6616359227878843,0.659271621534924,0.6650698842196607
414.jpg,1,0.32178217796363723,38,0.31560311124021523,0.27832742301893243,0.2620675085305447,0.26497362737899965,0.2644999434552894,0.2822154065087272,0.27933962336146145,0.2855853374566776,0.25765616045520834,0.2551176288171338,0.26059649132143414
415.jpg,9,0.510422090595392,38,0.6424037975273853,0.6702842418635991,0.5284589286980247,0.5313150645263853,0.5347438774186968,0.5174618795270574,0.51430347562931,0.5135324565089958,0.5247846298552284,0.5225873449896901,0.5221149134218488
416.jpg,5,0.6980197992589738,36,0.520569778408678,0.5312669624960404,0.7057757633931832,0.708044976119587,0.7073780444312445,0.7082030042548978,0.7081977357821363,0.7052925495041952,0.6960591287033686,0.6938588729899802,0.6911380224902024
417.jpg,0,0.46709376731065705,34,0.4890158769853741,0.5103855278116473,0.5860877137567236,0.5840663160458645,0.5836049409390215,0.5692638604878557,0.5675239226553833,0.5668593211276297,0.5719880805434286,0.5713146454158784,0.5667223542298013
418.jpg,6,0.7164073518344334,35,0.7728144121073626,0.7030190902295412,0.6774816998880429,0.6721173312134521,0.6760475690559706,0.6909697270348425,0.6943860827028495,0.6995139849645214,0.6954805964432069,0.6939792951863102,0.6901974398506661
420.jpg,8,0.6549371080221357,37,0.5979490023265459,0.6175066812720239,0.6586269815649024,0.6665920388886306,0.6626702674660514,0.6523544152794403,0.6493330998885055,0.6537090021523366,0.6769634758983405,0.6688524655420962,0.6706938749436024
421.jpg,3,0.6119361920282245,36,0.4627162189996133,0.45425379543555056,0.628006689973493,0.6236546261929315,0.6241765705669676,0.6317020680142624,0.631629860790162,0.6340611602512376,0.6327667415113755,0.6337218553770476,0.6333036776167354
423.jpg,9,0.27821782026439906,35,0.44543206664518964,0.4344608779065439,0.35788517467542846,0.35700284245892233,0.35890854497875513,0.36423476845382113,0.3689994408619317,0.3689268092303597,0.3592589978782527,0.36406239844835764,0.3659690712626886
424.jpg,3,0.7441375647720537,38,0.549503365705843,0.6068647734347072,0.6668381994834134,0.6712130580558766,0.6668017268940846,0.6862058404964714,0.6848896420492759,0.680921694003742,0.6721527720912577,0.6726849159277453,0.6697495859296663
426.jpg,1,0.5333507002184266,38,0.570628281812499,0.6094495696705939,0.5698266300203711,0.5699849894838975,0.5696463255794993,0.589051983023793,0.5885731745453466,0.5867763451942686,0.5863314409124385,0.5872913718117686,0.5882824736225751
427.jpg,1,0.21287128874765976,35,0.36256488265450293,0.3011758950837089,0.26342827080001896,0.26153393296215555,0.26012120328605826,0.2636832619281606,0.26140893214051353,0.2610806047615921,0.2388271102576487,0.23746173105046392,0.2367942092683314
429.jpg,0,0.6734011221576381,37,0.8396346223054161,0.7662194032043586,0.6293105796228042,0.6314191015926414,0.6338323136016109,0.6510769468570646,0.6512195622537593,0.6536975035315503,0.6340506987354428,0.6280793933297418,0.6317549442955687
430.jpg,0,0.7223479492323739,35,0.7307258357279713,0.7007336372766605,0.6544993390629771,0.6572908773294144,0.6569766661650178,0.6526681192306799,0.6509813938209487,0.6508265254221586,0.667090692334686,0.669349874771323,0.6720075037210533
431.jpg,4,0.8537596931328645,37,0.7550835179558127,0.7074620699068211,0.8431750350762353,0.838149397096094,0.8342758210470749,0.8180795205870187,0.8151860888716741,0.8227041779505979,0.8183471236278429,0.8181229886023771,0.8115127989988262
434.jpg,5,0.798332459048221,38,0.6934288122450867,0.6814074188274952,0.7565289759319945,0.7553657762184249,0.7499144623903935,0.7719695712701922,0.7728578709422054,0.7690434720837456,0.7841155143758834,0.7891999457257975,0.7935440198287197
435.jpg,7,0.7698654471299587,39,0.700333137560211,0.689838770427662,0.7323645617050594,0.7349285581545791,0.7348412041331521,0.7483112228725856,0.7476654278456181,0.750192739436647,0.7358309967999379,0.7386149885886661,0.7379405961654484
436.jpg,2,0.4460656571594116,38,0.3701574863924608,0.2860797090470992,0.4453356301495658,0.44448036632937793,0.4452922160596279,0.45918406764186415,0.45880185910975874,0.46079387827181384,0.4471181474499413,0.4465182922309951,0.44460889116730057
437.jpg,2,0.5454826662753476,32,0.4524237130388407,0.4296512326995719,0.5065878677869166,0.5066655292201931,0.5059027533514705,0.5123994002087018,0.5130615365491609,0.5097795809068192,0.5080806558021836,0.5094959706615528,0.5089948246197099
439.jpg,4,0.805074255913496,32,0.5577246675141623,0.607179035552076,0.7752044872912738,0.7732857645835086,0.7727421439317711,0.7381416656904711,0.7375184262465168,0.735857354448289,0.7749089053526403,0.77430397202623,0.7722403322871852
442.jpg,7,0.7758897494625401,37,0.7943245575300463,0.704857894353503,0.7095464397344964,0.7102694523440901,0.7131742518953809,0.7420070226242841,0.7446182332406106,0.744398642476043,0.7150144356915995,0.7109380208681466,0.7122758104184568
443.jpg,8,0.44029402876780793,33,0.5759205841482188,0.6175066812720239,0.3650594731001763,0.37859291421317587,0.38058049138339856,0.347718413620438,0.345116437492403,0.3493447572221454,0.36658601361275334,0.36471875274178783,0.36607479612133675
445.jpg,6,0.6782178201458671,33,0.5416233199851257,0.5591551029905243,0.6602839969880777,0.6598204901297912,0.6615109636293859,0.6907952143217568,0.6943928377032151,0.698526893953063,0.6811181758777061,0.6839537389353525,0.676912849184579
446.jpg,3,0.32207338322940116,34,0.2908118505482644,0.26440479057327415,0.36123931456768177,0.35036055149445966,0.35604265996905526,0.33884390911496226,0.3405486713284726,0.3487611724941825,0.3431665236970938,0.3417925055054172,0.3392213837544813
448.jpg,3,0.6891610167528454,38,0.6583682768075585,0.6904973102641345,0.6678443196323379,0.6675727528218298,0.667625569237879,0.6686528394106463,0.6678418588726246,0.6642316159746879,0.6865641038749525,0.6863377721936907,0.6844106560637067
449.jpg,5,0.3379066455311009,35,0.6002442856660204,0.6169755971488383,0.34684397954156426,0.34370263437054754,0.3484444892248158,0.34249317142346264,0.34336034924874004,0.3413571559654212,0.29741508013380347,0.297390789555963,0.2935594066466458
450.jpg,9,0.8022407512915762,38,0.6630969452686211,0.685514176426759,0.8080983002239139,0.808536003505371,0.8074852529178203,0.8220553008615807,0.8235092814933638,0.8207849646814498,0.8136052258193671,0.8151610124015443,0.8188517315443222
452.jpg,1,0.8408024938482987,38,0.6502310588119187,0.6789947250747143,0.7354097595299215,0.7340652428010832,0.7370042811937015,0.7232350317601449,0.7201869355660147,0.7324615012240365,0.7465019966605271,0.7476447293217903,0.7468517011955492
453.jpg,9,0.7560113089425223,35,0.7417474660491763,0.7093408973253917,0.7497902763340951,0.7459866809973263,0.7488241497021111,0.7471528413322919,0.7453289482593511,0.7427373307626175,0.7766799793720216,0.774367611533378,0.7638383578040451
454.jpg,5,0.35753575530058396,36,0.4483674110391779,0.45365732897485816,0.4553037695618787,0.45229243376874595,0.4549691609984501,0.41788471974206565,0.4206927323042994,0.4203926409052684,0.4418440806687147,0.4433995940719277,0.44811392772461806
455.jpg,8,0.8530548084072951,41,0.5475408707937796,0.605431593065841,0.7967344204978283,0.7924500236630896,0.7971047964006934,0.8009272896421407,0.8010510997199821,0.7977148298610021,0.7824534947992118,0.7799638086277225,0.7791819511855711
456.jpg,7,0.5036775084478514,35,0.6350874549708452,0.6734837088345605,0.5486028599746665,0.5509704306463343,0.5567787087491738,0.5399350929267068,0.5397247734040158,0.5408196952702593,0.5652764701060359,0.5629373158911815,0.5619297314460014
457.jpg,2,0.7679455438628793,32,0.7205117334350124,0.6867816258483729,0.7324549715446724,0.7327528959006151,0.7357775084886347,0.735269599336473,0.736585176364283,0.7318734530681941,0.7589876591272378,0.7585766477871503,0.7622952427688072
458.jpg,4,0.7800565719604492,35,0.5948872253387334,0.6174310512202271,0.7220350868755028,0.7234375001157196,0.7198291505472547,0.7128755950262347,0.7122311821488102,0.7094385837403622,0.7242707749828892,0.7186129786598656,0.7183110342398544
459.jpg,4,0.42499250097369606,33,0.42249531469687795,0.36882200761853634,0.491341667443322,0.4870688887131447,0.49004270319586896,0.4824968012969502,0.48182490309966935,0.48063135189898565,0.47456654996949454,0.4693396087229601,0.47043137007048097
460.jpg,6,0.2992799281650646,33,0.3069563956712432,0.27258630706571413,0.33615191235527875,0.3353942324046995,0.33881337463426087,0.3206952427683466,0.3151763169503328,0.3162087574160278,0.35264507677012136,0.3592648278060865,0.3612408181410076
461.jpg,9,0.29290428703340393,36,0.3912362922692455,0.3224961347235698,0.3505804470761579,0.3509393522889783,0.3538318582235518,0.36741842109608547,0.36877248555959313,0.36280607695520567,0.3537517314004765,0.3536458180964546,0.3536201626281654
463.jpg,7,0.29009901137490357,35,0.3745809588006055,0.30020010814499143,0.40225895381007787,0.39958278574724837,0.4022643606894723,0.399997797040519,0.40053632996236,0.40133221414079867,0.38761362549840644,0.3905315015360426,0.39497635394982
464.jpg,1,0.7640263959765434,36,0.4954072120347006,0.5070594300867207,0.6482603630649543,0.6480347745039045,0.6474578375966986,0.6214809382390272,0.6260048780246971,0.623306686312409,0.6784005109308778,0.6784023986881852,0.6764604778863981
466.jpg,6,0.3057658707531279,34,0.5262174893616013,0.5574179110930225,0.3803054898334497,0.37855583516290786,0.37970394222529935,0.38335339604954743,0.3812929194354388,0.3828943630214252,0.3767779706699306,0.37274149751969105,0.3698617096255947
467.jpg,2,0.48910891078412533,40,0.44066143942289554,0.42029834338260263,0.555737142113044,0.5545764505716082,0.5551538140623296,0.520257867148561,0.5184316520594032,0.522304376743818,0.5408466643720465,0.5404097500283944,0.5393415900641377
468.jpg,0,0.5117868935423238,42,0.5603240737328673,0.6104515524146727,0.6585715440213163,0.6607223331658731,0.651756455435336,0.693176507143706,0.7042765719882278,0.712134105276316,0.6610983074708656,0.6624880756890974,0.6499840415166396
469.jpg,7,0.7758525775538551,36,0.739541486701989,0.704857894353503,0.7546583479079589,0.7575459285213708,0.759807024252337,0.7716261379406877,0.7745658432443199,0.7709195296920729,0.755804691867074,0.7570009859722411,0.7538474743133875
470.jpg,4,0.6462300091217725,39,0.79103673363016,0.7074620699068211,0.7187476394049023,0.7159263475113905,0.7170022285830022,0.7186956316097728,0.7173002416051615,0.7154581321536639,0.7115645315623697,0.7085279569714451,0.702026016270523
471.jpg,5,0.7175305704860127,34,0.5296957316906494,0.565383157368641,0.606177476635322,0.6109329878138672,0.6093693575341494,0.5950668264872195,0.5948325993814868,0.5966124914683059,0.5851951550260771,0.5841322445246218,0.5801414382602437
472.jpg,5,0.3237073678497432,36,0.35680446170987445,0.2982185727849148,0.2243711311509125,0.22220257052625136,0.2204349094306663,0.24527381935377102,0.2442372511221596,0.24390400090227626,0.22261087925054746,0.2239190394450726,0.22194144676819844
474.jpg,3,0.6417255997657776,35,0.5286095700562639,0.5565147943044223,0.7099605346229361,0.7105755956987213,0.7131389478947754,0.7171860205875673,0.7161109625095956,0.7174097730462224,0.6933794518382108,0.6944423787906552,0.6989136728769636
475.jpg,0,0.6164822350530064,34,0.6599857538293271,0.6828626024243543,0.5809058651300517,0.5781275953635623,0.5711815778952759,0.54873707438911,0.5487135697008283,0.5425590208735516,0.5781464812667841,0.579208433931766,0.5837006593027212
476.jpg,7,0.6351485095918179,40,0.6417241538708004,0.6836830530374316,0.6418861839436963,0.6436245973837823,0.6454273433181346,0.6305654523569121,0.6323209993048488,0.6349025430307422,0.6496413636546284,0.6544711771321099,0.6546478141424547
477.jpg,0,0.71177117443747,36,0.6400848224280211,0.6678292813581878,0.6603954193171677,0.6644891764294331,0.6646651057462563,0.6657161120900369,0.6654657954034506,0.6696159982632177,0.6778076832254597,0.678337378293812,0.6794715459806785
478.jpg,0,0.6218583327837479,39,0.5847378212080829,0.6124141923515407,0.5677930561019355,0.5712395988327423,0.5675812403137144,0.5945194503982418,0.5938839888997275,0.5944901162881644,0.5769117753379136,0.5806249701027534,0.5795979434919727
479.jpg,8,0.7480905175209045,35,0.5979125813130445,0.6175066812720239,0.749068332223835,0.7498708606052802,0.7551601419979348,0.7630469275903122,0.7634151259282345,0.7678423998582391,0.7647424264522651,0.7695516071781568,0.7623907175866449
480.jpg,6,0.7458343404095348,41,0.5318576273258222,0.5574179110930225,0.7149735332970106,0.71799555393579,0.7140526825376832,0.7301445453407152,0.7286016387535849,0.7281634740981634,0.7119760530432118,0.7119013613082203,0.7147046518599738
482.jpg,1,0.20214521614575964,36,0.21389057829325286,0.21217401422493604,0.21809494627393577,0.2111404894502391,0.21313891986588335,0.2260961629671731,0.2206250976366363,0.22676576201322457,0.2048950816157466,0.2026425672608026,0.205486013725896
486.jpg,6,0.7623762355910407,36,0.5311094710213768,0.5574179110930225,0.6719253742863617,0.6767048616856608,0.6719616782485558,0.6515980077731568,0.6521502192037615,0.6480992834108487,0.6631314518372902,0.6601882462028914,0.6596961095362928
488.jpg,4,0.24199184548000202,34,0.41761078998572965,0.36882200761853634,0.24239969096616715,0.24686301985308234,0.25013843282383474,0.28716564294437247,0.2897846152805348,0.295925266175771,0.2861608979501044,0.2926500998090948,0.29093521899699293
489.jpg,4,0.6386138611548656,37,0.7684407232128115,0.7074620699068211,0.6629933902718037,0.660466279948607,0.6641305224445183,0.6637623626950588,0.6617984557491869,0.6679694349064642,0.6753724179218614,0.6777649360137672,0.6744285088003417
490.jpg,1,0.6289667448936365,39,0.5798533153199132,0.6094495696705939,0.6591687019354643,0.6618429168584478,0.6587398565440256,0.6507934097107315,0.6497334546497733,0.6525940928954054,0.6367980433596934,0.6364945661906891,0.6353630862328312
495.jpg,7,0.3073550201287227,35,0.45087936182310007,0.4605828302320159,0.5226129142278241,0.5240090087705779,0.5259938888599758,0.4789708266002143,0.47513035859957087,0.48025081289204097,0.5210556233381627,0.5176956534870815,0.5202150253475895
496.jpg,6,0.7453839988321871,37,0.7259822536343152,0.6835486386263564,0.7741185259651804,0.7756147159266802,0.774742938420528,0.7721683261737707,0.7710506580628411,0.76883544165208,0.7849269983163053,0.7843646864185878,0.7894789898542726
500.jpg,7,0.1689858185630795,37,0.2583322486627634,0.25915912166118366,0.28346151627927385,0.28034473616702815,0.2790787797928017,0.24781940243272876,0.2511522451302174,0.242156413671754,0.2469493481421349,0.24483923883209066,0.24076765719911636
501.jpg,5,0.43833097623927253,35,0.5213589192227659,0.5312669624960404,0.44114862667105775,0.4411522649972075,0.44308216951056106,0.4536171027423075,0.45298341811299986,0.4505567886783653,0.4630244325399997,0.46500233294628135,0.4662511511412286
502.jpg,0,0.717300672280161,38,0.6024620605838058,0.6175546605751839,0.7340080795273749,0.7301084897807769,0.7341273885034301,0.7391937113097988,0.735078967814474,0.7298340962253996,0.732859872944554,0.7349893423040375,0.7356217763943563
503.jpg,8,0.34350935311522335,36,0.5138750145373691,0.5125852805951533,0.3230897117570894,0.3215977276114208,0.3219419476145774,0.32667661433314604,0.32565561793260434,0.3289545832177452,0.29084272749247353,0.29042714089712,0.2924014619806887
504.jpg,1,0.6866627786965931,34,0.6445299789692638,0.6773766988136966,0.7153793386832433,0.7234449556008666,0.7219075656113324,0.7070489194447346,0.7115961422811405,0.7106885297049794,0.7113329576498932,0.712751618526247,0.7108649337327761
505.jpg,4,0.845403105872018,35,0.5688919330309203,0.607179035552076,0.796770433041911,0.8024222032762505,0.8000123791555616,0.8001173940092904,0.8030922361978773,0.7951795903738398,0.8029755583223418,0.7966183619123972,0.7978474755534553
506.jpg,7,0.8055555489328172,36,0.843984125987987,0.7435513284023818,0.9352465022269891,0.9266481353425173,0.9307678721407608,0.9144324811698885,0.9137583300784533,0.9138012839333115,0.9333032018594309,0.9324634338551192,0.9290515560793343
507.jpg,0,0.7731508384732639,34,0.5418775969701213,0.5741919150088741,0.7490873387120411,0.7469983380102474,0.7462343050526923,0.7643455260580521,0.7638720492049552,0.7636000506364361,0.7527174129890762,0.7502991292459265,0.751297594014984
510.jpg,6,0.48573092524619665,34,0.4653757451114265,0.4519742795038339,0.592012123247707,0.5958874104568145,0.5930863748322944,0.595869100449703,0.5952142389249596,0.5909025662498764,0.5883882486529562,0.5868017952231094,0.5908674338897786
512.jpg,4,0.6725172517877637,33,0.4277218584341304,0.36882200761853634,0.5859307220064428,0.5826059833290332,0.5854772496768303,0.5791424330289972,0.5788849755395648,0.5820459479514878,0.6142975119245745,0.616536335899393,0.6169934404137376
514.jpg,8,0.49143698006062897,37,0.6086151134574507,0.6252920142811688,0.49806397472735414,0.49993180647171387,0.49383489503041256,0.5206734044340239,0.5261437553731572,0.5251669167750517,0.512472205741363,0.5170861680932655,0.5120778050349538
515.jpg,3,0.261573456731197,37,0.376082446358052,0.30128598321614714,0.3391038187605194,0.34188269734764415,0.3396845472758102,0.3438839165864944,0.34495559351315447,0.3538355692071419,0.34574406942096025,0.3482916098958224,0.3478229384579816
516.jpg,2,0.5812923406299791,38,0.46408736874335293,0.4486971152243888,0.5416699111289036,0.5375610048095576,0.5382782938525745,0.5441337014220824,0.5447658806071105,0.5447007864196719,0.5462560488005432,0.5468380120676182,0.5474111141976395
517.jpg,2,0.25189283542225466,34,0.4367695610905018,0.42029834338260263,0.26608832573246743,0.2735700477900454,0.27043538994024,0.2720091035557636,0.27408145380803045,0.27188677763452374,0.2666698641060099,0.27269050442077714,0.2718420187181937
518.jpg,3,0.41460395969916136,40,0.6692448936905071,0.6904973102641345,0.5604194253258948,0.5660081255680296,0.5665041603820242,0.5628178432979151,0.5621552720170082,0.557956715860095,0.5497537026933733,0.5467327159882807,0.5471423224260409
519.jpg,5,0.8110561039712694,36,0.6339125579413754,0.6641430441019052,0.7351351413494254,0.7370896955796541,0.733375069917106,0.7233987318507585,0.7206918064091324,0.7206737663915883,0.7222040476392763,0.7204522677502867,0.725318136319286
520.jpg,8,0.7186704346111843,35,0.6497174512195518,0.681898481295638,0.6940773730717202,0.697702508885951,0.6958428080423098,0.6974496755606125,0.6996290256859297,0.7040599240589179,0.6935604840822996,0.6900907814596909,0.6925329119842831
522.jpg,8,0.6151343694755009,35,0.5637685556187446,0.6161038464859894,0.6301516311510933,0.6373670882030739,0.6347864382435388,0.64484924029412,0.6465158348280771,0.6496547858614333,0.654733404507341,0.65387128302973,0.6566314320856801
524.jpg,1,0.37898789797650856,36,0.49555525979221415,0.5070594300867207,0.4820239016332507,0.48589351273295284,0.4824871345281053,0.48343846561315296,0.48551333698702664,0.48533419864331295,0.48549972305401823,0.4866278846153618,0.48505034261254965
525.jpg,8,0.5282178210094571,40,0.6770891668121211,0.6837764784542716,0.5918645869022613,0.5908121319619644,0.5882544093667508,0.5613041829041419,0.5585651859640841,0.5587516070337476,0.5804223215546401,0.5755471286445311,0.5800690114748779
527.jpg,9,0.6826472133398056,38,0.5017009652498816,0.5016594407990149,0.6917209356980277,0.6921970393246757,0.6940485700745656,0.717955276934912,0.7182907692656548,0.7202027806175589,0.7028376562113382,0.7021232754213191,0.7065882521925149
529.jpg,0,0.541254126570291,36,0.5338703042978178,0.5741919150088741,0.5855013053039415,0.5884534327108442,0.5877910424203929,0.5754023661583332,0.5756107924466919,0.5770548717983595,0.609178012827786,0.6035328217841809,0.6071456758073237
530.jpg,7,0.664416433283777,33,0.5759128963401703,0.6079500540025725,0.6541754294129489,0.6544841651452,0.6567972812687503,0.637801763345153,0.6352004079206331,0.6406293653051548,0.6668920432946188,0.6650303495828183,0.6700084895815632
532.jpg,8,0.7806223409516471,35,0.7358044369181884,0.7099343060208884,0.7426198117639409,0.7409169990902952,0.7427208771740434,0.7535315493401159,0.752106450409236,0.7503454633554453,0.7684924275184088,0.771989193452962,0.7710976228432147
533.jpg,1,0.7446958933557782,35,0.6202639486406585,0.6276135547308613,0.7582000830737263,0.7560707905688766,0.759434682334221,0.7774151952242597,0.7769154734366948,0.7776386756758833,0.7758553055580346,0.7759459167894526,0.7749381883102396
535.jpg,5,0.3975113681391687,37,0.528378909990319,0.565383157368641,0.5715533563543123,0.5646499845966373,0.5619129049780854,0.5774053248641127,0.5785548700149321,0.5809298670399149,0.5272171970362055,0.5287696961336058,0.528349613945757
537.jpg,7,0.32913719742958036,35,0.32856017729580766,0.2760791624401819,0.25127653124059607,0.2548765529791375,0.26113443458084273,0.2638381062133451,0.2663139347923833,0.2620329113101235,0.2616326700370713,0.2644320520951454,0.2574835821535113
538.jpg,2,0.8242574168576134,36,0.6585323643637186,0.682487199438616,0.7800858416054179,0.7780254253311356,0.7777724984950569,0.7824625551081192,0.7802554403448144,0.7800290453152148,0.7719709378035624,0.7709597518379253,0.770478661905637
539.jpg,1,0.7483983670963961,34,0.5762680474430382,0.6094495696705939,0.7351967256494493,0.7292874204605468,0.7330292862069073,0.7492000554851055,0.7533514119414605,0.7526810895934221,0.7274807536402139,0.7286517242130792,0.7277102118412764
541.jpg,5,0.48045188876298756,39,0.48554223191056567,0.499985635647952,0.4333965769075557,0.42775097886202257,0.42744807311033783,0.4286138775668423,0.426848810981028,0.4246617972700874,0.4400679797721468,0.438827823933537,0.44020040600931404
542.jpg,9,0.6683168293851794,33,0.7629523622085916,0.7093408973253917,0.7132189816660824,0.7063607636773621,0.7043367670828697,0.7043105621924601,0.7066904886271225,0.7085155637552135,0.7277060196596434,0.7273941681713844,0.7252729603957762
543.jpg,4,0.5096181013754436,35,0.6027618965456821,0.6246585802027689,0.6199555191775543,0.618815089947621,0.6186800624267008,0.6372807640417927,0.6365378246177956,0.6292108293598894,0.5926355826540002,0.5930956012606211,0.5905811664812131
549.jpg,0,0.815731566813257,36,0.5557458231778382,0.6104515524146727,0.8294143559267186,0.8267735211057983,0.8366282547482337,0.8011032534079192,0.7994368036045865,0.7976628726264973,0.8246283905120149,0.8224803565903585,0.8238623534885515
550.jpg,4,0.5206755934392705,34,0.5493483950159384,0.607179035552076,0.5962484159171006,0.5975243389200806,0.599045945257858,0.5891149651812562,0.5882808595914496,0.584530596072374,0.6148615650216296,0.6150641375068737,0.6136008834607268
552.jpg,5,0.4068142078159487,34,0.7203305690357443,0.6904901882074577,0.3330517288852449,0.33263546530987675,0.3346201416326563,0.3490156696034285,0.3485278126217324,0.3519632597971004,0.3675363301208527,0.3688260211325512,0.36666671789526684
553.jpg,9,0.6683168332827719,38,0.6711952651207034,0.685514176426759,0.6920720508900717,0.6960354554151291,0.6955418714833081,0.681782823780892,0.6817970745534869,0.6801470976993838,0.6679260225285238,0.6651659805956989,0.6666342636864313
554.jpg,6,0.693519348447973,33,0.5055003926583117,0.505954093094691,0.646453607306713,0.6431237001469153,0.6452674372661319,0.6541364681317271,0.6562853719198769,0.6564167689389964,0.6593350009740236,0.6552152610019266,0.6579069420241753
555.jpg,4,0.6120226298059736,35,0.4657987956917821,0.4522851438332865,0.5248274812702456,0.5211302273129029,0.5186662998309872,0.5635760688958513,0.5636525320481165,0.5562804351565541,0.5628336416237387,0.5802904642682413,0.5668248198533143
557.jpg,5,0.7798840810612935,41,0.6241785813825868,0.6637629788296682,0.7277788957470692,0.7317144381209946,0.7307381785067721,0.7303988996502668,0.73083043957393,0.7365441533895645,0.7362304552931775,0.7334501177985934,0.7313554656059581
559.jpg,1,0.25889751165350144,37,0.4871573475591715,0.5070594300867207,0.21423500526955197,0.2128260375628438,0.21104489788261632,0.2456400356718883,0.24473905553010705,0.24441590103687744,0.24372189274274858,0.2459653754666295,0.24938258354898815
560.jpg,0,0.742149932043893,35,0.6235026138535066,0.6618263081495451,0.6911304813258449,0.6929701536486244,0.6920551508281285,0.7029281600383859,0.7043162930049198,0.7051010099216481,0.6949711889859469,0.6994977969691256,0.6942900356855581
562.jpg,1,0.6696919637421767,36,0.506546117784995,0.5070594300867207,0.6898271282209384,0.6941246854118106,0.692057288336285,0.6865836776508294,0.692610455647289,0.6853140881887312,0.7052497397128215,0.7063058571815913,0.7030631490010281
564.jpg,9,0.7422992289066315,36,0.5596164392941881,0.6097309193992037,0.7097116918402404,0.7076624228836054,0.7074996412003197,0.7216629436050004,0.7217768220856037,0.7217469640010026,0.7156014027773221,0.7160916580249987,0.7147722121062023
566.jpg,5,0.5960978403249207,34,0.8197915721110716,0.7085513578743069,0.5891741055328108,0.586643197158102,0.5870650022371722,0.5864773165811467,0.5867127217104724,0.5907733103212889,0.607912899410119,0.6083604539168398,0.6050839797005665
567.jpg,9,0.7484248370835276,33,0.7017677153240176,0.6883011420304451,0.7329645342992852,0.7333855925244043,0.7299685775376907,0.7408791452810699,0.7430837908533802,0.7416573699620755,0.7467065275529456,0.7493425983594819,0.7591613656401968
571.jpg,2,0.6840419260894551,34,0.717684819191556,0.6867816258483729,0.6637418825689291,0.6614861323587298,0.66177319276462,0.6607053071760624,0.6614788346548702,0.6623968907168386,0.6845984301893571,0.6831980126333519,0.6827422102307718
572.jpg,3,0.2766776695045539,36,0.32934514550974425,0.27857723519851646,0.32282690047820645,0.3189861407897381,0.3192895664082506,0.31350201119039944,0.31044811577743964,0.3042826539967235,0.31104338731635417,0.3096456545719751,0.309949883258103
574.jpg,1,0.7907764394032327,38,0.6440151878231679,0.6773766988136966,0.7413881605868405,0.742217448216209,0.7423657000896056,0.7621022163813471,0.7645151332193044,0.7626541405697683,0.7439443574926052,0.7439385663433675,0.7412274475292913
575.jpg,6,0.7547254652687998,33,0.6634251964222011,0.6835486386263564,0.7359324394910819,0.7335928274213389,0.7377836368014087,0.7364624050840491,0.7341132994863299,0.7343607878684615,0.7751106841228113,0.7809418347619538,0.7845716994576002
576.jpg,1,0.34695898422173094,35,0.5976764383099659,0.6276135547308613,0.31984114938054853,0.3143104389126602,0.31595851999342683,0.31619968651414593,0.31378116657813293,0.3102385912070711,0.3277035807700285,0.3284125618253076,0.3232338920534994
577.jpg,4,0.7852035181389915,36,0.5872857601673728,0.6115857315325387,0.7220589803891788,0.7201996654605396,0.7137794480589024,0.734102864695398,0.7321023418125858,0.7284822949098466,0.7245289068316956,0.7226100686639836,0.7211198291030625
578.jpg,7,0.7368209780873479,37,0.7252506136366872,0.689838770427662,0.7152376035731964,0.7134521555049276,0.7213084061395696,0.7046720399211368,0.7027644174189129,0.7004197952045992,0.6977159503861814,0.6965204573366308,0.6924490184299634
579.jpg,7,0.27227722749261085,38,0.4077196829896327,0.33537631775744414,0.36789069800431706,0.3774633339733301,0.3844549632785539,0.4015056486273258,0.4086132483050543,0.40440530359171317,0.3807960038972238,0.38903496275301963,0.38752439019198576
580.jpg,0,0.663613860309124,40,0.5310377434423197,0.564027719576406,0.5549974890463006,0.5550555739021119,0.549208066326243,0.5767762800920027,0.5764517743491153,0.5789606455479722,0.5807957788434888,0.5812278440807075,0.5834904667376162
581.jpg,2,0.5438854658120388,37,0.5420327987318575,0.5925176438651355,0.5172490301675683,0.5185222402626501,0.5172807129403599,0.5247657107382266,0.524587169768811,0.5214839972580323,0.5400093342588846,0.5451896518154364,0.5433227324085207
582.jpg,4,0.6099812662279284,37,0.5991141593399312,0.6246585802027689,0.638287690127748,0.6386997906447806,0.6393615033325275,0.6524024136002753,0.6526970562293807,0.6514468537860861,0.6592812101638105,0.6599146778823421,0.6587475662506248
586.jpg,7,0.34186704478093555,35,0.4522853294613448,0.4605828302320159,0.3807536264041317,0.38708832651985386,0.3829532641829641,0.3876187749864174,0.38655047781460455,0.3896166068770007,0.37238709527672276,0.37265970188120584,0.36450694655597715
589.jpg,5,0.6050104968475573,33,0.5907045690725901,0.6162175052052571,0.6934538960101415,0.6948116809576552,0.7019839977392083,0.6741610137040852,0.6743108636836053,0.6700245207946465,0.7063850319921716,0.7068505129902352,0.7077927250884082
590.jpg,6,0.3573722229590891,37,0.3268950830256123,0.2734600619941439,0.3146423573018444,0.31732403855956287,0.31364794041685995,0.31030067290828434,0.30947141873441886,0.3203239803092947,0.33814391686536194,0.3420114686909933,0.3399774875790391
591.jpg,2,0.3939551829458459,38,0.3797975860614704,0.2860797090470992,0.36083636032166716,0.36389350296363127,0.3640730134289148,0.3356096921293791,0.33494032878534385,0.33815619383152656,0.36412939672492217,0.3638575939969891,0.3632478090666298
593.jpg,5,0.2116925998679584,42,0.3421686570387418,0.2982185727849148,0.3042452459395277,0.30228728764495494,0.305544030041637,0.2985112416186261,0.2969108048456683,0.29720704215909366,0.28288114648703966,0.2813804350132891,0.2765232898677991
594.jpg,2,0.3130460096084896,34,0.5344498070591456,0.5925176438651355,0.3373406724702149,0.33795767169828717,0.3381899935782906,0.3147297330669609,0.31279526313864037,0.3136486008233971,0.28136741908211105,0.2775352660407324,0.27654487663906646
598.jpg,0,0.16742828322383455,39,0.332793929283138,0.28569424358501844,0.25141258496796487,0.24572898321483505,0.2530265676042745,0.23876912619062535,0.2367743163396896,0.237118846923975,0.26326871101357757,0.26941186475394724,0.2664554765675019
601.jpg,8,0.5842853494179554,39,0.5682850610543396,0.6161038464859894,0.6398710045433185,0.6401542700413342,0.6332446140626243,0.6500699427759872,0.6511949820444459,0.648871736768567,0.6392555706825912,0.6364492062206655,0.6379968427909003
602.jpg,1,0.5054005366383176,33,0.38799901078283294,0.3011758950837089,0.46671886076223923,0.4672396925472319,0.4683216926284147,0.4576126386226798,0.4599435271786315,0.4588089794965197,0.48074308176156116,0.48005293102732866,0.48470659442145375
603.jpg,2,0.32702388004947675,34,0.4739923052229043,0.4583323776233654,0.38907231142046084,0.3875852745542538,0.390242386758493,0.40795241215319883,0.4095780098651521,0.40907620179360343,0.40850483914915653,0.4089513309974264,0.40613917488399887
604.jpg,8,0.9236581435329035,38,0.6620995966052499,0.6837764784542716,0.8348117747179562,0.8295768422563399,0.8240536997064032,0.8339966447950218,0.8382483074311952,0.8351806104627038,0.8396490113916453,0.8425224877213763,0.8415401945880299
605.jpg,1,0.7916001254512418,31,0.6341061657324994,0.667660730255784,0.696054702667843,0.6914324774967112,0.6945127016567237,0.709424403541,0.7094975734875979,0.7131143344581174,0.7055447905958119,0.7079308402244933,0.7069364463742458
609.jpg,8,0.7090209010574553,36,0.4558792218187268,0.43235699023047325,0.6238700641949201,0.6289239765760919,0.6274543694567339,0.6203014309589835,0.6231333394617495,0.6184626188104334,0.6365831990023555,0.6368415010691604,0.639063755297784
610.jpg,1,0.896039594922747,35,0.6537219971316925,0.6797448034738615,0.7319930577423381,0.7322669753160996,0.7306514239323838,0.7626176104189339,0.7618850298893927,0.7628100425429065,0.7649179487684683,0.7655576698564841,0.7627437480748869
614.jpg,3,0.23182461083467518,35,0.5104066618613973,0.5145088696069173,0.4238075913460394,0.4220239170626256,0.42744898151605176,0.3863000217076609,0.38532244375710123,0.3929620375013455,0.376196901306119,0.3799883084262186,0.378946375720796
616.jpg,2,0.4818035822261024,37,0.5327709166475726,0.5925176438651355,0.42769995260043553,0.43390955029898404,0.4301057844329088,0.44519726268282733,0.4488487683369192,0.4466248818355403,0.4259521202395204,0.43084638115624463,0.42943318088928933
618.jpg,3,0.24605298283937815,37,0.45006668684159784,0.4422603956481418,0.1975284651628748,0.19555658692215927,0.18311463329346866,0.1784365919957855,0.17853944880572675,0.17175348004716473,0.20072389520224,0.1990290852760308,0.20216799073198882
619.jpg,9,0.5396039589411683,36,0.7332828678858527,0.7093408973253917,0.5675924037448313,0.5660802405970164,0.5654249366444194,0.5580307672636626,0.5572160704529479,0.5617175292479145,0.4797696977393885,0.48080570533774847,0.4876591558190166
620.jpg,2,0.29288199064447673,37,0.6390840572754645,0.6752977090722477,0.2800189177429916,0.28171302538749865,0.2822267320056282,0.2849172890018606,0.2832347384091445,0.2810583690216217,0.2721674534911715,0.2690051309782121,0.2715938462772317
623.jpg,6,0.5978450783911873,34,0.6056837703059013,0.6222585201093052,0.6215689912125772,0.6197548497993846,0.6220738033381108,0.6307841480822091,0.6294985344376882,0.6341012786169793,0.6441107467543481,0.6425985542876587,0.6461427816994848
624.jpg,3,0.6299822284625127,39,0.6516707450670303,0.6904973102641345,0.6227390156116157,0.6205997449941987,0.6272127411791348,0.6390883009871732,0.6394318866968502,0.6412700161246001,0.6364284085189298,0.6387493906316432,0.6347576754888435
625.jpg,0,0.23829274909017054,37,0.45238888930725757,0.45461083961672305,0.36668711170356016,0.36379211361670594,0.3707091465433521,0.35998872653664693,0.35999006287772783,0.35380205971099615,0.35069560331290667,0.34822588697645507,0.3464559126550612
628.jpg,1,0.7981298118829727,36,0.8369321396445608,0.7459997269931855,0.7745096803096743,0.7736013684836935,0.7761069706642345,0.7637171301574817,0.762537434625032,0.760069996593743,0.7962495262668705,0.7983920429998541,0.7929910074670674
631.jpg,8,0.20511105242562858,37,0.511256948185502,0.5125852805951533,0.23892521723183163,0.23888332860480244,0.237118662393131,0.2331783127664861,0.233185488721443,0.22990448929829016,0.2703282129706524,0.2734322876085348,0.2692666893425558
632.jpg,0,0.6718112984124351,34,0.7340636333696948,0.701147139322431,0.7032993472036646,0.6991321506124102,0.7076567977904055,0.7185820591679446,0.720472743701733,0.7169339577166253,0.7046280876032021,0.708363670132917,0.7048993558370444
633.jpg,9,0.531628154632118,36,0.43403198584560787,0.41088331509144826,0.49108177896919786,0.4939143739416824,0.4886622569502845,0.48408100433475887,0.4832194248996456,0.48560135818891315,0.5036476951703817,0.5002628720636174,0.4993361265966191
634.jpg,9,0.8025013004478655,38,0.7140086293604343,0.6883011420304451,0.751266769787762,0.7493389915163775,0.7508791898177409,0.7475070507588878,0.7467980224620531,0.7448959437604132,0.7594004969288615,0.7561656079054735,0.7522582475750077
635.jpg,0,0.49086062610149384,39,0.6128350236028224,0.6219177064133662,0.5561645346914227,0.5586842017916541,0.5626913789012089,0.555011613118847,0.5553470315019506,0.560504586519348,0.5419175743904792,0.5352573152237353,0.5394091911899829
637.jpg,1,0.7821782148546643,36,0.6750952874739515,0.6797448034738615,0.687997433337658,0.6911296544938867,0.6917690465023865,0.6837542827944091,0.6846097036337015,0.6767613083224341,0.6892649941518774,0.6874479950782326,0.6851280755717544
640.jpg,8,0.639951835612993,37,0.5248340425436626,0.5281748898984256,0.6262048754522607,0.6216857955142575,0.6227789715461001,0.6365076884396101,0.6488938015012315,0.645474227932192,0.6421607826743854,0.6425071578866465,0.6425859984029918
641.jpg,2,0.6177415026200784,37,0.7108316199460917,0.6867816258483729,0.6487298415582681,0.6488026217724133,0.6462638154490936,0.6455947309145986,0.6453283946948378,0.6471608110904387,0.6282853890735528,0.6216404689560764,0.622192409297865
642.jpg,2,0.8658288839535836,39,0.5990209781152877,0.6166127531767435,0.7834113211509448,0.7830948984603447,0.7815920332890005,0.7777442157990311,0.7742142531729357,0.7775603593575001,0.7601614150918017,0.7615495226862143,0.7591437305476951
643.jpg,8,0.5115983033153627,35,0.5201420267919767,0.5281748898984256,0.519601620644623,0.52307623195673,0.518317495552304,0.5346064788260123,0.5389019697827866,0.5381968862356289,0.5385628827952007,0.5371816113467343,0.5429884518823898
645.jpg,9,0.7536400679279777,34,0.520753844927096,0.5149124809079327,0.6949197498018637,0.692915913402053,0.6961300479579026,0.7086083600389912,0.709773946619829,0.7071727535474389,0.6974901672715197,0.7000854744540527,0.7033510812826074
646.jpg,1,0.636688668694761,36,0.44664240560712654,0.41659680682720945,0.603481244302694,0.6008514787356226,0.6016627558134799,0.5997342432978601,0.6003939214395076,0.5990097001015136,0.6216670006081293,0.6223296913675903,0.6242629395552844
647.jpg,9,0.20832218553216472,37,0.38216583563920703,0.3013814530645475,0.10044007580820896,0.09998882278258675,0.10109708169205073,0.09532578880790377,0.09567531657116124,0.09441730915049917,0.14752588051308996,0.1474754783170948,0.1433179463291892
648.jpg,1,0.1925192529775409,36,0.3537320118689532,0.3011758950837089,0.19658622122087438,0.19720031556204826,0.19915107446384495,0.22072133395571214,0.2178864809826082,0.21841819354476344,0.19960153766263547,0.2004227003882742,0.202022419677458
650.jpg,0,0.3944837353458362,35,0.5356756273749582,0.5741919150088741,0.389175101414685,0.39285284262140097,0.4026451751525786,0.3709851238457854,0.36861153937001934,0.36446657797871856,0.37719188726947955,0.3731336751172582,0.3703218048457233
651.jpg,3,0.77420241634051,36,0.6583833919327722,0.6904973102641345,0.8206834511133065,0.8201117999851868,0.8316365614588694,0.8306216177031241,0.8312719436324507,0.8276400299360753,0.8193075957864209,0.8206264023029719,0.8233936022621773
652.jpg,2,0.6718921909729639,36,0.5716000789562309,0.6166127531767435,0.6800545178964054,0.6794309587820212,0.6804674546075047,0.6835721804682982,0.68360590402279,0.6838173632042532,0.6796471283149751,0.6785420090884382,0.6777647613654632
655.jpg,8,0.7772277196248373,33,0.5661724424303095,0.6161038464859894,0.7416963665560686,0.7443880789924106,0.7481796251481537,0.727177022932464,0.7214659912890271,0.7167812953267898,0.7680792341211937,0.7843687648711586,0.7733087158364562
658.jpg,8,0.6246359909282011,34,0.5561191935389398,0.6080439058694572,0.6662606869044607,0.6614991899644986,0.6611993182112927,0.6661432195133793,0.6687975972882871,0.6618636861197558,0.6606261080591913,0.6592299216012569,0.6585488206401539
661.jpg,7,0.7811360061168671,38,0.46355990277363357,0.4605828302320159,0.7471159083346196,0.743046535520102,0.7446935153981735,0.711193140411257,0.712701649905101,0.7106056190480352,0.7546050731830749,0.7508289994211517,0.7567097522130326
662.jpg,4,0.5849084869930239,33,0.4784278008250664,0.462284738725908,0.5944626696662493,0.5972134570955188,0.5977762100064239,0.5881162059335358,0.5874479601926398,0.5821949512070232,0.5870861929665665,0.5887120691451303,0.5854322965261898
663.jpg,2,0.311589985866757,34,0.583470315326023,0.6166127531767435,0.39621705430297416,0.394531040228938,0.391728807161707,0.3613057325545365,0.35901436457263497,0.36320483358390643,0.3952584401540127,0.3948767249944863,0.39546115041998453
664.jpg,1,0.4997394465302166,38,0.41533740443335954,0.34894772023521803,0.5742834439152906,0.5719186902223226,0.5744355026759278,0.6079903865366664,0.6096701702656375,0.6064187530516408,0.5901731155373096,0.5902576187364159,0.5878994938572635
665.jpg,1,0.5174017413095995,33,0.6196388912070248,0.6276135547308613,0.6241087112662309,0.624885174773401,0.6253948990921978,0.6232950623805864,0.6218563138265518,0.6258840828493428,0.6476193999562647,0.6462817929475969,0.6459270913784736
666.jpg,6,0.7778101300492006,34,0.5918316885131842,0.6152490434968229,0.741581025252196,0.7440159562792976,0.7434366783334556,0.7547052874929693,0.7567957528164277,0.7578110623249426,0.7542056643123097,0.7558488162269108,0.755871387746948
667.jpg,4,0.5472418648856027,35,0.6524751653903254,0.6837525417082528,0.580718314642398,0.5788918348545325,0.5779434341732161,0.5775354650523244,0.5760714291271409,0.5751283473786237,0.5809906673759552,0.5790670562908755,0.5808729596821591
668.jpg,4,0.6977592487084238,38,0.7758433842114264,0.7074620699068211,0.7145397376537752,0.7093749342186616,0.7105492069052275,0.7181808706677001,0.7172814254207049,0.7237577778521785,0.7141975389601406,0.7186281382934301,0.7133919891697906
671.jpg,8,0.36771176986965454,36,0.5857413680521787,0.6175066812720239,0.4868714249095532,0.4908961284788276,0.4900060982794489,0.46887957428068217,0.4631728876340807,0.4648922097795779,0.46572167428060784,0.4632858592575531,0.469738885903241
673.jpg,9,0.26485148364736233,32,0.3987630938106209,0.3431828488736589,0.23982226734519108,0.24554933901218945,0.24916696204876487,0.258871719269601,0.2594185669679968,0.2538774283049383,0.3007440584389024,0.3051145411754827,0.30596044080323154
675.jpg,7,0.39537061778576793,37,0.7081217725583998,0.689838770427662,0.4641953896129904,0.4648546061369212,0.45775424244593477,0.46059559265942573,0.4600687458174715,0.4601546068411301,0.46200578651285557,0.4581363054390075,0.46097579845216813
678.jpg,9,0.236458938651006,34,0.4796954328584048,0.46002864588186837,0.3573196226366121,0.3614350396712016,0.35928158201136795,0.3887133596273731,0.39259987330699364,0.389414364680287,0.37264561053215783,0.37506824560852187,0.38109397716685783
680.jpg,2,0.7903398420359637,37,0.6254287571781614,0.6550023287004564,0.8170629148828443,0.8115732635236356,0.8127334134780574,0.795655893221665,0.7923572928261118,0.7952686091959055,0.7725314375179754,0.7715436918249096,0.7720451824223685
685.jpg,5,0.8285565360596305,38,0.7287784722165211,0.6904901882074577,0.8122256978317333,0.8178208795547578,0.8177775685494855,0.7739360454130939,0.7748085986125066,0.7816328589231913,0.750233721898323,0.7506095030594044,0.7577884060172491
686.jpg,0,0.1797736924939922,35,0.3151190484491464,0.28569424358501844,0.24759192636765892,0.2490397956618423,0.2404786409748833,0.22910631523361863,0.22685958254390137,0.22843497371404814,0.27196857615369646,0.27860610804567554,0.276587369425639
688.jpg,1,0.8126628414580697,38,0.48073132024662635,0.4521537820665796,0.6718074610530044,0.6737151817185477,0.6725326114676619,0.6764520641797083,0.6788701254312599,0.6816390308005132,0.6731383887259055,0.6739565816286087,0.6764130025219195
689.jpg,2,0.6420084855386189,35,0.45412521995731997,0.4296512326995719,0.5736507036272679,0.5715698725437273,0.5717612875855638,0.5963867192766308,0.6006221126148841,0.5971716607042739,0.5955184996516153,0.5972312639546478,0.5994963938057448
690.jpg,7,0.7057800365460886,37,0.8087876663778852,0.704857894353503,0.7001293859794804,0.6960805119496637,0.6921878338189573,0.7166484656294368,0.7170719030897115,0.7161915751244101,0.6892136085164837,0.6865684624398114,0.6902985362685958
691.jpg,1,0.5512022577492254,35,0.5604772795842985,0.6094495696705939,0.6328782415310665,0.6315768355891749,0.6333378120582607,0.6457819591340405,0.6479929313165768,0.6515179045867365,0.6189095241283672,0.621516894532168,0.6214439319532437
692.jpg,3,0.20523338170189942,35,0.41144546729554143,0.3536303730393834,0.19838162755203875,0.21018037343970963,0.20936391956348616,0.23776650014138068,0.24114467851617433,0.24273621229738063,0.19542898460694244,0.19323402608277995,0.1957350345680039
693.jpg,7,0.7206506328923362,35,0.8695904452608822,0.7648750115527476,0.706504461254079,0.711266122181609,0.7111117945492038,0.7347148938997687,0.7360124604447092,0.7352266426412397,0.7152936263035579,0.7192220683333017,0.7197757693465074
696.jpg,6,0.751332822518471,39,0.6430797516858983,0.6800839041896777,0.7854749795671944,0.7837157528163945,0.7853962744013779,0.7784835269509303,0.7811043219550673,0.7773170633598192,0.799529705051039,0.8048751341581026,0.8031872279037622
698.jpg,8,0.8249999940395355,40,0.600392807368272,0.6175066812720239,0.7227301858144296,0.7209520546631155,0.7237946961676128,0.7195350549785863,0.7189514046778196,0.7235052437881548,0.7026081185235967,0.7089994611816708,0.6966374636125781
699.jpg,2,0.7715700176500139,42,0.6356358104246934,0.6752977090722477,0.7536101616174571,0.7496414471098231,0.7528429535095784,0.7137786792389473,0.7119478699789075,0.7149114052625838,0.7391496647882831,0.7408392506295585,0.7419668782532465
700.jpg,1,0.8311881124973297,40,0.8728981131761038,0.7532050774668212,0.7967633358877237,0.7978682240335642,0.7992818261363281,0.8114885790256686,0.8066601568278955,0.8050074042565201,0.7704297720695531,0.7702138553218052,0.7699854819332661
701.jpg,1,0.7542146089914683,37,0.5790603016275041,0.6094495696705939,0.7199975666793446,0.7209303951014476,0.7180770082446206,0.6951927701464321,0.6964072147095781,0.7023483869299836,0.6927509729851458,0.6948580107860862,0.6923999559089846
702.jpg,1,0.6434143384297689,33,0.4656613791455457,0.4521537820665796,0.6030465852583546,0.6009949016590556,0.5995098266629041,0.6193716923701684,0.616683265725924,0.6124948518853357,0.6260332086166575,0.6257086895268361,0.625797313371066
703.jpg,3,0.22429550511953542,39,0.6221444346703981,0.6317444368224657,0.2707413270980308,0.26968428116524157,0.265823475904626,0.2725173864342523,0.27111010240642536,0.27533167755766075,0.278835202041223,0.2808079992309548,0.2772571519531093
705.jpg,7,0.40984887884635673,38,0.5997873640834059,0.6267378703787851,0.32632460283701736,0.3228148639542672,0.3240532469796452,0.31913008211540816,0.3172737491637192,0.31869402800299984,0.3117898082352528,0.312337700221002,0.31580672543765104
707.jpg,2,0.5786421505468232,35,0.5805813672350525,0.6166127531767435,0.4969263100910808,0.5010546239889316,0.49773960861627753,0.511946723150891,0.5116167940139378,0.5109516740163444,0.5071776055788078,0.506539385158243,0.5071196548865176
708.jpg,2,0.6872187256813049,33,0.5487605882038615,0.6132686705105965,0.6812158366057943,0.6816887091822711,0.682127628958753,0.686650464682842,0.6846881644551207,0.6858940891234284,0.6678461617491841,0.6658872666364252,0.6632382986446033
709.jpg,5,0.7711771180232366,36,0.6077058124232558,0.6207809440777751,0.7435539928620359,0.7418258600172891,0.7428012779845767,0.7363965057892315,0.7342871805382194,0.7327884741019541,0.7460261881032056,0.7482225634739388,0.7478574148092803
710.jpg,4,0.36364922008610195,35,0.5950660692531713,0.6174310512202271,0.3591267055986689,0.3555499273852948,0.36119534711239365,0.3557710365289604,0.3567044651076144,0.3488144366419521,0.3017392016758895,0.30184661349693315,0.30089505976371306
711.jpg,3,0.6113861348066065,36,0.43723009266010426,0.41903198680415166,0.5398936247299598,0.5389998567647811,0.5396203341724057,0.5317524505679524,0.5320827666929142,0.5285169631877532,0.5725906547620784,0.5734399195223159,0.576055351241318
713.jpg,9,0.5472418644598552,35,0.6083040226113052,0.6247730826736748,0.44297715434981605,0.4436438323478555,0.4449946406680858,0.4725972006101942,0.47279607505817,0.4717225743678123,0.47197010933301115,0.4747878841672517,0.47792015402005283
714.jpg,5,0.7563553613585394,37,0.5944314145198156,0.6162175052052571,0.711311945641979,0.7113766707073229,0.7080108174396663,0.7313391050430392,0.7305509196838231,0.7257208534593952,0.7135575170069396,0.7131001835139467,0.716148824524794
718.jpg,7,0.16562942060242805,35,0.463896029872307,0.4605828302320159,0.2532590545706877,0.25162681428710315,0.2443324756529452,0.24114050290203276,0.24553004909005732,0.24272634977199392,0.26765543747561504,0.2663183761801783,0.25390562082741186
719.jpg,7,0.6694169441858927,36,0.5099388967312914,0.4989075866867639,0.6386072917586587,0.6428798014467394,0.6427093124871595,0.6442756899565015,0.6422180164661803,0.6460675565685428,0.640253240012286,0.6386540055005313,0.6382071472452507
720.jpg,4,0.5214992914881025,35,0.5905706697777338,0.6174310512202271,0.5206587872339961,0.5173748649173706,0.52219105990201,0.5682867189764836,0.5676946281084008,0.562732833781847,0.5164407401427344,0.5147033067465213,0.514461391969262
721.jpg,9,0.7849284882346789,36,0.8015263691130206,0.7093408973253917,0.8110692452224944,0.8047835882241979,0.8041829368457167,0.8165176967825251,0.8157727174445258,0.816514176168524,0.7994784125633929,0.7972118616275912,0.7932851877067175
722.jpg,5,0.6677667688992288,36,0.8203854114843676,0.7085513578743069,0.6885026669212373,0.691588304508522,0.6948692660536564,0.6972740198679727,0.6956418292723345,0.6933153324505378,0.6938336318479119,0.6931331106438006,0.6860105791766807
723.jpg,2,0.7100210027261213,33,0.661892133451208,0.682487199438616,0.7740749536109541,0.7730843171120041,0.7736079350709467,0.7810328202078229,0.7781100629271709,0.7741997385324232,0.7766343516891955,0.7743965372941526,0.7752305962978479
724.jpg,7,0.5208174662712293,39,0.5947259205592167,0.6267378703787851,0.4557776424864462,0.45763847468803487,0.45917065266580254,0.43405293154141605,0.43639480621378,0.4382978077811784,0.4488023501197803,0.44539855269322015,0.445884537424508
725.jpg,2,0.3289328946395674,36,0.573304120911748,0.6166127531767435,0.3154377047549062,0.3149176484118324,0.31407118573415516,0.31754891380836325,0.3152522893713452,0.3150699551497112,0.308368887994626,0.3053902493173361,0.3069096907477374
726.jpg,9,0.16171617394623658,36,0.3265139084963231,0.2872347894324265,0.20593130334705595,0.19942687536304704,0.1995029192888515,0.24855759100136077,0.24598804390210322,0.2470926958840245,0.21908603909400848,0.2259594096562861,0.22473980159530252
727.jpg,3,0.4845660995034611,34,0.4026344360042977,0.3536303730393834,0.482693609275446,0.47878876936870207,0.4756545320096528,0.4554013893516107,0.4529840151571217,0.45105946596654234,0.47818052002705214,0.4786540472590081,0.48003710564148666
731.jpg,3,0.6315417264189039,35,0.5632633162128917,0.6107253416137947,0.6316797221352393,0.6314849595329264,0.6303543031899074,0.6247908712551147,0.6257474086017613,0.6286148283629192,0.6243027088224916,0.6253199895230221,0.6263283398851878
733.jpg,7,0.7079207897186279,36,0.6770369863087318,0.6850966315332514,0.661399996145658,0.6628050050997724,0.6600856220551816,0.6728066154237409,0.6693602940872677,0.6712091622551724,0.6455922333088807,0.6502186423848854,0.6548770205712005
734.jpg,9,0.6594862188841846,37,0.4868465951422218,0.5016594407990149,0.5706432910134573,0.5677882954415882,0.5688966791413326,0.5800181691345901,0.5795479512424695,0.5774722320765069,0.5651177748358964,0.5664340670752874,0.5697114725550003
736.jpg,7,0.37998799641023984,33,0.5252553896609267,0.5285815372660457,0.35426544731797527,0.3586331369154464,0.35670063499909765,0.3642169150917261,0.3651138911746731,0.36638494723618803,0.35548500656810567,0.3560920583526,0.35429938192166244
737.jpg,8,0.6861936185095046,36,0.45455772356341245,0.43235699023047325,0.5750775336279468,0.571960454730492,0.5729977133122793,0.5896227822016077,0.5892622507083951,0.5804821490684213,0.5975001667657303,0.6064364189472493,0.5989332089960391
738.jpg,7,0.7901751689421825,39,0.587790819543418,0.6079500540025725,0.6979304398521016,0.700756503171862,0.7000279366290768,0.734253832771222,0.7385543888337627,0.731951226906215,0.7090478582330888,0.7087395650588723,0.706021554152082
739.jpg,1,0.45622720441928033,38,0.5947106673875691,0.6276135547308613,0.48526154580115266,0.48601265172380065,0.4825099983625526,0.4917717100657285,0.48888341129140567,0.4913179619235346,0.46764643792471955,0.4653687258037463,0.47282291572287866
741.jpg,4,0.7887342749415217,37,0.5954035972211562,0.6174310512202271,0.7205347840447279,0.7232365706844449,0.7246647130962525,0.7494003057491099,0.7508629732830371,0.7508872450900603,0.7374893329076037,0.7333659486635482,0.7307524231909572
748.jpg,1,0.7852035197946761,36,0.7011017974253445,0.6804406300065562,0.7635231600250738,0.7631232099794313,0.7663559763549268,0.7731642624049511,0.771711675841951,0.773124993541179,0.7703520141124579,0.7694887622738866,0.7734378564646813
751.jpg,8,0.7265579437508303,34,0.6384196428393862,0.6676909302710057,0.7332129221376718,0.730254111414917,0.735558324817693,0.7317334681125676,0.7300556796459532,0.7345949424838359,0.7497595176833757,0.7523360585275313,0.7468068218167988
752.jpg,8,0.7796360689240533,37,0.6347983749084972,0.6676909302710057,0.7186243739512763,0.7178361672531746,0.7158823323838586,0.7266214986221984,0.7305043369113107,0.7264261934902103,0.7129917895242222,0.7092748999112024,0.7081575022894389
753.jpg,3,0.2629950487462338,32,0.39109794017451927,0.30849589592719895,0.2839054075324091,0.2863418616505246,0.28352489285835714,0.2695112448458745,0.26821830501713073,0.2681602209940416,0.2751143974851058,0.2772403411213702,0.2789058837830192
755.jpg,6,0.7172717245088683,36,0.6148737143544774,0.6222585201093052,0.6409130016765913,0.6417979311211744,0.6419243222363217,0.6460319930942833,0.647242310035361,0.643598204711118,0.6454841649546128,0.6431188689696139,0.6420101556245403
756.jpg,4,0.3329207899951143,32,0.4667805908972972,0.4522851438332865,0.31552709188613326,0.3137787886307116,0.3158603709626725,0.32742346125758837,0.32989139061299894,0.3387620855151066,0.3273544070795673,0.33015487450880604,0.33029994982625643
757.jpg,0,0.6381188102066517,40,0.6326188022103583,0.6677240064364736,0.4765155344846462,0.4757683015637902,0.4695660391928432,0.4863102491812614,0.48670427359378493,0.48236232166222726,0.48697501155110384,0.48765885141250565,0.49332643380206037
758.jpg,7,0.7306930646300316,40,0.4891865585604519,0.4989075866867639,0.6897266019664471,0.6894284432486921,0.6864330874508227,0.687260890756633,0.6860150114798167,0.6875164015888044,0.6966705677366554,0.6933454950736183,0.6968999970449916
759.jpg,6,0.559697149650139,34,0.4498897513471412,0.44262240733590735,0.3440527478726566,0.3476954318272171,0.3447086175338939,0.3698482130917027,0.36813965283847566,0.37338068450635986,0.37305913289475245,0.37857813393665074,0.37084464909044346
760.jpg,5,0.6538461538461539,39,0.7470097476480695,0.7085513578743069,0.7108721603497095,0.7075795914470367,0.7108398872624702,0.6849522813199873,0.6845573378189711,0.6878433389219824,0.7063015984393157,0.7066836431930612,0.7010050798851943
761.jpg,2,0.7390797856976005,34,0.9199278869799818,0.8462344922323046,0.7724991824839964,0.772143512878323,0.7712172221721698,0.7959260527839551,0.7975017146770972,0.7928372316139325,0.7786062817925832,0.7836891162271069,0.783404999077369
762.jpg,8,0.8864386298439719,33,0.7060453213925939,0.6837764784542716,0.8593262830834159,0.8539237923170124,0.8597080737976346,0.82978756699215,0.8286986093479881,0.8305435877646342,0.8450569120120175,0.8448735602271646,0.8479039572658531
764.jpg,6,0.4895638171079996,37,0.5043927648270448,0.505954093094691,0.437897975272778,0.4392216549881728,0.43732407088453346,0.4278648260716452,0.42907085930227284,0.43169776776995206,0.4315735178484464,0.43207568714368194,0.4268848151431919
765.jpg,2,0.36348635082443553,33,0.33845659970117725,0.2773835101584216,0.3114933383577073,0.30766779084347956,0.3080962592954959,0.29863791725247085,0.2967395082485953,0.2929679396056746,0.2898295861984165,0.2873979997916612,0.28682628520587194
767.jpg,0,0.58153755699887,34,0.5223215362563087,0.54091180245083,0.5554769175811086,0.5540159789416358,0.5485800031073105,0.5732762973751871,0.5745662363378164,0.5793223884319112,0.5633805815311422,0.5632334314396233,0.5611603100927085
768.jpg,2,0.62046204176214,36,0.4984937364333192,0.51250740013475,0.6322118832741677,0.6361968106578801,0.6363256850118313,0.645638372144897,0.646883362141038,0.643880685725206,0.641433969860252,0.640521002758871,0.6410391914228806
769.jpg,8,0.6551155136390165,33,0.7461122332221637,0.7099343060208884,0.7065994971115317,0.6975211314979916,0.7012891746656498,0.6836199747598062,0.6837881101169132,0.6825392037523981,0.6813317531462453,0.6796013243143431,0.6812131057045783
774.jpg,9,0.6718921884894371,36,0.6357107709692047,0.6702842418635991,0.5835846928770073,0.5782046944336114,0.577212845314601,0.5734475313343618,0.5771823754605657,0.5750760174408961,0.582381768529149,0.5824306338518562,0.5820445650336507
776.jpg,2,0.7359264510018485,35,0.6196559310702958,0.6237715699906995,0.7133643358799827,0.7171078831943709,0.7158658416955141,0.7208037378883375,0.7224516890580251,0.7167878938228678,0.714280206423237,0.7118968612326715,0.7121476607230266
777.jpg,2,0.36496149593343336,36,0.4964598911298394,0.51250740013475,0.27467701693635616,0.2780714254246879,0.27514009676214923,0.2989463290695003,0.29841244889830876,0.3013591418926296,0.2876434959330527,0.2921374319995721,0.29100304074462124
779.jpg,8,0.27800938376764717,38,0.428704299603636,0.42598887155755033,0.259337721329566,0.25648638740048113,0.2551213425538438,0.25628187873471175,0.2553368269069212,0.25421365760097236,0.28335353886549364,0.2824367874469988,0.2817736812645547
781.jpg,9,0.898905674093648,38,0.756382129240335,0.7093408973253917,0.8300348729062488,0.8261305013604927,0.8289918274801658,0.8239214394781481,0.8221078588564532,0.825331495483033,0.8081966269491727,0.8087880841085078,0.8070996502593026
782.jpg,6,0.37015558523791176,35,0.340403983392379,0.2734600619941439,0.24006914068537466,0.24019398356100313,0.2398090378228302,0.24803905965011697,0.2532004476137662,0.2530908899442917,0.21933554291040067,0.21526344253688393,0.20812433309654707
783.jpg,3,0.7709020831518703,36,0.7286575113221948,0.6943726242801053,0.6464994756213829,0.6476795816072598,0.6452196444159363,0.6656644375790408,0.6632196714297813,0.6610783285151255,0.6004483662387929,0.6053254233446753,0.6104647091901478
786.jpg,6,0.5812923351400777,38,0.633286479737278,0.6698144852181215,0.5825941408591314,0.5826825330847226,0.5844601663300786,0.5883881834190671,0.5850329071081161,0.5790324810887368,0.5982620063686406,0.5985346960035651,0.6061496194837461
788.jpg,6,0.2602918193504018,38,0.294022649747391,0.2685235614985408,0.35794403673443626,0.35292330020063234,0.3575170876649307,0.36020381915796107,0.367432973700437,0.36761773905704154,0.34733079700060276,0.3451701474759095,0.3576645918729005
791.jpg,4,0.7850902694113114,34,0.6592220820028831,0.6837525417082528,0.7081250716529481,0.7073001908874874,0.7037856795371862,0.7170779576487273,0.7173942277813242,0.7136673659888467,0.7195191649527168,0.7193045959245385,0.7190456647336869
792.jpg,5,0.720497722561295,37,0.5708525594904392,0.6099255767860678,0.6526647372495485,0.6554026422007231,0.6628901342723538,0.6548661027394491,0.6539285151469094,0.6575473570567123,0.6743123275004764,0.6729252801735707,0.6718767274002388
794.jpg,3,0.5337649140602503,39,0.6210064534459752,0.6317444368224657,0.4587808592854577,0.4585871670276279,0.4560697578125201,0.43889073924533417,0.44024541768351866,0.4489225057299617,0.48537339703912746,0.4861247562840417,0.48055298994493134
795.jpg,8,0.7213162464254043,34,0.7464003039544664,0.7099343060208884,0.7363687700931634,0.7356583563576322,0.738641266822196,0.7410431130061579,0.7420082086727074,0.7428611744931146,0.7440565248039837,0.7394190221667252,0.7400790709307532
796.jpg,9,0.6011506512358382,37,0.5925608631888867,0.6247730826736748,0.5179922862879748,0.5155835031106424,0.5150980049526176,0.5328877002742891,0.532068554435551,0.5339852021775279,0.5290021035575838,0.5307150177726375,0.5343530839374365
797.jpg,0,0.769059405848384,40,0.5077177989501468,0.5103855278116473,0.7114963889324393,0.7095689327558204,0.707452140649769,0.7156534177848175,0.7127606998213517,0.708066205963435,0.7067591842159684,0.7066942860530082,0.7072599194210558
798.jpg,5,0.6754675416482819,36,0.5606508116798611,0.6099255767860678,0.6701280988044702,0.6687705703696609,0.6706203522751152,0.6668499169662209,0.6666810418724998,0.6641410083702575,0.6645528290352192,0.6667281655766951,0.6614371224984217
800.jpg,2,0.3947666204401425,35,0.4647976761800351,0.4486971152243888,0.295832700257155,0.2952430744556795,0.3007440580648211,0.27325667304493,0.27361179867638297,0.26935575149002156,0.2751588080459355,0.2756700746193148,0.2710454148861421
801.jpg,8,0.7315308466935769,39,0.6267872007851029,0.6623463350176962,0.6580231638998055,0.6620514245425042,0.6567277593582073,0.6901973286491941,0.6959290558678032,0.6981262293290409,0.6823477158998208,0.6816201389599787,0.68318952217047
802.jpg,4,0.26952695450745523,36,0.5351589467887958,0.5851710013843088,0.1977660492346413,0.1975995165006662,0.19308508163637556,0.1845384922190042,0.18411227583818862,0.18642733535862882,0.18434424819766088,0.17430048912566426,0.17902136011359618
804.jpg,8,0.7564597878514266,41,0.5760443856179805,0.6175066812720239,0.665005497072588,0.6609856625674551,0.6639458883936025,0.654382782766774,0.6502050627845359,0.6522046865307063,0.6788169559564858,0.6815982005783752,0.6799020972221963
805.jpg,3,0.30339462437799997,35,0.3546183264087426,0.28984823051404507,0.27109954152703086,0.26910863391974027,0.27268089133690926,0.2782181425173421,0.27589003909103377,0.27122225267657374,0.24875360878502636,0.24920916995553774,0.24920025160127068
806.jpg,1,0.5192808736311761,38,0.5319588728215713,0.5710352448332402,0.5465077326206123,0.5449743952241053,0.5462284108608179,0.5582834397004494,0.5576653490352599,0.568961660190031,0.5455600596062933,0.5454224117528161,0.5489686447395329
808.jpg,7,0.3583396795826654,39,0.4772300874459339,0.4605828302320159,0.3594894820958445,0.3587016952820131,0.35710749335757785,0.37176270164091263,0.37214681151924867,0.3691263518385699,0.3497545108491361,0.3492719720164922,0.3525550699884413
810.jpg,8,0.6763446548500577,37,0.5492810358435263,0.605431593065841,0.6345882664628617,0.6409965856135834,0.6392084344728379,0.6656743898219397,0.6729880790496199,0.6763103133516701,0.6559439296723346,0.6585769711586756,0.656947554803545
812.jpg,6,0.6533239041055952,35,0.5545136421446497,0.6152490434968229,0.5459075465040883,0.5474937305958393,0.5450547191914703,0.5608227319176323,0.5654562105269691,0.5668469605854908,0.5807847133026238,0.5837025003208964,0.5772954621380512
813.jpg,7,0.7983324637538508,38,0.6527804219513211,0.6850966315332514,0.7245577786900894,0.7313165259359672,0.7317803825772439,0.7409803499103917,0.741068797415754,0.7401432694275822,0.7361390476657308,0.7408019638497818,0.7355513593069072
814.jpg,3,0.6021216469151633,35,0.6941390603549799,0.6904973102641345,0.6224916046459266,0.6223073355327458,0.6150055060307982,0.6364211762345804,0.6335859412053527,0.621899614866136,0.6064903752183677,0.6045091138596703,0.6085941794806963
816.jpg,0,0.8152683628232855,38,0.5759465438096982,0.6124141923515407,0.7538946454101232,0.7556431711427671,0.7523961904328647,0.7380937199551701,0.7362910369138631,0.7405682374559407,0.7436872507202064,0.7414898363837896,0.736237320645319
817.jpg,8,0.596664933389739,38,0.8071549010154193,0.7099343060208884,0.716660918931068,0.7177649362229875,0.7240629540574017,0.7138498610832114,0.711648855269469,0.7142647050511147,0.7135459636077961,0.7085318562684255,0.717019556212934
818.jpg,3,0.4448755659364365,37,0.4449011668935638,0.41903198680415166,0.4721093172475972,0.4712237472831593,0.4705753262611953,0.4645577440522082,0.4645268069091879,0.4603162624313685,0.45574912957614055,0.4545666900255986,0.4499741078323692
820.jpg,9,0.37326733026919623,35,0.43134128945261463,0.41088331509144826,0.38860999970441945,0.3855699328229736,0.38896671294621055,0.39523081258921056,0.3957197671318874,0.39687942758439654,0.38332132353837617,0.379112294178266,0.3794168167854641
824.jpg,4,0.2889674700796604,35,0.2794909422622467,0.26816132437143503,0.35803103676544845,0.353798979073604,0.3575563669777915,0.32903648803341196,0.3281981772890752,0.32641683780663544,0.33148496077673206,0.32631103440126635,0.3252237859046775
827.jpg,6,0.811589975567425,34,0.630649959095378,0.6698144852181215,0.7456050005253838,0.7490950359577806,0.7466852466861365,0.774658535016869,0.7774004705815655,0.7725520887740202,0.767151428104695,0.7691036142895433,0.7796638186131681
828.jpg,4,0.7688668847084046,45,0.538279483671992,0.5851710013843088,0.6793009307939574,0.6785066080743888,0.6776631407040923,0.6846602324848582,0.6849489145476256,0.6815214806011793,0.7119651839367042,0.7155327056597731,0.7163222165645801
829.jpg,5,0.7760275999704996,33,0.5338792393183751,0.5660936512062515,0.7109260920981808,0.7113101900586584,0.7090153740684274,0.731992923510187,0.7318176304846743,0.7349046719158608,0.693777616870952,0.6970668297925112,0.6924719352133306
830.jpg,7,0.3825082511175424,30,0.3555025105964018,0.30020010814499143,0.3578153349874457,0.36032865529101665,0.35949459115422866,0.3558904419785403,0.3519914672538356,0.35462046345222403,0.3754889321023466,0.37443742263684077,0.37770832673128785
832.jpg,9,0.6343323487687755,37,0.6112447113353547,0.6247730826736748,0.6078113191248213,0.6120256522443942,0.6104323710367341,0.6178991389709568,0.6215285694761504,0.6182461946305846,0.5801772334970218,0.5794906092355887,0.5892837761442968
834.jpg,7,0.1674917505717733,36,0.4203454102896169,0.41155364728514454,0.1716399186849148,0.17106986468023794,0.1677055870730091,0.19850359520535726,0.19863825388215095,0.19756433204405,0.15296217205868767,0.15542491675711517,0.15970379682845115
835.jpg,2,0.25615275876064386,35,0.380562123408119,0.2860797090470992,0.2604773581424037,0.2613948891307329,0.2636360103954093,0.28327089021236573,0.2859458384710293,0.2866271640327084,0.3038128848946467,0.3076200800972072,0.30869416981245473
836.jpg,6,0.8243876977970725,38,0.6609480612961192,0.6835486386263564,0.7861042552199604,0.7901437673877327,0.7854569231187183,0.776127804642335,0.7734262317503316,0.7784276509343142,0.7666098777625159,0.7606332324201686,0.753336820671346
837.jpg,6,0.768701864613427,36,0.5351435238732684,0.5591551029905243,0.683311501314818,0.6808620702990058,0.6826074212784439,0.669689134001495,0.6691199778058718,0.6708692827449098,0.6854335771797928,0.6837673950434275,0.6773577065938771
838.jpg,1,0.43737048083959623,43,0.4637442550153022,0.4521537820665796,0.3488896888049233,0.3485758511655072,0.34741478867441644,0.32974623434740424,0.3350712032637445,0.33876262112880223,0.3164533547470708,0.31566603965722884,0.31622659176471035
839.jpg,7,0.7601760162247552,36,0.5191606813421086,0.5285815372660457,0.6140869915731249,0.6172507217665868,0.616839877637525,0.6097873378214578,0.6120031517504599,0.6082530934657607,0.6142026163950073,0.618965263030402,0.6200068655992469
841.jpg,0,0.5813486713009912,37,0.4839567247817259,0.47205057862552363,0.5892865667198325,0.5912448633528633,0.5880472699365172,0.6048720940125851,0.6068471026085637,0.6015558358758358,0.5851324465544344,0.584722811130779,0.582082355168396
843.jpg,4,0.6987814146738786,39,0.6983831606905231,0.6862318517359339,0.7304561277276176,0.7269116803071987,0.732654060237698,0.7282742077314039,0.7283362959193926,0.7233514441571367,0.7022174278406583,0.6944585584170191,0.6933785132551029
844.jpg,4,0.3334833490097839,33,0.6322215910866891,0.6739557657235309,0.27876004419719813,0.2826990758136023,0.2849135966431753,0.2461997260845078,0.2465378645327312,0.25194088355635463,0.30084030399627903,0.2952571488544773,0.302690850064011
845.jpg,6,0.26980197988450527,32,0.6003672557437886,0.6222585201093052,0.08645261121147674,0.0913257756040497,0.08328189177323647,0.11255354699419806,0.11872899441646295,0.10782676319408763,0.06913226336302919,0.07109599075636303,0.07163188224749656
847.jpg,6,0.7654015409449736,36,0.5361320210580433,0.5591551029905243,0.6654214082864183,0.6679436644656608,0.6667466260663701,0.67169197568305,0.6694555386523136,0.6721112987355806,0.6554537124698189,0.6589596169441351,0.6558690328357475
848.jpg,5,0.766760960647038,35,0.734940386415111,0.7085513578743069,0.7777089141781073,0.7745150250746948,0.7741802897110726,0.7298998627197993,0.7300676460604213,0.7281868434681513,0.7681975774542308,0.7687900553260838,0.7694474913368702
849.jpg,7,0.5347949032272611,35,0.3906456055950298,0.30020010814499143,0.5685851084715827,0.574003108614014,0.5720471245348958,0.590828501388776,0.5899100761189796,0.5903513086704265,0.5813691589390695,0.5808724814772603,0.5790296193502021
850.jpg,4,0.25049505076770273,35,0.38374826166718756,0.3002099845857826,0.20266260546841292,0.20151081257117037,0.19700287737724914,0.19589513173206063,0.19446914148977024,0.19082395065415758,0.20388119167982174,0.2075167509484937,0.209149498609596
851.jpg,5,0.5621905997395515,32,0.5033623725162726,0.499985635647952,0.533592882760273,0.5391697151600093,0.5416090815604541,0.5360021975711383,0.5393107482305474,0.544156461618841,0.5172137279210951,0.515158682814534,0.5122578244766205
852.jpg,2,0.2654015400265861,36,0.3862989122247603,0.2892185471900116,0.24062564721688362,0.23638382434670102,0.23831019268193915,0.23587990323364133,0.23423786414561515,0.2341647756477997,0.23156301092563542,0.2270774769613496,0.2295707050447816
854.jpg,2,0.7699475814314449,34,0.6039725019295002,0.6166127531767435,0.7432232575646257,0.7421209502710082,0.7421900506443666,0.7443032255401377,0.7455006864328345,0.7396664428433654,0.7548320310118566,0.7574484362838817,0.7585307332488906
855.jpg,6,0.7532569044514706,38,0.6118112744186766,0.6222585201093052,0.718640644583441,0.7202272703718309,0.7172433675634002,0.7271986111783556,0.7279687346577083,0.7285755800673999,0.743465558534893,0.7442964905011703,0.742308209552268
856.jpg,9,0.8325082461039225,36,0.6332237127025104,0.6702842418635991,0.7687436675560222,0.7726088168679257,0.772888866320725,0.7705394872188718,0.7715356703496319,0.7740595185141524,0.7732397577381885,0.7743463632662202,0.772016561548702
857.jpg,3,0.5215346509590745,40,0.4900494531569048,0.5142123961575579,0.43130232829949794,0.4335198771668445,0.43530818826594275,0.44379311797516685,0.4439293006068171,0.44479165059427583,0.39133253531049966,0.3893112939769422,0.3957091081011157
859.jpg,3,0.7209484090930537,38,0.718756560953041,0.6904973102641345,0.6783894231439,0.6778483135700412,0.6835994729333283,0.6701521350066263,0.6705300779126434,0.6705911897365837,0.6913379872357535,0.6915204370907135,0.6964686984620228
860.jpg,3,0.6145685970783233,35,0.6496653729970101,0.6904973102641345,0.583093048456365,0.5899655339818555,0.5874366921770725,0.6119318316701801,0.6148600220514859,0.6133866353527662,0.5911239800320373,0.5919437474308608,0.5889606896133508
862.jpg,9,0.3527879087916134,38,0.4655084932172997,0.45578976899207774,0.332082951636905,0.3307511286235571,0.3289538807684244,0.33619106576355207,0.3340941967409244,0.3347660982204422,0.31653883654161885,0.3147181402283928,0.31937982121315406
864.jpg,9,0.7462871316820383,32,0.5771409317363583,0.6097309193992037,0.681849255283373,0.6789155492334342,0.6795965103420998,0.6651550975270206,0.6648258881653922,0.6611961560758808,0.6748406182203168,0.6747355039706366,0.671317703643465
865.jpg,4,0.7376237598861136,41,0.6639199782988534,0.6837525417082528,0.7374965852473073,0.7373986358975231,0.7370155809013761,0.743668331819451,0.7444495188106323,0.7440394470040117,0.7636587689011342,0.7613035059521371,0.7629875497945879
867.jpg,3,0.7417925933473989,38,0.6249077364178011,0.6479058021933927,0.731004583201837,0.7337052066411696,0.7324489491106173,0.7151078620286994,0.7129020641715023,0.7109142711969734,0.7034245236754559,0.7028281243429899,0.7080207471157014
869.jpg,2,0.5285028435967185,33,0.5535471357841799,0.6132686705105965,0.4701764119525344,0.47284001998196384,0.4744489545511766,0.46377311512732466,0.46417111102134456,0.4610066436873364,0.4963755785833671,0.4993110264225449,0.4974411241696213
870.jpg,3,0.4673267312347889,40,0.492254137417243,0.5145088696069173,0.3698357967099434,0.37286248825556095,0.3675909373005174,0.3981042825467572,0.3972049184640324,0.3962207073178603,0.3845691414736418,0.38401050741603154,0.3818451814439522
872.jpg,8,0.2943640512127716,39,0.27429084309337814,0.2662520793743828,0.3214979397757819,0.31350616693284916,0.30842849707244313,0.2960733411982358,0.29737361037850696,0.2897340356062577,0.30385542071829014,0.3021807688960571,0.3024747176141529
873.jpg,4,0.29885357249479155,38,0.5113897721894063,0.5085143905894663,0.34690548414517197,0.34315099036255947,0.34239950554626297,0.3529460564268395,0.34844822359606265,0.34142000160610475,0.32558333356923086,0.3312321239879355,0.3216334118109826
874.jpg,1,0.7076457606421577,36,0.5250336932105548,0.5252690101876593,0.7389717931944219,0.7399172583340697,0.7417015343805615,0.7359163763065933,0.7389555242583558,0.7444692024296198,0.7484355653535348,0.7500462845391754,0.7459371356153155
875.jpg,2,0.5291529082589679,36,0.38138233215638306,0.2860797090470992,0.5135907087956982,0.5085446375519634,0.5126351589930346,0.5161344938807744,0.5161413235932593,0.5172967095175579,0.5273993529176604,0.5284419749736906,0.5282808935985033
876.jpg,2,0.831373754888773,32,0.8299244787610588,0.7048600051573386,0.8791401604648224,0.8797189500903577,0.8785175716554632,0.8765565944679974,0.8767616507205247,0.8753193810462896,0.8685226881725472,0.8666717065892743,0.8692759619106133
880.jpg,6,0.6692827772803422,41,0.5105641383300079,0.505954093094691,0.699088279235447,0.7010346504425946,0.7006210500679579,0.7167653630308746,0.7174559177865336,0.7135985604662893,0.68173662898709,0.681502043191108,0.6849382639372663
881.jpg,0,0.346661592905338,39,0.3201371013092814,0.28569424358501844,0.2869106171433472,0.28506260573489073,0.29021195584554865,0.29393897058971863,0.29478002442596646,0.2969530562679376,0.298433547301426,0.29802460331897074,0.29846666313669046
884.jpg,3,0.34506288311771444,37,0.38768226764705915,0.30128598321614714,0.42160615096011583,0.42236523811992344,0.43320099940239776,0.38793279873906716,0.38572638434126705,0.3910428656495772,0.40508191201969856,0.4005020061892262,0.3935836588598335
885.jpg,5,0.5743988611868449,35,0.6003617740137186,0.6169755971488383,0.5444699740752913,0.5372096897857905,0.5348074928417582,0.5246250994913044,0.5233100049666402,0.5170327856123961,0.5548773116469881,0.5586839309687774,0.5584211351205838
887.jpg,9,0.5997524797916413,40,0.5241677870547913,0.5149124809079327,0.5509637938853054,0.5515393047523339,0.5482468157212518,0.5310120383468764,0.529035124361372,0.5310185752652469,0.5670661979009688,0.5685565322041255,0.5626351613371638
890.jpg,9,0.6736687164048891,37,0.7786597297774448,0.7093408973253917,0.7286666321553505,0.7261572868911756,0.7224185840217564,0.7176218000401958,0.7166250302160034,0.7182041118822495,0.7150461746738093,0.7137388267632478,0.7129480108970219
891.jpg,4,0.7766776664389504,36,0.6135640390373447,0.6246585802027689,0.7860806182560716,0.789700753718847,0.7898041266971163,0.770519631565169,0.7697817975755825,0.763054001849519,0.7845583100989073,0.7789059511527752,0.7795168455799666
895.jpg,3,0.3690869059258451,36,0.51830994591064,0.5145088696069173,0.4928482802907478,0.49344873596453254,0.49030873594873503,0.4733436779913872,0.47653093029789056,0.47226750837097853,0.4781373676398356,0.4771955502071688,0.47871593285556313
896.jpg,0,0.7817974044726446,39,0.7358003756044899,0.701147139322431,0.7645896512478834,0.7617313613945788,0.7638092325678225,0.7757372498511973,0.7754095344603736,0.7729577837203825,0.7824441590826413,0.7836453802025752,0.7834838155407939
897.jpg,4,0.30148514901520684,40,0.23221636787700517,0.20519228123185249,0.24862275271512052,0.2394110276648655,0.2438984174194887,0.23423079723274548,0.23393120002430495,0.2293628805575833,0.23455471286819385,0.2323989747529683,0.22878907096837603
898.jpg,0,0.7642149908202035,35,0.6083753515364937,0.6219177064133662,0.7137585752050506,0.715156716387266,0.7194497446531939,0.7070173837419944,0.7052446624394056,0.7081351365416421,0.7227569533963287,0.7240967432952715,0.7247262168173547
899.jpg,0,0.27708628002021995,35,0.3530671145469818,0.29954314092265727,0.25123718368695236,0.2513568289174382,0.25257847091610613,0.2328013110313557,0.2298918136630227,0.22689953048539757,0.2454456857614208,0.2370099015051019,0.24467167121544095
902.jpg,7,0.8341584073172675,36,0.5743652226737053,0.6079500540025725,0.7621807327103072,0.7626646050633668,0.7649611256297842,0.7822198829898586,0.7830364044627797,0.7789097683351531,0.7520038009472187,0.7542567237752911,0.7555397609872649
903.jpg,4,0.5159515889568461,36,0.6910558496670202,0.6862318517359339,0.5381197315795181,0.5418230137950654,0.5400415317198519,0.5483463349677937,0.551369097641905,0.5510458301840602,0.5468409635532085,0.5461540484886607,0.5496271498761659
904.jpg,6,0.4879987962318189,33,0.42110425185616207,0.3492650351081477,0.4947781030445142,0.49929717650763994,0.4956194299310786,0.4942957421109909,0.49398694906231594,0.49358022434445514,0.49735350320248994,0.49807090646868535,0.49788794873972864
905.jpg,9,0.5622347933905465,35,0.6959984189390412,0.6883011420304451,0.5216406835559193,0.5222217124959384,0.522277903321591,0.5182076805650148,0.5158428921668087,0.5197806400319473,0.5330530300598035,0.5341362503996587,0.530310911252787
906.jpg,0,0.6779266175101785,34,0.633499685029818,0.6677240064364736,0.6469169243992314,0.6505641780244944,0.6488461833844916,0.6488792136091662,0.6485217235819762,0.6537016906002676,0.6470199671752643,0.648112720360011,0.6474130860540963
907.jpg,8,0.7565770821911948,35,0.5952725824166958,0.6175066812720239,0.7437229467277965,0.7446660815257525,0.7442231684529824,0.7511146786233356,0.7509120118239216,0.7457253874667786,0.7384969010499024,0.7384777478107744,0.7367831097179702
908.jpg,4,0.4633080917684471,34,0.5433358163065247,0.5851710013843088,0.46641883441122456,0.46608123514270233,0.45857786462074046,0.4820069772141965,0.4821259955915393,0.4770516344573193,0.47057980018232104,0.4730684170186467,0.46606579616734894
909.jpg,0,0.7539603911340237,40,0.6979183830923981,0.6828626024243543,0.7202153723723789,0.7223403656489259,0.7198267907556217,0.7117526463611433,0.7124401353229216,0.7152079307763952,0.7107364171530206,0.7086430730456483,0.7091032090952061
910.jpg,3,0.8439137988230762,34,0.686156100825444,0.6904973102641345,0.7751041311551452,0.7738968925729549,0.7703080347957383,0.7801443551135221,0.779463546135178,0.7778735670699835,0.7824094812759044,0.7827675144327091,0.7778370254491048
911.jpg,5,0.7067133551690636,41,0.6367231529775732,0.6641430441019052,0.6312386363281514,0.6355696688974855,0.6331594216901515,0.627463596356021,0.6285962952737706,0.6294125433161201,0.6396082649938264,0.6400811645335457,0.645136762305389
912.jpg,3,0.6808386760599473,34,0.6381911159181117,0.675793780246794,0.71834251622956,0.7230866762150694,0.7238382251265384,0.7115154260399614,0.712769139491157,0.7122725357993079,0.7359608768121795,0.7342689359975827,0.7291065323036161
915.jpg,2,0.4626591211983136,35,0.4448719371163203,0.42029834338260263,0.5623264113942927,0.5599339141462286,0.5628783204224098,0.531834552607416,0.5306401349768505,0.5327713207844396,0.519582038890305,0.5185382715613533,0.5174804611165233
917.jpg,5,0.6963696380456289,36,0.487853662649768,0.499985635647952,0.5915852629826153,0.5974877526875633,0.5955820342240576,0.5999953228809701,0.6009108434929393,0.6014307662964931,0.6057940778282528,0.604833477856588,0.6041899617791201
919.jpg,5,0.7241224104707892,33,0.7553795401713432,0.7085513578743069,0.7612436802544679,0.7588768419053153,0.7592544537341133,0.7700050369371922,0.7690432543700557,0.7654165561060174,0.766958970884827,0.7645498561453808,0.7673863214181654
921.jpg,0,0.6740489805999555,38,0.5849391883265397,0.613268709194335,0.7136204867710707,0.7080970008025106,0.7128813875146328,0.7010055671647472,0.7029344533198693,0.7020377455356088,0.7099541565992047,0.7075604927563759,0.7037423033683279
922.jpg,9,0.5469589795385088,35,0.6248879151534856,0.6547340822064509,0.5497575823134466,0.547914453977622,0.5508461476202591,0.5155099319298595,0.5127853725776925,0.5155977046895666,0.5311210995981239,0.5299231015936751,0.53458746529495
923.jpg,3,0.34236581567184704,38,0.6676414555220032,0.6904973102641345,0.4285140063972665,0.4247432957122119,0.4193226214103797,0.39018525029170503,0.3858642032608502,0.39142956017023145,0.3892896613967803,0.39135041210244415,0.3830300042067746
925.jpg,2,0.7315084417076672,34,0.5219994448605558,0.5244461591164348,0.7174566372214934,0.718258096934858,0.7192811949800788,0.7250429505573793,0.7273200885620147,0.7261736597030942,0.7016962968473166,0.7022126179818545,0.7028435734774228
928.jpg,9,0.28556539995693847,38,0.48480921270850286,0.49934006823190735,0.3202750210213138,0.32743717529485117,0.3246991000303946,0.309974665864466,0.31062471961117083,0.3115025897932898,0.31178105360443276,0.30916234423745476,0.30822681477567004
932.jpg,6,0.6304600997006192,34,0.5126563517412813,0.505954093094691,0.6796534355663334,0.6770051519975673,0.6796458850366935,0.6809345872775863,0.6821789939383548,0.6906357155851829,0.6647349373776535,0.6649286746644191,0.6658875775039396
933.jpg,4,0.821490969728021,34,0.7229169129843931,0.6862318517359339,0.7537181016038945,0.7527916605259161,0.7498383817725986,0.7558638848990742,0.7548296624137658,0.7563278798559006,0.741575717970625,0.743273530584771,0.747200302943641
934.jpg,1,0.614002828512873,35,0.6890093439705953,0.6804406300065562,0.7112583362774223,0.7113582579538835,0.7109597077546191,0.7462755235311143,0.7485879220240507,0.7470058904836616,0.7124629261380533,0.7121347614722788,0.7141056063041802
935.jpg,7,0.8124312394195132,36,0.5777568735141622,0.6079500540025725,0.7817480336341991,0.7786905107510698,0.7805801665902715,0.8081960256678102,0.8115953808611668,0.8083454360592598,0.7885088859387177,0.7895652083604685,0.7906054901912555
936.jpg,0,0.435039840820359,41,0.5846570973778813,0.6124141923515407,0.5649562124747921,0.570276657692595,0.5648770472777835,0.5346577209665657,0.5346567878374269,0.5438365898938393,0.5516281264153271,0.5510345337973411,0.5486375402790304
938.jpg,8,0.6014851455887159,36,0.5135006125138037,0.5125852805951533,0.5865437115667497,0.5831122758435936,0.5810490608370193,0.5719877201710375,0.570773558434244,0.5687213924190466,0.5736510925000939,0.5679400603128933,0.574998795118992
939.jpg,7,0.7566006614102257,36,0.5581241928469757,0.6079500540025725,0.717420059785863,0.7130180027638418,0.715162609378265,0.7380746667089755,0.7383220256136711,0.7351715248188606,0.7338052371963671,0.735489842881015,0.7412335202378493
940.jpg,9,0.6289878922204176,36,0.5652487254648872,0.6097309193992037,0.6372702601515251,0.6395224320632455,0.6434331049836927,0.6480729406364434,0.6490888552508989,0.6510376416992606,0.6433499418920859,0.6391708282305171,0.630908079751827
941.jpg,9,0.23534921068396117,37,0.590148241965901,0.6247730826736748,0.1910558572781048,0.19208660889633578,0.19085374032218438,0.2044828396750485,0.20531532236884625,0.20286713826415648,0.2145606453416275,0.21374513506094056,0.21565380079503116
942.jpg,0,0.3517457010886191,38,0.46690669162243753,0.45461083961672305,0.4204388926082647,0.4259532651310224,0.42324566767049127,0.43815864340217703,0.43807877155546826,0.43603109995227707,0.4103759298126367,0.4112852745336614,0.4075031209011233
943.jpg,6,0.5228272823409902,36,0.48931793518930583,0.505954093094691,0.6075147201465789,0.607621024508813,0.6075725725258573,0.6009847709213137,0.5982610328474498,0.5963684943819316,0.6169135244503854,0.6146576677028759,0.6177216118288742
944.jpg,4,0.7118290741192667,38,0.6702792167944279,0.6837525417082528,0.6519879347042759,0.6491251594950211,0.6481188831217666,0.6471839834070672,0.647702531600428,0.6421370804821295,0.6612358455870513,0.6619565156104495,0.6594529835899382
947.jpg,2,0.2399687321709567,38,0.297548557901661,0.2676907507538679,0.2510283638636034,0.2507636296760308,0.2506294257377837,0.26333232422390884,0.2599582879810179,0.2650434922116238,0.24389384585693785,0.24134303711377025,0.24041929682792357
950.jpg,0,0.7613861426711083,40,0.5553696363637681,0.6104515524146727,0.6956480608861857,0.700250552289549,0.6948509185331762,0.6974526945040411,0.6960926539164263,0.6996012633684069,0.6874280211999733,0.688673894294786,0.6916301502284912
952.jpg,5,0.5348034781036954,33,0.48168778092571773,0.47668206112765676,0.5419823233501213,0.5393193579571024,0.5382221623966128,0.557228259841744,0.55692473938933,0.5550826784612279,0.5599329373534357,0.5618883179974755,0.5629524483058848
953.jpg,4,0.44115983034883227,35,0.7408737601658419,0.7074620699068211,0.5939800876918896,0.5981889030236217,0.5980313341972621,0.6011830877861146,0.5993482604681335,0.5921947825659117,0.5679457687946237,0.5662259033726622,0.5626865735338689
954.jpg,0,0.45519801825284956,40,0.5320981163373375,0.5741919150088741,0.5548858693301396,0.5602400757282339,0.5552029645573127,0.5464340942095895,0.5476708854578225,0.5467328325528409,0.5485852026480518,0.5468881455270521,0.5464420841967846
956.jpg,4,0.6798233863066983,37,0.5906545527632723,0.6174310512202271,0.7369096605351607,0.7358218473165795,0.7348839441590114,0.6760135482271938,0.6726871671000035,0.6686963950178128,0.7300939547332341,0.7344678407188816,0.7354011951076017
957.jpg,3,0.2657708641407745,35,0.4401916692853106,0.41903198680415166,0.4172119004159184,0.4125247330067495,0.4118930294501453,0.4109061913044545,0.4117904233119379,0.40965378275518094,0.41821124832148365,0.41856454835030843,0.42349766018009544
960.jpg,0,0.7113154138837542,35,0.6245743431460741,0.6618263081495451,0.7651677544242891,0.7645358750594439,0.7693928663968149,0.751682942672562,0.7470800268558778,0.7478009867533063,0.7771358166028757,0.7805589336371372,0.7773525904534437
962.jpg,6,0.3569567471889681,38,0.44567729960941793,0.43894323130888996,0.4223211581337158,0.4228730684063479,0.42149050233252483,0.4154503177593003,0.4110753477971999,0.41807856806822075,0.40990320822697196,0.40713573644866025,0.4155428389761777
964.jpg,4,0.49938118481077254,32,0.5864171895271088,0.6115857315325387,0.5722629980233611,0.5716075999107785,0.5652461034502327,0.5780056528484885,0.5776413106191594,0.5796190211918082,0.5718916065247948,0.566737409155917,0.56876303351222
965.jpg,8,0.7550961024620954,34,0.5446408288586455,0.605431593065841,0.75096647808541,0.7536599338420336,0.755672052051681,0.7567421225448661,0.7579885502897732,0.75906718661277,0.740751687305774,0.7418301659048031,0.7435985549177975
966.jpg,0,0.4086908660829067,36,0.6219250086700896,0.6618263081495451,0.5400100900574719,0.5380560421181305,0.5459742625421992,0.5299816854533925,0.5317488945199077,0.535344238041477,0.5409511066766517,0.5439233565473258,0.5429735345905573
969.jpg,6,0.43979127302363114,37,0.5515350293844562,0.6152490434968229,0.5121628857863756,0.5143335200514213,0.5106885626342351,0.5144768153783171,0.513373228740792,0.5163123637560458,0.5118662476836228,0.5119896707487266,0.515566726945897
970.jpg,1,0.28967086014312665,37,0.37873852922080287,0.3011758950837089,0.40186377494081466,0.402282245255211,0.39995251494367884,0.3934302197424734,0.39760554038227647,0.3915891246425679,0.40190104536632715,0.3995057496089603,0.4037612723412305
972.jpg,5,0.2709020921675902,36,0.2834787391003101,0.2678162099773948,0.3090185138732733,0.30777686745158783,0.30866016798614015,0.2776269009108583,0.2788420097171683,0.2815050270833938,0.2676176743593649,0.2655023660320382,0.2672431649067647
973.jpg,9,0.6114496030868628,39,0.4675974860021037,0.45578976899207774,0.6252252524078141,0.6248351271216703,0.6262702761836264,0.6279572736081516,0.6277684600284406,0.6280232188756121,0.6537638417272535,0.6551758398441666,0.6536935224103667
975.jpg,5,0.7738468966832975,41,0.6595810590367137,0.6814074188274952,0.7458323561009994,0.7454430056849527,0.7493260740180521,0.7527781122315553,0.751950688047072,0.7488567992071459,0.7623961078880441,0.7606042290912083,0.7581486848805357
979.jpg,0,0.5535668925597117,39,0.5539559369354622,0.6104515524146727,0.5364824086217922,0.5367255155720299,0.5391056433855343,0.544893413177409,0.5483632583675256,0.5481957681865626,0.5487695328276426,0.5484000635335189,0.5509786715790458
980.jpg,8,0.18175389150689755,35,0.5775609786026814,0.6175066812720239,0.2812128394697595,0.276842916919594,0.2775458833284905,0.27492073518361426,0.2789958738864081,0.2758954691920728,0.2546533370874302,0.2564965541571541,0.25584805513367637
981.jpg,4,0.3610861089616788,33,0.3144480911463887,0.27165165791033563,0.36457952276022165,0.3602842411388967,0.3590863799671743,0.3774850453879177,0.37745443372990284,0.3862405724015069,0.38780102230175106,0.3893826738834128,0.39310897691422747
982.jpg,5,0.6698801431216692,38,0.6361801475242395,0.6641430441019052,0.6662769563037447,0.6670014726123106,0.6668456075283956,0.670262905724656,0.6692300203514088,0.6634959045662737,0.6923519795047475,0.6913434205548101,0.6911834885767867
984.jpg,6,0.6129877707537483,34,0.6241376818097473,0.6698144852181215,0.6095046542802138,0.6126143020963692,0.609231398761312,0.6072261522960198,0.6066111234699195,0.6056899879929588,0.6128801381960212,0.6131347424722084,0.6123988794627536
985.jpg,7,0.5505204330652188,39,0.5831879219363576,0.6079500540025725,0.5394642728139138,0.5414081089452781,0.542927414553227,0.5091354461891291,0.5061315931459838,0.507118738067267,0.5407201833609114,0.5413591853297786,0.5406396359252734
986.jpg,7,0.3891639177583986,36,0.47178279979271887,0.4605828302320159,0.48963520795021365,0.4800635502175432,0.4800971692786421,0.4717330536685058,0.4753669635149727,0.4783031587522117,0.47601613816544674,0.4816612762072777,0.4783038843569374
988.jpg,8,0.6581158141295115,33,0.6976429086454285,0.6837764784542716,0.6879853919154353,0.6825952163003987,0.6762347480245914,0.6823187600927838,0.6842019633027906,0.6768473772864777,0.6375591128673082,0.6319725658373658,0.6363941166281764
989.jpg,2,0.37908790937878867,33,0.5170669089708227,0.51250740013475,0.49925681734886296,0.5022500407456336,0.49958507602084135,0.48704354460654864,0.48526002260297285,0.4860485053314513,0.49131913937927024,0.4896574360659796,0.4886593629496316
991.jpg,0,0.7139134924662741,38,0.4388448857914894,0.40054033530000044,0.6828158066915949,0.6813443922013622,0.6776282462340978,0.7053023595252186,0.7065729926652102,0.7048172298202287,0.6842524531115888,0.683890818460437,0.6833509548335104
992.jpg,4,0.6499292748314994,35,0.6827896080927182,0.6837525417082528,0.6535773710361386,0.6544387730417043,0.6507677111261463,0.64969757015488,0.6484700721718397,0.6327652475029747,0.6599327013948412,0.6608193220322021,0.6641996877045839
994.jpg,9,0.4171917213155239,33,0.6056530226377208,0.6247730826736748,0.3111276771343906,0.3126288746680801,0.3075130387367854,0.3102899401406325,0.3085807624250496,0.310916066245809,0.34483592964000376,0.3461703118983333,0.34904215241079717
995.jpg,2,0.8184818426767985,36,0.6533857421108092,0.682487199438616,0.7967778374995236,0.793032038459601,0.7943674130922038,0.8112808182301344,0.811075470060956,0.8075997948825757,0.8012779552518788,0.8000762606016609,0.8004754067070573
998.jpg,2,0.4385556187480688,34,0.27029676062501107,0.24093217351979673,0.3478093013604952,0.34144924952053907,0.34235609657529426,0.32998753206316894,0.3288867233636666,0.32981552906978034,0.31909865058786463,0.31795734880605336,0.31876842767510394
999.jpg,8,0.7799779921770096,36,0.5450459564285803,0.605431593065841,0.7297667408684295,0.7257544093218179,0.731217037723174,0.7455388162149011,0.751853814764762,0.7540364602761886,0.7364838347201688,0.7411481140756748,0.7330550004548784
1000.jpg,8,0.5361094939358094,34,0.5704242085647473,0.6161038464859894,0.5610636021481894,0.5658821820822364,0.5657751665820144,0.5609805663448607,0.5610969316113107,0.5640421211983306,0.5653468912679314,0.5642580297855205,0.5660138607594377
1001.jpg,1,0.7644978727613176,35,0.7209615948474826,0.6804406300065562,0.8119801948026852,0.8093901683241762,0.8114450494176315,0.8278569250459693,0.8287474023257333,0.8257337819170414,0.8194590690900205,0.8176628055649874,0.8193905586203272
1002.jpg,7,0.346039604768157,40,0.44881093349298495,0.4605828302320159,0.40657547399982447,0.408443641958673,0.40960151795906946,0.38179065365343856,0.3783669483637332,0.3839665311086725,0.4035774864632908,0.40073082879141086,0.399378962096903
1004.jpg,2,0.6333721569355797,34,0.7794039244602977,0.7048600051573386,0.652601904380663,0.6562649664464671,0.6568971727761801,0.6765223020680405,0.6772945800948902,0.6780600278651686,0.6741137667011002,0.674382104758526,0.6717607033975218
