face,fold,mean_rating,rater_count,rating_sem,upper_quartile,training_mean,trustworthy_phrase,warm_phrase,happy_phrase,ridge,rbf,centered_rbf,screened_ridge,poly2,svr,hgb,evolved_groups,selected
4.jpg,0,0.6391405057845677,94,0.023759264355741473,0,0.5913887747061031,0.6010280391683391,0.6006178066081427,0.6117777305297261,0.7300599260214429,0.7211790257626155,0.7085456950015483,0.7050576688190976,0.6817487940004325,0.7046591840259584,0.6365961902618915,0.7168674889149987,0.7117040276918151
5.jpg,2,0.6938348424947369,97,0.020307397234606842,1,0.5902173832813419,0.6085266038891302,0.5832588795336434,0.6474082003718034,0.6579121985040524,0.6610778467624104,0.6587785960181012,0.6518006876728089,0.6452642096825503,0.6479383040229526,0.6590476483478211,0.6454273486226549,0.6599282213902558
6.jpg,5,0.302612176630646,94,0.02473845364059618,0,0.5919925198627172,0.604259093952638,0.578035492496114,0.4894883610755274,0.3579260296573144,0.34963774080938803,0.361410646311501,0.3933394805641751,0.365436847388265,0.3602269016721388,0.41286897064169864,0.3491761706383334,0.3555241935604445
7.jpg,9,0.4854205192916177,91,0.024663139808237294,0,0.5918679684086793,0.5692159202130306,0.5745726103948003,0.519743389413422,0.44495341056439547,0.45361109466723193,0.4531190530517418,0.46190002513366535,0.4671210117876552,0.44357582609332996,0.47007657622867854,0.45791846855839846,0.4533650738594869
8.jpg,9,0.8258140130285365,97,0.021007722770946778,1,0.5918679684086793,0.5887446370726462,0.5998941861463074,0.6953803749760057,0.8543255653390327,0.8244975645023952,0.8351968599697345,0.8919666142942212,0.840117019015382,0.7931336175006478,0.802212434236093,0.8681465207535349,0.8298472122360648
12.jpg,6,0.8386138515495177,90,0.020282665769921347,1,0.5906865876237833,0.6051419920235575,0.5902086865158791,0.6698246885908977,0.8395105310457269,0.8229451484004368,0.8136837283586206,0.8300149153620873,0.8011873556696002,0.8312107471048176,0.7924433900965314,0.8476075374589775,0.8183144383795287
14.jpg,2,0.6216407315396182,91,0.022245691933703814,0,0.5902173832813419,0.6043264113612694,0.5778082396155159,0.6551587550165796,0.6427279660989451,0.6523658804172566,0.6492574497188978,0.6416430027554261,0.6488705807671845,0.6527294311436687,0.635256464236245,0.6430057947153279,0.6508116650680772
16.jpg,1,0.46227201418460984,95,0.02525171222490311,0,0.590891107753822,0.5721504566328285,0.570727929303919,0.4915459772752602,0.42223706583439535,0.4258975804337403,0.42356732153379795,0.43364149150404374,0.413734995673041,0.4159870218306127,0.40149294957045434,0.4227581243428937,0.4247324509837691
19.jpg,2,0.7362736255269159,88,0.019592128300506276,1,0.5902173832813419,0.6320127927427949,0.6033635351554227,0.6626349986552326,0.6825410246025045,0.7038057638543241,0.6998012237222275,0.6679902234267774,0.6995052712153893,0.6939213483928018,0.6777180632759443,0.6812016345571198,0.7018034937882758
21.jpg,6,0.5569022424069459,87,0.023283395641843153,0,0.5906865876237833,0.6237995718555276,0.633211048432495,0.6227039849898013,0.5841735938087157,0.5903312095974772,0.5734170036286371,0.5907772571288363,0.5817109882658701,0.5805821288838887,0.5756094263261056,0.5970728762824423,0.5818741066130572
23.jpg,3,0.489873985664665,88,0.025475427197134737,0,0.5931047687926164,0.5758914363517306,0.5798671322807767,0.5604316350023745,0.5171036879460004,0.5337734596485086,0.5176092373895363,0.47908733304055406,0.5213338166186534,0.5183854684797007,0.4809520871666316,0.5178450477148733,0.5216502929542794
26.jpg,7,0.5222196611684076,86,0.02469399472213373,0,0.5898993401072392,0.5889573969360058,0.595108737499676,0.5894576150987529,0.5504470684282106,0.5627190791441326,0.5681753718787705,0.5790784535098884,0.5787493922911107,0.5888376940465423,0.5398693894657157,0.5756423419677695,0.5654472255114515
27.jpg,4,0.6840732440662881,93,0.018857296048122637,0,0.5902988745549166,0.5516831073286639,0.5660018648573255,0.5698899378764279,0.6890018373828237,0.6955640714094485,0.7069542498470754,0.7076194308169885,0.7051243176993338,0.7055263440379634,0.685937662560753,0.7072215173408184,0.701259160628262
28.jpg,5,0.40639063966227695,88,0.024134303033695032,0,0.5919925198627172,0.5602472745462542,0.5734955649454359,0.4552414147819703,0.46015893543171693,0.4700419570451717,0.4519564615129439,0.4620670581482327,0.45609227798375795,0.4629196469725332,0.465660529077074,0.4594086621110648,0.4609992092790578
29.jpg,4,0.4885099603518568,81,0.028438671621209118,0,0.5902988745549166,0.6395344952740907,0.6215030254169039,0.6352334206943452,0.5204033628669941,0.5201639948523379,0.527584799650921,0.5265254792044736,0.5200521657442276,0.5227803209932016,0.5243658542202235,0.5431702597228197,0.5238743972516294
30.jpg,9,0.6313919581582441,85,0.02164851169132804,0,0.5918679684086793,0.601751499347766,0.6111911310857645,0.6853177412992066,0.6536453813044506,0.6293820997330296,0.6383902361706079,0.6393437021273293,0.6253591773936501,0.658291853759815,0.6400335868145623,0.6470291252510191,0.6338861679518187
31.jpg,4,0.3497974799617871,88,0.023048979289913816,0,0.5902988745549166,0.6034690426804105,0.600815238078719,0.5681525806711198,0.36461085589893233,0.3435299491925917,0.35862120123928276,0.3896013269525351,0.35369494894468734,0.35463761811511585,0.35822550381326124,0.3558697043467186,0.35107557521593724
33.jpg,1,0.8181438483914967,83,0.02659378805413698,1,0.590891107753822,0.6319498622144148,0.6642967344458809,0.7149609909146989,0.831256060859402,0.8000456297015147,0.8050629569485116,0.8061493600641658,0.8184987694348058,0.7950062184713322,0.8036539196178138,0.8340253416327548,0.8025542933250132
34.jpg,6,0.6834714054747731,98,0.023043204792198495,0,0.5906865876237833,0.6291870665734277,0.6153132585229919,0.7264099359171197,0.7246390320548579,0.7081739751461394,0.6959481704552447,0.6940391740072755,0.6949594745601133,0.7479106286917994,0.6971530156928316,0.6917558301573401,0.7020610728006921
35.jpg,0,0.31859971662162845,84,0.02539879779440648,0,0.5913887747061031,0.5777930233115935,0.5710019147522137,0.4714324605311746,0.323172146262843,0.30947290387848037,0.3163582521153927,0.337078780936934,0.3108333684119493,0.32433983762563057,0.36917471203675406,0.33432709471216465,0.31463691505616465
37.jpg,7,0.7906566393433203,87,0.027566148809641536,1,0.5898993401072392,0.5915047114803107,0.6056774871367832,0.5501890661305722,0.6930940446932021,0.7509885447765487,0.7519571536087355,0.6671773356388518,0.7530849587835154,0.7484614442793236,0.7172985693659454,0.6951333203871358,0.7514728491926421
38.jpg,7,0.5217604149173904,91,0.025024900613552885,0,0.5898993401072392,0.5820082967241524,0.5679113083699162,0.5391715613288488,0.5258196055108733,0.540344554080848,0.5475610404867934,0.5461567635425228,0.5390876738919987,0.5353724803419531,0.554406140068784,0.5482245629224024,0.5439527972838207
39.jpg,3,0.6267104240270395,89,0.02220881773150758,0,0.5931047687926164,0.5658341387755439,0.5657022987073982,0.6052059443598785,0.6521008945116741,0.6458138594249336,0.6493953008819131,0.6421078664678692,0.6616321158558661,0.6527581858985366,0.6778834212242152,0.653233102143401,0.6484999405176682
40.jpg,5,0.5603640981879766,93,0.026198647102284728,0,0.5919925198627172,0.5714439666827418,0.5635075649785137,0.5634933011590664,0.5469378014774211,0.5578695415557209,0.5587225726464609,0.552783284323797,0.5572768747584931,0.5514723527287451,0.5311106586344173,0.5571404473709718,0.5582960571010909
42.jpg,6,0.6624862474699815,90,0.022871187319822156,0,0.5906865876237833,0.6044017146133648,0.5776102001159164,0.5791674167728533,0.6286265267260633,0.6190006316330187,0.6243070672069312,0.6095388483242331,0.6189034501038926,0.622164252945876,0.6113940391993373,0.6139602933876513,0.6216538494199749
43.jpg,0,0.6371392431876999,94,0.020410978496661923,0,0.5913887747061031,0.57295196978018,0.5765349526232683,0.5819673583523963,0.6698993255822299,0.666415558532512,0.6634579696453833,0.6353895506249211,0.6523179101601785,0.6629496346058259,0.670734165718367,0.6617384870863874,0.6641973668671655
46.jpg,9,0.5717295106708449,94,0.023669571804443183,0,0.5918679684086793,0.6194817911860494,0.5820301558585331,0.6287765822945813,0.6055737019852208,0.614411772236836,0.5987603826983393,0.605885640993938,0.6065234434679153,0.6151956013100222,0.5879756263821826,0.601701478767184,0.6065860774675876
50.jpg,6,0.605760575727221,88,0.023619836184757364,0,0.5906865876237833,0.6143905037801721,0.5936114949992776,0.6823601403405511,0.6595495988707869,0.6391634693871221,0.6470776874573291,0.6303820121121613,0.6355405056637105,0.61924748206101,0.606725171098324,0.6430355303171295,0.6431205784222256
53.jpg,6,0.6123925538805242,91,0.02838771830018976,0,0.5906865876237833,0.5904643932876177,0.6073851594015598,0.5725542545277993,0.5305933924274056,0.5432263118276569,0.5400319281536184,0.5454322741064842,0.5361495340779078,0.5357387307769417,0.5508872525436377,0.5308429379906187,0.5416291199906377
56.jpg,5,0.5454154122448729,92,0.022343633380023528,0,0.5919925198627172,0.5238839268619581,0.5504604960841718,0.5618617245870308,0.5741458812595532,0.5940183251576232,0.5885510817043911,0.5964569883006733,0.6123608880365762,0.6090448006491249,0.5910193882269216,0.5536316143151072,0.5912847034310071
57.jpg,6,0.8183639723796486,84,0.019978348116736936,1,0.5906865876237833,0.6289844548277674,0.6113223497346888,0.697575087681737,0.7683467627761836,0.7847117338285879,0.7763158519321357,0.7776511502313374,0.7824316601063337,0.7794813678248736,0.7765592917788355,0.7786703685940168,0.7805137928803618
58.jpg,4,0.6281747704766609,92,0.020285891984017722,0,0.5902988745549166,0.5878800243383837,0.5720227709093982,0.5701166522139881,0.5705390635240747,0.5675225976357708,0.5889629052693189,0.5854909479366884,0.5889735935810284,0.5935657714212883,0.606739012416421,0.5892036542557839,0.5782427514525449
61.jpg,6,0.7132606434510247,89,0.027268286073811737,1,0.5906865876237833,0.6269039617420862,0.6002968230257931,0.5961318515133686,0.659007689490206,0.664504425707512,0.6724547250671428,0.6810996102100269,0.6555295897699421,0.6643774710123833,0.6448315586569887,0.6674351497757682,0.6684795753873274
63.jpg,1,0.46016307420042507,85,0.02570722999098562,0,0.590891107753822,0.5556853442804235,0.582928873799717,0.5631535743744343,0.5104515547077395,0.5075429819580466,0.49333281695891307,0.4923913108601927,0.5038183603762567,0.4734844896782513,0.4931408968326536,0.506566020118626,0.5004378994584798
64.jpg,2,0.6886569063948549,92,0.022049916483776903,1,0.5902173832813419,0.5523941508293455,0.5476819328642224,0.5806262243734982,0.6635123223206668,0.6631094485082514,0.6532472022669461,0.6715328622626318,0.6583983953881812,0.655716431349196,0.6705664575248457,0.6601454089126041,0.6581783253875988
65.jpg,7,0.4910419586425026,84,0.027214676926314747,0,0.5898993401072392,0.5908922815512054,0.5772777896577193,0.48462550374558183,0.395227418942207,0.3996975632555877,0.41060022129701856,0.4296088449691243,0.4078880543123867,0.4036187406414494,0.4161612218293481,0.4132148824030031,0.40514889227630313
67.jpg,3,0.43499218290181535,76,0.03072937667071106,0,0.5931047687926164,0.6174460971412264,0.6057071434174572,0.5373782937598766,0.43361345693172265,0.4229797407195566,0.43388178156604706,0.4436380815251355,0.4250793247511642,0.4393428722293628,0.4101537926452432,0.438368315628072,0.43115627135442447
69.jpg,9,0.6737073691354858,90,0.019715985451618224,0,0.5918679684086793,0.5771401698598319,0.5977342934561095,0.6706572274765034,0.622968785987074,0.6256951375550283,0.6432155840460326,0.6388169669429903,0.6181043238247197,0.585475118532996,0.6471271562645623,0.6527496777616446,0.6344553608005304
70.jpg,9,0.5605060467703475,90,0.023553199068070053,0,0.5918679684086793,0.5541821365437445,0.5504981208478277,0.531499683808479,0.5076702893076397,0.5117478381742028,0.5048675344422523,0.5018115831460119,0.5266164350487178,0.49464586270193317,0.5294545480205637,0.5014079575792443,0.5083076863082275
72.jpg,1,0.4662675560224628,86,0.025917835253978408,0,0.590891107753822,0.5467428563416172,0.5644840268233874,0.3990843911285914,0.4342373494202024,0.44039109565635143,0.43427780780599223,0.42980438382969943,0.43256259734697966,0.44771931322118885,0.4654935121944357,0.4359433629997159,0.4373344517311718
79.jpg,5,0.6854785467498005,90,0.024567135757775423,0,0.5919925198627172,0.6215764308683338,0.6510976151318435,0.6768153591326953,0.6324496847342039,0.6554307489797284,0.6600943151880307,0.6524188595211233,0.6552802521605073,0.6642336492776404,0.6671654072903898,0.6464721078059139,0.6577625320838796
80.jpg,5,0.41252312071334857,91,0.025739348827701174,0,0.5919925198627172,0.5728715389117113,0.5767048263656771,0.46251550505501243,0.4013874650316756,0.4075821829124098,0.3976465469274735,0.4061386182665222,0.39163279413375673,0.3876774785114522,0.3833216164020939,0.4071198548928503,0.4026143649199416
81.jpg,7,0.7744321400080534,85,0.02752835475451798,1,0.5898993401072392,0.641692531081914,0.6330755250747404,0.7015682050434893,0.8098251516473038,0.8134738861091027,0.8040101805624955,0.778377363653293,0.7976300503576141,0.815348968407515,0.7741242563659844,0.8048001412858725,0.8087420333357991
83.jpg,3,0.6861616355735202,86,0.023554359333168018,1,0.5931047687926164,0.5926431742375194,0.5903870711550699,0.6147160707982675,0.6760522127883073,0.6654423247005712,0.6745855060284595,0.6875271487111749,0.6681525930820331,0.6754587210919396,0.6705131294477706,0.6743856526665325,0.6722997106964874
85.jpg,7,0.5927198578329648,85,0.024863354634942193,0,0.5898993401072392,0.5775207495713522,0.5686208514974975,0.6355859420467488,0.5563901031141076,0.5636062092209588,0.5645599568131141,0.5724403019296103,0.5715822990865468,0.5725408148283254,0.5498029424508548,0.562224050608437,0.5640830830170365
86.jpg,9,0.4824921486944687,82,0.021866480435072274,0,0.5918679684086793,0.5966983414191309,0.5870475753802555,0.6590296022982621,0.5207721265457974,0.5156663377756,0.5297772177183485,0.5132500175919704,0.5313981883632365,0.5393662838066065,0.5479304130781024,0.5143961380511379,0.5227217777469743
87.jpg,4,0.6469030632680759,86,0.02681077077975461,0,0.5902988745549166,0.5683219434741282,0.5549634989261493,0.615526079282488,0.6606516938756739,0.684271307997227,0.6878476085453767,0.6711505516663596,0.6888254357305772,0.6912999541133095,0.6355453719752798,0.6676069843992471,0.6860594582713019
88.jpg,8,0.4582993582219762,85,0.025473910614689906,0,0.5917396659930574,0.5635955426630913,0.5660361455717294,0.4658179501460152,0.4386660782144104,0.4338380912026494,0.4350829878930791,0.43884774558402634,0.430821484361968,0.44061629230366667,0.4624260337226521,0.43171756957731966,0.4332475211525655
90.jpg,6,0.5942951401784307,84,0.023089003516291194,0,0.5906865876237833,0.5923849090114266,0.5839960556453269,0.6255271016782072,0.5877107274961706,0.5828518372452837,0.591151291673102,0.5665687100534231,0.5956131174986158,0.6270966040826682,0.6332254809105394,0.5632545776133567,0.5870015644591928
94.jpg,1,0.6561558326939121,92,0.023992731681152218,0,0.590891107753822,0.5930150330881216,0.5924839522152158,0.6144677790741836,0.5815238114656166,0.6014908823079425,0.5808484141078666,0.5678122622188553,0.5773150999175671,0.5960464367914716,0.5862254425017474,0.5799100591266769,0.5911696482079045
95.jpg,0,0.6554666056267996,94,0.024340908524924182,0,0.5913887747061031,0.5973192603695359,0.6031459792785903,0.6495027216254027,0.6826162075845831,0.7048765877176583,0.7089969991165059,0.6840280087164055,0.7139092127134967,0.717400292004989,0.6838893966905463,0.6905997838672443,0.707966896266794
98.jpg,9,0.7719927074644586,87,0.028289961055924184,1,0.5918679684086793,0.6431490188359533,0.6382794621558148,0.7041108566990948,0.8185209811701357,0.7986378237296999,0.7856609711783352,0.8062481974441639,0.7931373395650269,0.8040419395270784,0.8009978697209499,0.7897630536702224,0.7921493974540176
101.jpg,7,0.7284653448499739,80,0.021777459713815516,1,0.5898993401072392,0.5592811401464916,0.5597622857461473,0.5995047251642311,0.6746290121371051,0.6668502679881758,0.6540818073842658,0.6750574055861428,0.6671782782971329,0.6703801096464328,0.6924941993712339,0.6667864949407808,0.6604660376862208
102.jpg,6,0.6164306271644427,79,0.025181283886835486,0,0.5906865876237833,0.5937415670619774,0.5807035372734207,0.536806450821274,0.6158823268220592,0.6047265496133828,0.5965294351320775,0.6043531422587172,0.5982332613548612,0.6117150386810458,0.6350695241056354,0.6054053744817016,0.6006279923727301
106.jpg,9,0.62382061507772,85,0.02470535110222807,0,0.5918679684086793,0.6318094613969758,0.6242669936305226,0.723485837327712,0.6378015866664245,0.6048667015369144,0.6262365403628564,0.6181079801209243,0.6207561920409234,0.6000835435587522,0.6660071900919728,0.6111018362619723,0.6155516209498854
107.jpg,0,0.6800180019496324,77,0.02090221788575773,0,0.5913887747061031,0.5854443749199425,0.594492503552117,0.6189806725251166,0.6625551398628057,0.6500648778779136,0.6489083219891729,0.669486499942616,0.6406129987126379,0.6569344551847346,0.6653203868897125,0.6665553971019768,0.6491974609613581
108.jpg,6,0.408509837145198,79,0.03182733760890401,0,0.5906865876237833,0.6288323744375799,0.6138249480074692,0.5312510376466575,0.49338122419921737,0.4876182407156132,0.48537975829046076,0.4823114037434377,0.49561950124049564,0.48925185888446665,0.4959975895945317,0.4865026940374247,0.486498999503037
109.jpg,6,0.6811881143774372,80,0.026018148349232755,0,0.5906865876237833,0.6056239620373511,0.5895355077927801,0.6350312960121358,0.6768600468654752,0.6806176863873513,0.6710867519910918,0.6589392486146052,0.6811201692245787,0.6942273875301862,0.6695741615025738,0.6574320097884138,0.6758522191892216
110.jpg,0,0.7740826942629235,85,0.028206572751396177,1,0.5913887747061031,0.6259022532110496,0.6238754275240885,0.8548705962302136,0.879767834416082,0.8265231403247701,0.8112391401617505,0.8490213164676855,0.82397386833409,0.8221848415628689,0.7887702830653183,0.8567805941979298,0.8150601402025055
111.jpg,7,0.6274435121852618,78,0.02221829471819735,0,0.5898993401072392,0.5489501722464637,0.5752461536345478,0.5800932206631626,0.6781076005660499,0.6917822324006,0.6810722365065454,0.65771234298102,0.6700418035228162,0.6829676165149983,0.678204451987781,0.6805010229235091,0.6864272344535727
112.jpg,7,0.6555693060159683,80,0.023633166764999193,0,0.5898993401072392,0.6200290201935171,0.612944648643092,0.6722450239309865,0.6671698980449384,0.6503771741675468,0.6617566466608098,0.6942995577324735,0.6742807260191384,0.6589737508234149,0.6890666545381128,0.6595041646955809,0.6560669104141783
114.jpg,5,0.764515331854331,81,0.028424186563045142,1,0.5919925198627172,0.6267156098968947,0.626789730990203,0.6390597398102458,0.7703153782825823,0.873763638298843,0.8174893413562354,0.7719809690922687,0.8715693856807336,0.8413470257397594,0.7826253240699249,0.774247265249878,0.8456264898275392
117.jpg,0,0.6119361907023833,72,0.024869676146776102,0,0.5913887747061031,0.5363922926890641,0.5548707977263098,0.48241717424460784,0.5584637556076073,0.5516910168245317,0.558522818734667,0.5635682022757126,0.5496622568565155,0.572349087550635,0.5778390157562119,0.5540646447217509,0.5568148682571332
118.jpg,5,0.589975246367976,80,0.02266015417080793,0,0.5919925198627172,0.5915927568055357,0.5925753354538248,0.544211876425087,0.5543817770338798,0.5401193988798556,0.5317866254811601,0.5111062455399914,0.5266098260923089,0.5387509952183017,0.5198403295354601,0.5464077800128393,0.5359530121805078
120.jpg,8,0.4047364209640167,74,0.031440223649815545,0,0.5917396659930574,0.6124367846156782,0.5945435626289264,0.4972689843415963,0.4638731753762073,0.49473748736060297,0.49391169458492223,0.4507740985848019,0.45431482230322895,0.4822830736861315,0.4238667671839043,0.47681702172525675,0.48098800141625137
122.jpg,9,0.38118811822668824,81,0.024598592420477173,0,0.5918679684086793,0.5677915995377153,0.5710093168085149,0.4378785931869252,0.43542053643430645,0.47888641979655333,0.43234764844547346,0.43988929337699323,0.4808842721085538,0.4225128279113503,0.42538497863399,0.42074881249924584,0.4556170341210134
123.jpg,5,0.44118340323967414,84,0.02288094084320152,0,0.5919925198627172,0.5650297348833789,0.5779165191807248,0.4787823906266948,0.47196148951725303,0.4646216228237878,0.4626369124157903,0.4602921202015958,0.45926204464724085,0.46503984128515496,0.4502387001715196,0.47989787734559086,0.46362926761978906
124.jpg,0,0.3995586292010294,83,0.027012599459948567,0,0.5913887747061031,0.5783083995565684,0.6068820898913061,0.4459031621697713,0.36975668341672074,0.38137592566290046,0.39003980892682033,0.41102829617466496,0.4008379270529607,0.4015227778494569,0.3987199459194657,0.3898155379737086,0.3878738381108403
125.jpg,0,0.3870785812010305,79,0.026934265648163664,0,0.5913887747061031,0.5489526307630544,0.5657987747478217,0.42229969507164217,0.4106739546458215,0.41155672109224517,0.420815174177503,0.4726028478557614,0.43006173485370575,0.41640187721915367,0.44643342122592283,0.4257868617195608,0.4185005609061886
126.jpg,0,0.4866717417175189,78,0.023986987270533635,0,0.5913887747061031,0.533619910152493,0.5703148042283833,0.5230207951268595,0.4183690553127376,0.49110049332913086,0.464187532193233,0.437845806819127,0.48802514161957933,0.4867513014003537,0.4832008796127915,0.4334551369659319,0.4709157724772075
127.jpg,1,0.7775899444865745,82,0.025694647123534427,1,0.590891107753822,0.6235128340026129,0.6425073122033754,0.7014853133972146,0.7590178944283249,0.7644231024817478,0.7614254828603507,0.7692023842207493,0.7696597324389222,0.7775978873736689,0.7926705794705274,0.7588301570496042,0.7629242926710493
129.jpg,2,0.81840134304721,82,0.02194071495446778,1,0.5902173832813419,0.5839558775645741,0.5934851315140595,0.7374260146694688,0.8423293595279879,0.7669707416497707,0.787632844995816,0.8417949898041719,0.7946736940398378,0.7872516122700537,0.8034063424129598,0.8569068298892573,0.7773017933227934
133.jpg,2,0.6928154351428534,78,0.02291436196718634,1,0.5902173832813419,0.618115252667167,0.603958500138392,0.6299468491407323,0.6622681877181336,0.665878686410519,0.6760086516914346,0.6743507277633427,0.6652035616541743,0.6684298523999372,0.6860392229967309,0.6771570624669255,0.6709436690509768
135.jpg,5,0.5259311619780159,84,0.022680690304128823,0,0.5919925198627172,0.5884578171002489,0.577979959543218,0.5795148643414778,0.5393206609025284,0.5583104762062763,0.5556331776544083,0.5524598764532397,0.5546454617771552,0.5548318500896177,0.5549786662449636,0.5547606319791306,0.5569718269303423
136.jpg,5,0.7878531673866347,82,0.024482401689460705,1,0.5919925198627172,0.6376470860173211,0.6110266781659092,0.7473559639383613,0.7616820799300661,0.7580388311741788,0.7578286676408221,0.7680863592632423,0.7525728341184732,0.7612811267350048,0.773939005867178,0.7615101363681804,0.7579337494075005
137.jpg,4,0.7749612281121403,83,0.017692491231375215,1,0.5902988745549166,0.6154574832355443,0.580267715237063,0.6128126481023457,0.70237540594371,0.7033092783807845,0.7036213043738456,0.6623438386199618,0.6895253654610337,0.6939133627227957,0.668708301350543,0.726630315782691,0.7034652913773151
138.jpg,3,0.44161830050870776,87,0.027122483291970464,0,0.5931047687926164,0.5565373682699097,0.5561319784928491,0.521978411613872,0.5172182274072187,0.5103543453328508,0.5158829393816803,0.5071684369402414,0.5044972629403708,0.5139407878179195,0.5095722271582814,0.5155332174209484,0.5145007908694729
139.jpg,5,0.502137712795626,88,0.022903655301905666,0,0.5919925198627172,0.6184662623569462,0.6162444699133506,0.5874981282193559,0.5145535223355352,0.526926385486536,0.5256376607237114,0.5393806190437731,0.5329967417362043,0.5529289038818106,0.5094207376839984,0.5166335255295138,0.5262820231051237
140.jpg,2,0.6177510606025213,84,0.024361711443085434,0,0.5902173832813419,0.4714227437184174,0.5478409060734042,0.4923103669706899,0.6292246737180991,0.5973630633865006,0.6122736999177467,0.5925757783726124,0.6013322919142023,0.6166324984981243,0.567677297410848,0.6262493629488824,0.6048183816521236
141.jpg,4,0.6775189312065348,85,0.019059914958638294,0,0.5902988745549166,0.5457885192709139,0.5527333176799063,0.6040357542530974,0.6017616829289814,0.6121119545206198,0.6101764911179316,0.6037589105064988,0.6198379540606181,0.6139300500363745,0.6375720904557894,0.6122795334998357,0.6111442228192757
142.jpg,4,0.6796156044392024,85,0.020697736961604644,0,0.5902988745549166,0.6135118390708473,0.5994149371417035,0.6286511654743032,0.6551865459022311,0.6572847689734885,0.6436753624709851,0.647554930838572,0.6413394589643386,0.6460868214761859,0.6457168664281451,0.642495281568686,0.6504800657222368
143.jpg,5,0.7466795448122955,82,0.015829878924123707,1,0.5919925198627172,0.5656615690689103,0.5921739770729595,0.5740869624716864,0.6585501403813052,0.686576615618566,0.6773486813310572,0.6640622692204492,0.683621916148385,0.6847021078037624,0.6994500433793548,0.6712182649445194,0.6819626484748116
145.jpg,8,0.4371758600408655,84,0.02728787870703774,0,0.5917396659930574,0.6090062924968346,0.6030730873339741,0.644871005945217,0.5028600321196925,0.5355125426332676,0.5286332031678753,0.4766464625601438,0.5395713685534627,0.5141843066572095,0.5323170869139752,0.5083667680535172,0.5345723714515351
146.jpg,4,0.44193203253923236,74,0.0246754306770761,0,0.5902988745549166,0.6010037686255196,0.5919224528330672,0.6026975218931541,0.46905856609712093,0.45424539668605346,0.45897775845270006,0.45401130089681574,0.4611342653585724,0.4570654478814625,0.49560724572368464,0.4785309812666599,0.45661157756937676
147.jpg,3,0.3760542717854274,81,0.02442585585725427,0,0.5931047687926164,0.587321081531142,0.5724604877840075,0.5139977273370918,0.41569120366934587,0.4180826898015735,0.42833643962243223,0.44022197814466274,0.4508179352109686,0.42586248736613264,0.43921312806457297,0.41180667743344535,0.42577300216721753
149.jpg,5,0.5335396062757354,80,0.024965553614730622,0,0.5919925198627172,0.5782816261562028,0.5916852267255692,0.499576861686666,0.4638684209449619,0.4724815352593512,0.45887452565630715,0.45845501142301054,0.4721706034535358,0.46972578982324864,0.4381301272121914,0.46192816226170774,0.4656780304578292
151.jpg,6,0.620767631849711,81,0.022929060974978658,0,0.5906865876237833,0.5440651456176843,0.5600307188809847,0.5072919492032593,0.5027899934261629,0.5198465873208963,0.5082886591761847,0.5065141889938533,0.5125841134744838,0.5166982214806928,0.5248762022698681,0.5084486846315222,0.5140676232485405
152.jpg,6,0.7632498460383538,85,0.03197669429154053,1,0.5906865876237833,0.5939987165446396,0.6075818030344128,0.7009777824126724,0.9041753058777922,0.8263555004668294,0.8268361169380612,0.8777838996791336,0.8052319693223958,0.8379217925233963,0.8015159890616776,0.8817641910115606,0.8265958087024453
153.jpg,3,0.7352663808990092,84,0.019397099725229457,1,0.5931047687926164,0.5977794465024835,0.5981384430779514,0.6208304342927963,0.6795430100740424,0.6886944151304767,0.680723869894671,0.659724213904436,0.6941734171726596,0.711918487672861,0.6783910873153749,0.680847837845282,0.6827165062036225
154.jpg,6,0.6013244175073968,77,0.022962268738444466,0,0.5906865876237833,0.5514238032062397,0.5650391599959884,0.5415717815037708,0.5633760856918747,0.5673232243130367,0.5609951811265218,0.5619139808639014,0.5639774375711567,0.5608438575406174,0.5751965357313452,0.5603974793268004,0.5641592027197793
155.jpg,7,0.6491749175389607,75,0.023465674498151092,0,0.5898993401072392,0.5981783053406996,0.6013324693647011,0.5982387632922229,0.573263321187508,0.5764407646082166,0.5749182615072446,0.5671279022648016,0.5812017609834212,0.584850064470706,0.5619375269266033,0.5708617418834134,0.5756795130577306
156.jpg,7,0.5713138881365996,74,0.022323747297745597,0,0.5898993401072392,0.49907672269421255,0.5270706125140188,0.5142777426949712,0.563313647549861,0.581115521801431,0.5678533704814601,0.5587014652623175,0.5562502225181838,0.5729064365106752,0.5561149090857151,0.568569766078612,0.5744844461414456
160.jpg,5,0.4130489984169029,78,0.023864069674972704,0,0.5919925198627172,0.6063697976624068,0.6164574025705636,0.5414840678857524,0.41660906818717003,0.39177481195399677,0.38755240468905106,0.38955834119292565,0.391480992039267,0.38907090023235136,0.39266381757476476,0.3894239164439459,0.3896636083215239
161.jpg,9,0.6614521420001984,75,0.02021771530780762,0,0.5918679684086793,0.5742453272955229,0.616920496194677,0.611840976428865,0.6546751077628279,0.6369584341051332,0.6281354593361962,0.6471545107063036,0.6366065504836756,0.6448500387744753,0.6679311628702281,0.6363379198705484,0.6325469467206647
163.jpg,3,0.4108910892915446,80,0.02590139657748677,0,0.5931047687926164,0.5469566889484357,0.5543704562749284,0.43344452816697066,0.43383875808181965,0.44056300682694116,0.429056500271604,0.4287959254773362,0.44566531529800935,0.4327431208580687,0.43354762761282256,0.4340314857051925,0.4319331269104383
164.jpg,4,0.6776213708378555,83,0.0342233496924655,0,0.5902988745549166,0.6432780199352711,0.6288204215905626,0.6104448350582496,0.6947473172733424,0.7694525668922182,0.7325796612120777,0.6629031639344761,0.7606589943130609,0.7277907201494865,0.7398253697471157,0.6886470862668932,0.751016114052148
165.jpg,5,0.5397247036510124,82,0.025527555790806906,0,0.5919925198627172,0.5143608989788442,0.554240056785893,0.5501618906977519,0.5742157014821014,0.5746980681704517,0.5534190349790786,0.5915365478735843,0.587751741823376,0.5780633072158015,0.622241523035085,0.5505348337427934,0.5640585515747651
166.jpg,4,0.5776936496005339,85,0.01933079634827623,0,0.5902988745549166,0.609510032080819,0.6117821515617978,0.6833764394473676,0.5615482830750165,0.5584196002117906,0.5568162061940839,0.5742206464678937,0.5649475739451294,0.5627427891492326,0.557754260158748,0.5660544920664824,0.5576179032029372
169.jpg,5,0.37306708200531224,89,0.022447276361465165,0,0.5919925198627172,0.5505869364030436,0.5724096542686976,0.5114968372825657,0.46798230664582224,0.451666210227049,0.45704904729539697,0.493449230819497,0.4606009466737063,0.47556731692336823,0.4659176149596961,0.4764150155705529,0.454357628761223
171.jpg,1,0.5440939425729042,86,0.022108771588436518,0,0.590891107753822,0.630056253817895,0.639680076902845,0.6768046891681726,0.5956083230730892,0.5989760178242004,0.590899266942976,0.619648874582491,0.5849768834624597,0.5685671016414342,0.5512766377388627,0.5992333083754197,0.5949376423835881
174.jpg,6,0.758855879255053,90,0.024228422233674524,1,0.5906865876237833,0.6227251900157269,0.6287293006738727,0.7292901481505275,0.7837126902828425,0.8100627300239093,0.809763138559117,0.8075795568220068,0.8069198981897624,0.8212584569622688,0.7922271617846898,0.7878243336210607,0.8099129342915131
175.jpg,6,0.3511229173632384,82,0.027028809499829737,0,0.5906865876237833,0.6168549610609668,0.6304960886709998,0.49530877616849595,0.39880852889536045,0.40778512652297316,0.3937494800857949,0.3852090839293829,0.38748946060619505,0.36043990931193315,0.4175324362214178,0.40672580931809,0.40076730330438404
177.jpg,5,0.47492606455895614,77,0.02274360319804069,0,0.5919925198627172,0.5766353204603054,0.5788161168004969,0.519803533039818,0.42780626010956874,0.42335954460897396,0.4182176173699932,0.4209457646161984,0.4248553936571988,0.4206929505376724,0.43174399367120075,0.4247676609830965,0.4207885809894836
178.jpg,6,0.5727607634698235,86,0.02269430265624623,0,0.5906865876237833,0.626330215485516,0.6341233405612333,0.6444187024907486,0.5847638601654085,0.5676755534347243,0.5784777157538928,0.6152117464395651,0.5682464210485824,0.5607474736890339,0.5495008259453852,0.6018097408524413,0.5730766345943086
180.jpg,9,0.4647058821064146,85,0.026260701633019686,0,0.5918679684086793,0.6541722633729866,0.6624647677191802,0.5777135944668069,0.4809068149776223,0.42862747552782665,0.4431963404479601,0.4565977818908068,0.4339412866433895,0.4395986631001824,0.4842242888610087,0.45562684151768806,0.43591190798789337
181.jpg,1,0.7186774203070888,81,0.01734741049272773,1,0.590891107753822,0.6275026122977766,0.6037108661067916,0.6473518574753393,0.6549684187538566,0.6675630239244367,0.665442566433383,0.6696232881206192,0.6459342025826015,0.705384617512225,0.6558830192814377,0.6526972291494835,0.6665027951789098
184.jpg,5,0.7265976579351858,88,0.016545121774345035,1,0.5919925198627172,0.5585886395004416,0.555977658737247,0.5450468876113241,0.7056594678188848,0.7083273851684129,0.7161777887115668,0.6899485278875238,0.7130965684449557,0.7091303975571702,0.6819930459734582,0.698380365840695,0.7122525869399898
185.jpg,6,0.5789854238542278,89,0.023756485060132716,0,0.5906865876237833,0.5985273866439764,0.5754743644380264,0.5354213428622046,0.588960494213954,0.5689552708379405,0.5632029447151558,0.5798362293995647,0.5706073242786813,0.5951509571399549,0.5857621490982756,0.5816617818175773,0.5660791077765481
186.jpg,1,0.589665143190768,89,0.021364396735921467,0,0.590891107753822,0.5995699610579851,0.5811458318139877,0.5643001177771454,0.5687140433811962,0.5797665900145379,0.5719430524573819,0.5769204591577637,0.573461782068141,0.5907417062828514,0.5587772701771776,0.5666566376831478,0.5758548212359599
187.jpg,9,0.56018466921,89,0.022811588919831018,0,0.5918679684086793,0.6346580799321923,0.6140202304036623,0.7022839874609117,0.5811360131685746,0.5567629172433551,0.5665042159887089,0.5954128120415251,0.556993137327672,0.5677250976162651,0.560804531045742,0.5668094895654426,0.561633566616032
189.jpg,3,0.5839333927089517,88,0.022117864370438264,0,0.5931047687926164,0.58590381857693,0.5746125976804692,0.5532553930686854,0.5867376231799144,0.5914003718980633,0.5980510502154475,0.5700396639744275,0.5840707445784362,0.5965311698662871,0.5786097586496581,0.5823646210698654,0.5963883806361014
190.jpg,7,0.48373408546294305,84,0.023228744666955563,0,0.5898993401072392,0.5612166055392436,0.5743311690105058,0.5484330437197693,0.5439639624204503,0.546869540247096,0.5430636515017229,0.5649446547552308,0.5473643802266924,0.5397563344595159,0.5539606948725474,0.5350205832726456,0.5449665958744094
192.jpg,9,0.5912055910674526,85,0.023063307747701354,0,0.5918679684086793,0.549354600245759,0.5661202240654452,0.5561016719676335,0.5695849271362677,0.5960097205141476,0.5961369776247151,0.5636065081309661,0.6128522836855371,0.5956419860843807,0.5948902375456566,0.5718924052742677,0.5960733490694313
194.jpg,2,0.7782484359952823,97,0.021544767034946094,1,0.5902173832813419,0.621490079221732,0.6222818720924771,0.7828831478720023,0.8172503584157936,0.8069373141757612,0.7951594894612259,0.8012116990762815,0.8032945639175123,0.7980905971764359,0.7716710425441137,0.8137133926245029,0.8010484018184936
195.jpg,3,0.5072741968870847,98,0.023030378771907337,0,0.5931047687926164,0.6049604507717402,0.5861986683458432,0.6257496555876337,0.558621016084956,0.5546499139498966,0.558574169643041,0.5524019936016225,0.5515804626229603,0.5642905092366901,0.5495026783253508,0.5596072413392961,0.5575931057197548
196.jpg,4,0.2993399347333858,90,0.02310167440195875,0,0.5902988745549166,0.5867215853991916,0.5889374001823867,0.5228632862951126,0.42452765671607684,0.4031931580084759,0.3991820500728961,0.43915970162943574,0.39580483822817236,0.3864023077065172,0.4123028703824395,0.423979606717994,0.401187604040686
197.jpg,6,0.41615098941353307,96,0.023079633972720358,0,0.5906865876237833,0.5687476979961967,0.578309903509831,0.49704751029608446,0.4284404699053446,0.43371467316487256,0.4422674903623828,0.43825799922311665,0.44887021093846013,0.45491671294870684,0.4503184275822829,0.4070274819621658,0.43799108176362767
198.jpg,3,0.6597214676849135,91,0.01840683553568469,0,0.5931047687926164,0.6212693994863685,0.6280697138952787,0.6827859169600781,0.658106531420284,0.6254241337660794,0.6553841254469697,0.663626571617764,0.6323430353533697,0.6429999943249501,0.6986434303402107,0.6614704144385102,0.6478941275267471
199.jpg,0,0.6569531925699927,88,0.01833584252409144,0,0.5913887747061031,0.6233131032361336,0.6049857310776473,0.6791889861031435,0.6469873292913023,0.6235319915989284,0.6397561308736996,0.6227157134854412,0.622779943789345,0.6327360637903627,0.6563177615645532,0.6399633679857001,0.6357000960550068
200.jpg,4,0.4242679597760372,94,0.02520719922740544,0,0.5902988745549166,0.6351251339979941,0.5977350636829375,0.5971996161739418,0.42728540282578126,0.4153317699405846,0.39694687510557747,0.39282823786074145,0.40288555526213743,0.38758168662744386,0.42346412554290946,0.3917378007371535,0.40613932252308105
201.jpg,2,0.5358910884388024,96,0.021137975282480452,0,0.5902173832813419,0.5535258431477461,0.5548478161052923,0.5372803777804118,0.543449593753492,0.5472713727643574,0.5212981854416817,0.5365892070413721,0.5391407196001657,0.5226900955276644,0.5599687442646811,0.530781545655766,0.5342847791030196
203.jpg,8,0.3948019790792993,96,0.022871114820494358,0,0.5917396659930574,0.6642943599228284,0.6287359821979134,0.6214679344971441,0.4188307696185628,0.399079060666115,0.4228500795972763,0.42890187935903945,0.4061262240081056,0.39831821989103294,0.39498228917456796,0.413038052872681,0.40935178809049894
204.jpg,3,0.44455445621162654,100,0.02244445021729872,0,0.5931047687926164,0.5836673123950087,0.5970981420282518,0.547766122896935,0.4820814518440763,0.4840436557265939,0.4745732323478078,0.4911066193424062,0.48631881770287333,0.49576376659836413,0.43202416505196567,0.48080276438390407,0.4769408381925043
205.jpg,1,0.5437462091902081,98,0.020439522306145638,0,0.590891107753822,0.5728729304857768,0.5878781844415452,0.5531006602618924,0.5286920199095925,0.5289307075580738,0.5290198932501751,0.5456610188605197,0.537107374191725,0.505366897326553,0.5431166284080258,0.5285542138366947,0.5289753004041244
210.jpg,2,0.5032652206074922,94,0.019597850329505482,0,0.5902173832813419,0.6222608676028007,0.6021512203683426,0.6120662187452385,0.5302004062613335,0.5205285313968749,0.5204639480621525,0.5477546390764176,0.5154776078113124,0.5267454492083269,0.5271627309353043,0.5319953546272648,0.5204962397295136
213.jpg,2,0.6990670237976772,104,0.01441364591049635,1,0.5902173832813419,0.5649176904119275,0.5647256434783767,0.5831930488806508,0.6983688852821495,0.6943903805738895,0.6940038132643037,0.6949353868097934,0.6866602024933053,0.6856376719315233,0.674924890708166,0.6925735626889946,0.6941970969190966
214.jpg,0,0.623419269343082,101,0.02283614709168334,0,0.5913887747061031,0.6088419461682908,0.605271160513016,0.6392100586581535,0.6935789666429902,0.6710257468942828,0.6773825273388278,0.6898716910118079,0.6719858029824591,0.686825166054499,0.75299910077183,0.6782792426374232,0.6757933322276914
216.jpg,4,0.5579432956027713,88,0.025178442424880747,0,0.5902988745549166,0.5386821183049135,0.5686881886172519,0.6232768466361429,0.5158228259568197,0.5273173614342482,0.5447775375814196,0.5904943252672171,0.5745676862028914,0.5741741707272121,0.5847185002096322,0.5134450068616986,0.5360474495078339
217.jpg,4,0.7543711804963172,94,0.01674206193923068,1,0.5902988745549166,0.6169947703151852,0.590216350506193,0.6389264132512325,0.7022798961857981,0.7057923780367389,0.7131272388383939,0.7120870365181685,0.7079479551926183,0.7121876771172096,0.6961027663792966,0.7125527077890719,0.7094598084375664
218.jpg,6,0.7630262947735386,99,0.025567076283508405,1,0.5906865876237833,0.6636370150122768,0.6427867828413172,0.7631392170360072,0.7593827140334545,0.7893580806395973,0.7715445241075932,0.780015907985545,0.792458117890452,0.790473509067352,0.7841066917311965,0.7650579519980126,0.7804513023735953
220.jpg,6,0.4648674529806901,93,0.02027851771298751,0,0.5906865876237833,0.595022613345517,0.5912678553796336,0.4876444233500105,0.45372070252358115,0.44981112764005815,0.4430165198447572,0.4470247679642366,0.4637588431019711,0.4418146322740878,0.46777560251895905,0.45829555416401646,0.4464138237424077
221.jpg,2,0.6895332366836314,98,0.018887198701585384,1,0.5902173832813419,0.596744257796057,0.6244174326920234,0.70785344522403,0.6699507231949022,0.6977707505623947,0.6957167470074374,0.6866604627735671,0.7063213417563781,0.6819547681589568,0.6682453694944551,0.6802492854368478,0.696743748784916
224.jpg,2,0.600866334294551,96,0.023002828027730734,0,0.5902173832813419,0.6219682096775799,0.605598405988351,0.5544902883850084,0.5739340741687922,0.5863951781167589,0.5608522411609296,0.5584608454938431,0.5685918317648991,0.5689374893342452,0.5606692883848724,0.5528716538755796,0.5736237096388442
225.jpg,3,0.6426550810586433,98,0.018925836493896026,0,0.5931047687926164,0.6118612416476357,0.6028625131765314,0.6090220286759519,0.6337756032141474,0.6185087917450177,0.629706612091509,0.6340714211097581,0.6094721600774119,0.623509288372223,0.6388232139824608,0.6335710014477932,0.6269071570048862
226.jpg,8,0.7228266696169318,91,0.027967606311352214,1,0.5917396659930574,0.6182389456490245,0.62802408991167,0.645351846555812,0.7430682076814925,0.7793986882087374,0.769037078316066,0.7492878315703673,0.7721331015882782,0.7796905216468184,0.7823172575344888,0.7578340436101064,0.7735229560376937
227.jpg,0,0.5519020298986058,95,0.019003512753622127,0,0.5913887747061031,0.5683819158541202,0.5715570375399778,0.5697739964377396,0.5294174332743078,0.5089641348361739,0.5236913582458307,0.5220384348535239,0.5279488779329239,0.5224194183703839,0.5390389424229105,0.5182981751189419,0.5200095523934165
229.jpg,3,0.5020012652124972,94,0.022717547184622024,0,0.5931047687926164,0.5613331826306146,0.5918992259604503,0.4503721664284943,0.47083294748016474,0.43336335364604694,0.4474948996375747,0.48805508225533156,0.43904419774917036,0.4508437886645871,0.4460472791648341,0.4751550635717789,0.44396201313969275
230.jpg,1,0.5668316815814857,96,0.020268200072738104,0,0.590891107753822,0.575282293013204,0.5791414016981782,0.5879170688337501,0.6130653381723103,0.618071258793736,0.6151272030844349,0.590963644045396,0.6114827992218548,0.6157794486899458,0.5847876503174235,0.6159343406949739,0.6165992309390855
232.jpg,1,0.7041804110165686,90,0.027000579186732824,1,0.590891107753822,0.5728884619990888,0.6025654740241804,0.5340646930305349,0.7247605453366572,0.7291651502199745,0.7382427332370658,0.7014044893803877,0.7101428072060395,0.7563121761069705,0.7509791771906557,0.7257311375463962,0.7337039417285202
233.jpg,5,0.5755075504532968,99,0.01993146031317624,0,0.5919925198627172,0.5522168629625571,0.5666625369011087,0.5090000327051125,0.5502490794962587,0.573795126499991,0.5527699171563074,0.5375189150676094,0.5656996630451827,0.5580108304443767,0.5433190709127363,0.5561896568744142,0.5632825218281492
234.jpg,5,0.5312031175743676,99,0.021523906582646007,0,0.5919925198627172,0.5288398080551906,0.5543440482763814,0.4846273701825793,0.4960856531941381,0.5201544115747683,0.5157469040423659,0.5270609557602175,0.5322598478659046,0.5268349298115703,0.5081640092035521,0.505153210070309,0.5179506578085671
238.jpg,3,0.5813081300619877,99,0.0200510875726635,0,0.5931047687926164,0.573723021750661,0.5812510005105218,0.571465814866831,0.62103174196545,0.6104254913114985,0.6063852541002994,0.6312142159213667,0.6249512838579963,0.6151160061401975,0.6220601452538339,0.6256229030398198,0.6073953134030992
240.jpg,7,0.4789340652356994,94,0.02179226310360806,0,0.5898993401072392,0.5733381832308055,0.5906131488348989,0.5396478512400358,0.5342511483784751,0.526660293585282,0.5163475420142749,0.519254202630347,0.516792595728199,0.5120870480288704,0.4902325724198937,0.5278435188211201,0.5215039177997784
241.jpg,5,0.6683168302735557,92,0.01761384509562387,0,0.5919925198627172,0.5841865748083346,0.5823931633098637,0.5694487136434366,0.6098108806897665,0.613224887317688,0.6228012596973165,0.6495641794321476,0.6286492936517157,0.6223097010521268,0.634713523444301,0.6231745713026801,0.6180130735075022
242.jpg,4,0.6892301501060019,98,0.016776274677810406,1,0.5902988745549166,0.5732281886691017,0.5752293342320367,0.5905801620001834,0.6514533201277851,0.6749596950219526,0.6621229281919904,0.6546510508984383,0.6689237672441791,0.6669365845736118,0.686921762117081,0.661124777208597,0.6685413116069715
243.jpg,7,0.7678478308414158,95,0.02184898649974627,1,0.5898993401072392,0.6794037727129933,0.6446968472768723,0.79795217005478,0.884366883216074,0.8413021827581151,0.8363007133277822,0.8655915326658391,0.8476269734916992,0.8443480086663341,0.8083712917845776,0.8594907107864751,0.8388014480429486
244.jpg,6,0.664910039929573,93,0.021152922559848807,0,0.5906865876237833,0.6400453794817261,0.6135771992496939,0.7287470912816815,0.7117178779228821,0.716968515976551,0.7114718126175469,0.7044763486908812,0.7149096181413566,0.7132162843616701,0.6993014177645817,0.7129230900053706,0.7142201642970489
245.jpg,3,0.6192079198360443,100,0.016619393853796224,0,0.5931047687926164,0.5969414068048842,0.5844453899815548,0.600092298809104,0.6603282797961701,0.6454739671480624,0.6473761656877575,0.6538888338996744,0.6524926090474025,0.6526396524429068,0.6808399135873588,0.6599889538074075,0.6469006160528337
246.jpg,2,0.6953382836654782,96,0.020204714894295175,1,0.5902173832813419,0.5547859801781354,0.579810759078427,0.534891708522611,0.6968377680795543,0.6820777177146901,0.6686340982033459,0.6494283253153526,0.663638249394429,0.674442214499288,0.6672461841547529,0.6759392579452371,0.6753559079590179
247.jpg,6,0.7431123546608116,92,0.017357614976761148,1,0.5906865876237833,0.612123470791497,0.6046237404355898,0.6966767067593601,0.7468947534377725,0.7402929069280787,0.7267081603347191,0.713054700651834,0.7400969927791334,0.7468325362470918,0.7032347659225853,0.7359575198381706,0.7335005336313989
248.jpg,9,0.5609213942471816,98,0.02111767891997243,0,0.5918679684086793,0.5572326714942961,0.5499380817337975,0.5747531344087237,0.5940583967769556,0.6009793306214287,0.5974815097738589,0.6019052883558474,0.6185980989609966,0.5835221883441057,0.6221992255666776,0.5856605224998639,0.5992304201976438
251.jpg,4,0.5406511784889377,104,0.02165022587614324,0,0.5902988745549166,0.614514267406771,0.5940562325486569,0.637701903406936,0.5769821075401174,0.5764112421886608,0.5759967328237557,0.584607975058366,0.5831962002147915,0.5778614452725411,0.578613879737401,0.5860305223726032,0.5762039875062083
252.jpg,0,0.659690225994823,101,0.022099647561803406,0,0.5913887747061031,0.6093098004194328,0.6039405740391107,0.6691631850920057,0.7905345520244683,0.7454282531657831,0.7555577210696305,0.808520125707736,0.7484052773295004,0.7657059416837307,0.7770720522799075,0.7777362440478103,0.7530253540936687
254.jpg,9,0.4708682391792536,104,0.02211977879095209,0,0.5918679684086793,0.5560947298975443,0.566507927483679,0.5541702652490179,0.5946031775819348,0.6221547032923606,0.6177281995147555,0.6053287893923968,0.6174329898452581,0.6131505433927427,0.628304326495846,0.5946423361114489,0.619941451403558
255.jpg,4,0.47407369788966536,97,0.023190593340848893,0,0.5902988745549166,0.6173415064961278,0.6002625727915405,0.5843744133331126,0.4704113114161284,0.46389555064551613,0.4860718328950332,0.511839885061408,0.49048160473826086,0.49331496179609113,0.5070648851622048,0.4705731284114214,0.47498369177027466
256.jpg,1,0.5458952152015021,96,0.024035168164261912,0,0.590891107753822,0.6438700401974262,0.6408481130085644,0.6800777804872051,0.6280818702779515,0.6586785630706894,0.6593654302029942,0.6643893598470318,0.6562133064853989,0.6426387769835369,0.672931388191758,0.6275352518307198,0.6590219966368418
258.jpg,8,0.6365724173710519,97,0.018549146030727586,0,0.5917396659930574,0.593235870056893,0.5905535109558133,0.5951543466000951,0.60803165849237,0.6023163867048094,0.5960704358156366,0.6131386962840554,0.6046754410249535,0.6094667033237698,0.6268760119973126,0.6022153610441618,0.6010207545151331
259.jpg,5,0.676758727745006,95,0.019743668271214782,0,0.5919925198627172,0.5928645022507217,0.6029666133102015,0.5616817073930254,0.5825765742726258,0.6198252541576781,0.6129120368353713,0.5899570023520979,0.6085523855747752,0.6101345196125076,0.5928273313468352,0.5918706152307595,0.6163686454965247
260.jpg,7,0.6487109112267447,101,0.015582119556915524,0,0.5898993401072392,0.5229595540041431,0.5568443346955217,0.5787298616822983,0.6591450563915557,0.6325194892245793,0.6430670521464448,0.6597299229957003,0.6308011910113458,0.6453523949615615,0.6078236161308525,0.6596568863229231,0.6377932706855121
261.jpg,4,0.7368621443817903,91,0.020372368657496767,1,0.5902988745549166,0.5886346797140253,0.6214072301004596,0.6151611641892015,0.7347747325137965,0.7300710806498344,0.7292139720477809,0.7664644092260772,0.7371643963003658,0.7560618458043488,0.7310919134324358,0.7211938149333829,0.7296425263488077
262.jpg,6,0.564356434251143,96,0.027217851228366403,0,0.5906865876237833,0.6668105555071955,0.65188161398469,0.6641023833071882,0.6158239238442383,0.6317842499507772,0.6403796173515633,0.6193563957894797,0.6588391473479059,0.6391075835535072,0.640296921490707,0.6188540218882999,0.6360819336511703
263.jpg,0,0.7081270605170479,96,0.02123524710722289,1,0.5913887747061031,0.6025261578217258,0.5685884332300375,0.707596542671183,0.7352508521593013,0.7572200314714085,0.741206705394397,0.7328273238294147,0.7371415891680477,0.7497312967594685,0.7228045822923592,0.7392403370406926,0.7452100369136498
264.jpg,8,0.7226712425448456,98,0.02356188400103441,1,0.5917396659930574,0.6213746738818029,0.604953529131201,0.7197887075560462,0.7635731083003432,0.7680748995500692,0.7731904940802833,0.7956727870539413,0.7502047228204087,0.7811001204049997,0.7815695770821588,0.7791698686897844,0.7638233721502536
265.jpg,5,0.6203589103970444,96,0.021428412497840287,0,0.5919925198627172,0.6030300287570675,0.6005647527355439,0.6078619931480455,0.5975436202507565,0.626081977877678,0.6047290497280922,0.6090221300015372,0.6113281878011367,0.6060260595160019,0.5469311981897588,0.5894921054049308,0.6154055138028851
266.jpg,4,0.624812476162921,99,0.023012835391677786,0,0.5902988745549166,0.5944645816351636,0.5910653602415703,0.6475126624626848,0.6358979598547776,0.6421910209739948,0.6329112160936988,0.6288634087040474,0.6452127456568758,0.6258429657170722,0.6668950281667122,0.6360509819820386,0.6375511185338468
267.jpg,3,0.6351135082759264,99,0.020607275750881792,0,0.5931047687926164,0.6087476657195933,0.6291012459273367,0.6699119302146217,0.677266670151049,0.6903638352541996,0.6803836829869414,0.6731201665969262,0.6800610838426395,0.6855024854449672,0.6921549458003451,0.6793489178409744,0.6828787210537559
268.jpg,0,0.46947194750828203,96,0.02310742747683071,0,0.5913887747061031,0.5731177421134754,0.5924421550756308,0.44859103632771846,0.4460642227309052,0.4439653039944853,0.4324540553145285,0.4373861884993046,0.4388306141664555,0.45831431444897175,0.4372608711542566,0.4519973763388666,0.43533186748451774
269.jpg,5,0.5543564344663173,100,0.022114447655050985,0,0.5919925198627172,0.5777920519697853,0.5907074604384055,0.6561949804002236,0.640578460409902,0.639648818446179,0.6419855205585203,0.6369189573102336,0.6473242360046465,0.6450982304700714,0.6669602988013064,0.6415266118264272,0.6408171695023497
273.jpg,0,0.7053424067950497,96,0.019031522422852803,1,0.5913887747061031,0.6327497687407103,0.6033476179436078,0.760338700537108,0.7359073962567729,0.7389460753303633,0.7244238350992928,0.7191821890270373,0.7394161922549449,0.7487740445718221,0.6903792134551393,0.7316277646747451,0.7280543951570604
275.jpg,3,0.4696969688456092,99,0.02358356391453413,0,0.5931047687926164,0.5731150106967167,0.5587191073856508,0.6140179815977287,0.5230762776916104,0.54073843677437,0.5290860406136617,0.5101611721144581,0.5581989407913243,0.557112082245602,0.6091824871791611,0.5221957027757494,0.5319991396538388
276.jpg,6,0.49278949675372924,92,0.021958250231298857,0,0.5906865876237833,0.5355718715167413,0.5499246930523911,0.40767450538415867,0.4174497730798761,0.4325943117911041,0.4184473291275982,0.4208100908835612,0.425656104860629,0.4262707713547029,0.43049108539640835,0.42698632375292184,0.42552082045935113
277.jpg,7,0.5126569357739051,97,0.023982504720244806,0,0.5898993401072392,0.6317737700497691,0.6098409656273276,0.6147404539625466,0.5173576418086354,0.48148812155369747,0.49116368842268887,0.5168589822022707,0.4926334527110322,0.4901644135116069,0.46968011802126924,0.4942066565433859,0.48632590498819317
279.jpg,4,0.3169880150033063,95,0.023271053861391805,0,0.5902988745549166,0.6593174328366168,0.6456986106538785,0.6032600896414099,0.3877890433879284,0.3665344589385938,0.36334125132687445,0.36418818935895714,0.3471709081487927,0.3608072054161915,0.3997929835283234,0.35709515151562604,0.36493785513273413
281.jpg,8,0.5812751604141769,91,0.024252134834498038,0,0.5917396659930574,0.5572387556400236,0.5910718658436689,0.5218286606482606,0.5364615676584455,0.5420587966299528,0.5386743247712342,0.5784828114501701,0.5827638955890746,0.5477423368382656,0.5663280427362362,0.5278815153736499,0.5544990056634205
282.jpg,8,0.41905124539222854,91,0.023982683206518158,0,0.5917396659930574,0.5885216396806617,0.591581962870547,0.5047938189804281,0.45252342886069075,0.497052870713923,0.48532971467787545,0.4370735620588744,0.4850721683370558,0.4961185027806164,0.453805241741275,0.4485990477420295,0.4891515845762847
283.jpg,2,0.44180417775900827,90,0.02380869792765722,0,0.5902173832813419,0.534385154856881,0.5574541878886283,0.4389624185906726,0.4517700250823824,0.44929752556119174,0.4477148276943816,0.45433891925326075,0.4528348093083248,0.4547722415098434,0.44303030070733396,0.461252689858178,0.4485061766277867
284.jpg,5,0.5912091193175075,99,0.023556751831585673,0,0.5919925198627172,0.6228575358200249,0.5960610181832966,0.6544660714378654,0.5916598036274391,0.6225853618283028,0.6138825889956023,0.6010021791543823,0.6211921225367851,0.6199939973694238,0.6489604475449876,0.5907525366148414,0.6182339754119526
287.jpg,5,0.31936193750136427,90,0.023028191387083716,0,0.5919925198627172,0.6076562573317619,0.6133704947324093,0.4926659657304379,0.33493287967621754,0.33023672020502515,0.34349134204243503,0.330979004597469,0.32397631465766996,0.343551256985105,0.36718867563885194,0.33214747742297057,0.3368640311237301
289.jpg,2,0.7304042866453528,96,0.014948498229989662,1,0.5902173832813419,0.6116303681414551,0.6185542231041514,0.6719376006990658,0.6992371343042523,0.6844168988663736,0.6792984150497686,0.6924131804563164,0.6777811611448945,0.6775007772802913,0.6606827927795146,0.6814694119889588,0.6818576569580711
290.jpg,4,0.40872524803853594,96,0.023573723232822957,0,0.5902988745549166,0.5692995580231606,0.5739456150231198,0.48949423057073127,0.45373280415523354,0.4598274017638516,0.45641996995557166,0.4649534040648356,0.46045710263949313,0.45006113885998056,0.4585787766992054,0.45447663212307143,0.45812368585971164
291.jpg,8,0.5153671607549768,96,0.024668464838691267,0,0.5917396659930574,0.6044976702862346,0.5848768409242264,0.6204847919528169,0.5310579484728211,0.5690563081991804,0.5523220610833617,0.5932963415550887,0.592846484751876,0.5641511603348194,0.5880475698778619,0.5392938042711751,0.5714082846781393
292.jpg,4,0.7052007396142561,91,0.01899242520637581,1,0.5902988745549166,0.5809141131952237,0.56382129887623,0.5959893548574527,0.6787992195269037,0.6878533848733625,0.6706000625845995,0.6640659234745526,0.6784600334738696,0.6702030367591245,0.6795806985354136,0.68143671059592,0.679226723728981
293.jpg,3,0.5336633659071393,90,0.022289578350041805,0,0.5931047687926164,0.6131684631324913,0.6132414516209207,0.614014940102822,0.5081090991388002,0.5128823839468746,0.5066618404762468,0.5152372779852171,0.4965525791407168,0.4990055635240931,0.48768304230812404,0.5072222193540722,0.5082169763439037
294.jpg,6,0.5735343214480227,89,0.023959991304248026,0,0.5906865876237833,0.5815879886894518,0.5983204636171764,0.6131980594789979,0.588304732262879,0.5713425505843804,0.5906258050729191,0.6054699527396366,0.5994892921449922,0.603114255728186,0.6056978569889434,0.5568827837043971,0.5809841778286498
295.jpg,4,0.5590932764652136,95,0.020125009468772142,0,0.5902988745549166,0.5759113861582789,0.5796518824293098,0.6010259935505832,0.5733688356965485,0.5733895337065377,0.5833776605893138,0.5679220324489755,0.5778320313719354,0.5725281497961643,0.5766461433405101,0.5733918430319693,0.5783835971479258
296.jpg,1,0.6269909592254249,92,0.023816148897486338,0,0.590891107753822,0.5728992733708733,0.5736659370433713,0.6398266350914995,0.6354168315791916,0.6404149275406592,0.6365374547255458,0.6432791753402476,0.6402798670337708,0.6382370563785073,0.6332388463279464,0.6370239821872004,0.6384761911331025
297.jpg,5,0.6805026624556426,91,0.01972389755553174,0,0.5919925198627172,0.6263188433170476,0.5857585206172671,0.7124071842912507,0.7043917441615448,0.6990263849630511,0.7149753992644743,0.6855543272653057,0.7077967476370117,0.7043661003539663,0.7011349035762238,0.6822311863264983,0.7070008921137627
299.jpg,3,0.3836633663595421,96,0.02225115710973998,0,0.5931047687926164,0.5568245390944804,0.5631817557257126,0.4793203215168764,0.4670812372622388,0.44632779665687916,0.4476339140190345,0.47543830149278615,0.4535013156426886,0.46765242583597066,0.4587118957508638,0.46866886110040434,0.44730738467849573
300.jpg,2,0.4387842006630875,93,0.021076657340452686,0,0.5902173832813419,0.5462123977456725,0.551328763427935,0.48626804605489327,0.48583859388336764,0.48969161758608803,0.4809179926446341,0.4862285628638567,0.4781109875768745,0.48593580718155505,0.5232605804530255,0.4958541345770052,0.48530480511536106
306.jpg,6,0.5319279130663346,89,0.020127827585726878,0,0.5906865876237833,0.5462715734013768,0.5771896054427975,0.5149063975191455,0.5731054529147311,0.5644994710997199,0.5731575533805796,0.563919618868847,0.5719432348682755,0.5901216265553694,0.5424516042352725,0.5658995099230444,0.5688285122401497
307.jpg,0,0.6230551616012395,91,0.02099612797197843,0,0.5913887747061031,0.5954073986428587,0.5853074555572121,0.6085312366036506,0.6092063465454629,0.6133127513300238,0.6212562110225334,0.640591878025416,0.6268693780336579,0.6142745667462011,0.6137981009934214,0.6243231306370092,0.619270346099406
311.jpg,9,0.5160891078509545,96,0.02222614431612757,0,0.5918679684086793,0.5847678419379393,0.5924584375519146,0.5686525446702175,0.5952291590489542,0.566293983407058,0.579766427449819,0.5972954370319732,0.574620778073596,0.5783113808177802,0.5744873150384078,0.5821708018024018,0.5730302054284385
312.jpg,2,0.6923461988400877,89,0.018237651283255912,1,0.5902173832813419,0.6120341270191626,0.6281723583788795,0.7226957206426194,0.6621292039171102,0.6325637718075149,0.6384104487632772,0.6540238741111519,0.6592771859448814,0.6528587878815059,0.6227262152060636,0.6729067621031066,0.6354871102853961
313.jpg,2,0.5876787669749723,90,0.02061741816750452,0,0.5902173832813419,0.5573259761593443,0.5644027283468538,0.5583050677104278,0.5503987510338476,0.5561863360608279,0.5629716195967833,0.5510359782364943,0.5659293361954852,0.5660687824671623,0.5385749829657815,0.5539980914746956,0.5595789778288056
316.jpg,3,0.6434046616627564,93,0.01976295135713254,0,0.5931047687926164,0.5668452930483808,0.5748853776373253,0.5905835939389865,0.6899183821296121,0.6794867748300725,0.6870051029025077,0.6915913164492047,0.6835714937037637,0.678751307464744,0.6978431725970153,0.6909258808583786,0.6851255208843988
318.jpg,0,0.6129112901269562,99,0.02138334774390101,0,0.5913887747061031,0.6172208812443086,0.6137368157851069,0.5894150701875315,0.6156554500213194,0.6149970039828905,0.6118887952409856,0.6279397060172852,0.6084026042894171,0.6075836995732258,0.6132596850475749,0.6070831609520992,0.6126658474264619
320.jpg,1,0.7321118680164986,97,0.016352097263310456,1,0.590891107753822,0.6252562969448288,0.6138307790603655,0.6392159703195588,0.6919491812138673,0.6995010006231187,0.6984537651180073,0.6746074323170892,0.695658350903345,0.6871003076472764,0.6657034183925549,0.6918034064758999,0.698977382870563
322.jpg,3,0.39313055049224765,97,0.02306290802395947,0,0.5931047687926164,0.6028509348178264,0.621257982515967,0.5216524427032208,0.3110603968678329,0.3320954580500993,0.3541298012250088,0.2825573561534129,0.35021813053405865,0.329631904459317,0.37313672961849964,0.30782676730799274,0.34862121543128144
323.jpg,1,0.6148310695563626,97,0.02092617313508159,0,0.590891107753822,0.5710093511801178,0.5670575116093742,0.609973125336275,0.5645219799526149,0.5812423527513476,0.5738708652748057,0.5546586674970055,0.5739763871853132,0.585318927319552,0.5616862970598152,0.5658989611008142,0.5775566090130766
325.jpg,4,0.7492466605794819,92,0.018567006419930736,1,0.5902988745549166,0.5807835002326558,0.5709390485037342,0.6166320506751654,0.7493835038142207,0.7597657567507866,0.7409167444294983,0.7276873986341854,0.742246509801267,0.7496370719982822,0.7070085720082013,0.7391059112877434,0.7503412505901425
326.jpg,1,0.5378133567258161,94,0.021239673738018317,0,0.590891107753822,0.5400343439571941,0.5633489800931867,0.490374083765978,0.5144701301691753,0.5230107179369549,0.512916642355651,0.4976960605094708,0.5300527312133787,0.5149323380799269,0.5331934101345098,0.514853187329091,0.517963680146303
327.jpg,5,0.770107901916745,89,0.02191197104052622,1,0.5919925198627172,0.6225155538515715,0.6014952677232218,0.6284526817161373,0.713729022467873,0.7470542966084852,0.737753985903447,0.7097943290567367,0.7377989451776528,0.729960831672541,0.7145472915391448,0.7214979167351999,0.7424041412559661
328.jpg,8,0.3485359162874916,94,0.021105606880625533,0,0.5917396659930574,0.618312166962963,0.6439483177007979,0.5842397260577472,0.36336944686971023,0.35252515477576263,0.3630611859795907,0.383072800679377,0.33449533626185946,0.37230648067326527,0.3955196815864666,0.36875035591793415,0.35002722567240424
329.jpg,9,0.8404662939269216,93,0.020927772942330766,1,0.5918679684086793,0.6545419415286561,0.6216061270683102,0.7676544247857142,0.819138757967687,0.8024732740032628,0.8016944491538941,0.8057447988457309,0.8086734091090758,0.7919766586631432,0.7925102913761912,0.8078839935748003,0.8020838615785785
330.jpg,5,0.6963877664817558,91,0.020778438809604137,1,0.5919925198627172,0.5636746313333824,0.5835288242689681,0.6081177498855519,0.6273465790452217,0.6421779644479559,0.6387372823788442,0.6358469429312945,0.6403529398094454,0.6419233941058062,0.6633925577867846,0.6419792522885936,0.6404576234134001
331.jpg,9,0.44788952580604113,95,0.025175919773551454,0,0.5918679684086793,0.6323905471802719,0.6472238593868228,0.565866881159077,0.45063949822612803,0.41875769027535725,0.4372674673675149,0.4484270557389522,0.44858785428355474,0.43866488102621587,0.4225789188712109,0.4241402766704051,0.42801257882143606
334.jpg,0,0.6153725897011004,95,0.018116951722313694,0,0.5913887747061031,0.5673940263390002,0.5843587520113587,0.5865404940002897,0.6383959341210351,0.6302521452867381,0.6441198682678766,0.641732199222595,0.6441581461637776,0.6449694766898921,0.638558687358577,0.6462506821171691,0.640652937522592
337.jpg,4,0.5704194010298155,89,0.020594822348599065,0,0.5902988745549166,0.5475211054497345,0.556864707928324,0.5705577255223384,0.5976732643329109,0.5947167283986928,0.5684719988317756,0.5673446546725628,0.5832847248751111,0.5642806582977546,0.5593654470667112,0.5918964920028442,0.5815943636152342
338.jpg,6,0.44807480888234247,90,0.024758437903136706,0,0.5906865876237833,0.5800819829251324,0.5909295616722677,0.47919644666082256,0.5277208436359301,0.5105829275064667,0.49198368246042945,0.499208089585944,0.4817126094777754,0.5396547224637924,0.4125503849044723,0.5271422313620185,0.5012833049834481
339.jpg,9,0.42405358393512227,85,0.024116344306229314,0,0.5918679684086793,0.5544643632169305,0.5978645129601109,0.49049131912260474,0.46755912669594113,0.4091984967843,0.4440031501801861,0.414979962842967,0.42793215833187304,0.4257980647954713,0.4342531450757126,0.44574052609908277,0.42660082348224304
341.jpg,7,0.4511625317783419,89,0.02218379080706762,0,0.5898993401072392,0.5624799419103069,0.575252148780258,0.5151833285794414,0.47810689556029173,0.5134053470515259,0.5097014237412667,0.46592489323296515,0.5104811258324414,0.5150219759070561,0.477324796824646,0.49848617065421685,0.5115533853963963
343.jpg,4,0.8276327515010383,88,0.02156127614314925,1,0.5902988745549166,0.6511464960857384,0.6348106262608076,0.7285015270133985,0.8390587733282653,0.8478723772065336,0.8264242411576065,0.8168381999953751,0.8356671630614091,0.832185981738844,0.7970915800783441,0.82883594326573,0.8371483091820701
350.jpg,5,0.5964548048783614,93,0.022689251831777047,0,0.5919925198627172,0.57916634700788,0.6243338223655203,0.6280471575197308,0.6177527999231456,0.6081344023280937,0.6178376453591734,0.6257034251165918,0.6463522222022671,0.638193211850909,0.6017107195807601,0.5723531097269617,0.6129860238436335
356.jpg,9,0.6399639968665063,88,0.021355141314811348,0,0.5918679684086793,0.6322655187106633,0.6234067926984261,0.6651610325961296,0.6081774918122125,0.5883611165333501,0.6088231391454545,0.5952969049975869,0.5754679068440615,0.6021832853803082,0.5377737522139946,0.6299989628986177,0.5985921278394023
358.jpg,7,0.6528246943893679,85,0.024423555208837686,0,0.5898993401072392,0.5300762569380204,0.5167546647183505,0.5719223251853733,0.6705062087489231,0.6751689155224287,0.6723511545973047,0.7346615624911209,0.6698584381371633,0.6821564654398203,0.6873347197985388,0.6769629500646449,0.6737600350598667
359.jpg,1,0.7935538130386316,94,0.024211051076584725,1,0.590891107753822,0.6564534879725124,0.6211311373538351,0.6834567301252785,0.7214256404332224,0.7551929611800168,0.748156513679488,0.7405357777985737,0.7615384497390171,0.7486449022122661,0.7815173931365362,0.7196256426806085,0.7516747374297523
361.jpg,0,0.5916917781122839,92,0.022914228283770245,0,0.5913887747061031,0.5451739888650077,0.5597808487182312,0.48287060311003605,0.5598903920719456,0.5536860308184841,0.5747900754090317,0.5600010384651896,0.5617157969810651,0.5715331272139972,0.5275978556519306,0.5746402159470266,0.5695140642613948
362.jpg,8,0.4722994747100754,89,0.02431071476117706,0,0.5917396659930574,0.574991631008537,0.5886481712102781,0.5615108142727634,0.4693321037453806,0.4947777914289595,0.49064502924512476,0.49989550698746943,0.47449040230500006,0.4869326556823156,0.5164939618696696,0.48867553206966285,0.48663774099302803
366.jpg,8,0.5819392280503252,87,0.022686849661711802,0,0.5917396659930574,0.5919686773267044,0.5976459813027374,0.6383944666837247,0.5690500019077952,0.5861136672098624,0.579122657503861,0.5499361987747444,0.5856774532804472,0.5823732046393467,0.6098256384398172,0.5801404733489749,0.5836379259980569
367.jpg,7,0.730660427566413,91,0.017600585151742835,1,0.5898993401072392,0.5921405419049686,0.6004380301964372,0.653720321108768,0.6846676833754383,0.6955374936016145,0.7007125099900753,0.6792344539348206,0.7109952769125956,0.6976503029880583,0.6965805290117497,0.6874839588977205,0.6981250017958449
369.jpg,8,0.49781256917387595,86,0.02757250571542357,0,0.5917396659930574,0.5993475976777932,0.6117110586470377,0.67542745062605,0.5372689904405056,0.5537821524348636,0.5556007936595728,0.616081111552257,0.5485297906721376,0.5587102775462174,0.5725761121188235,0.5324257325887379,0.5526375789221913
372.jpg,3,0.7046204602092873,81,0.017739593458845997,1,0.5931047687926164,0.5941614454061409,0.5920730186081361,0.6550399127335635,0.6204620392395153,0.6318691405733251,0.629311574622533,0.6013341771636047,0.6262141704002105,0.6319875299195378,0.6179334027466528,0.6186026301925042,0.6299509661102309
373.jpg,2,0.7111822915427825,85,0.01856924170022755,1,0.5902173832813419,0.588602059343001,0.5774105504733266,0.6105275263123998,0.6980132941556345,0.7044497588117264,0.7060357445114386,0.7007316039381102,0.7202690121404716,0.713768110408444,0.6841279975139208,0.7095782050380003,0.7052427516615825
374.jpg,3,0.6173656678423705,89,0.02243444167928666,0,0.5931047687926164,0.5792613651057739,0.5840024690988442,0.6027636900692643,0.6303159872503117,0.6266129477437792,0.6244935856278316,0.6312573986972545,0.6325759309427985,0.6278335821338111,0.6555955123428726,0.631851217754613,0.6250234261568185
375.jpg,8,0.6068069281987846,80,0.025404797881732707,0,0.5917396659930574,0.5996220587760369,0.5981095905520051,0.597400197180018,0.5884263222947251,0.6082899779781534,0.6010734108276932,0.5991746944135494,0.6132200966529457,0.589797590187687,0.5780842980378156,0.5979983043535183,0.6075278284862641
380.jpg,2,0.5435418521149338,88,0.024328038653576124,0,0.5902173832813419,0.5813740115379199,0.5978501204127898,0.6036731232882854,0.5730748218369288,0.5838918105446528,0.5836865823463148,0.5946599880525921,0.6019777863210366,0.5888459289987212,0.6109625415684897,0.5837031346745482,0.5837891964454838
382.jpg,0,0.5335966144071034,89,0.023343861940481412,0,0.5913887747061031,0.5944560491482067,0.5954665682793862,0.607753486011561,0.46165073713720606,0.4732771553114731,0.49075244034596455,0.49340238313870405,0.49503952476758967,0.49161306917874004,0.5076579399684892,0.48431753264411204,0.4863836190873416
384.jpg,2,0.6859810972924937,88,0.021677839755452323,1,0.5902173832813419,0.5785759250413558,0.5723583936670169,0.6066452710201626,0.6769312393571337,0.6880902299054168,0.6951819729265155,0.6592436530963919,0.6839342867055509,0.689141891883445,0.668597994879425,0.6809534463642295,0.6916361014159662
385.jpg,7,0.6932440279161229,85,0.02208751297834995,1,0.5898993401072392,0.5764693970069493,0.578601554402222,0.6458259745941479,0.6742799628659123,0.6611385689295037,0.6557046921229635,0.6570287624378965,0.6640590955695573,0.6656161938513646,0.6805029384231205,0.6584627233305064,0.6584216305262336
388.jpg,0,0.6759513243135199,83,0.020461154687417143,0,0.5913887747061031,0.586567265057132,0.5787565635258759,0.6152691969755129,0.6342625897355938,0.6478534193329955,0.6455533379631531,0.6244082541680892,0.6569357429078433,0.6491081618102409,0.6750012591783021,0.6184309299623751,0.6461283583056137
389.jpg,1,0.40061881172005087,80,0.02836111534743768,0,0.590891107753822,0.5843928854209832,0.5983134859533952,0.49247348511148314,0.4507278669554357,0.4502682458737749,0.44693097266847875,0.4595209319802109,0.45285817642232573,0.46933589330565095,0.48332515252631403,0.4495946514374689,0.44859960927112685
390.jpg,3,0.5554694038737251,83,0.023988398881183558,0,0.5931047687926164,0.5601832447135893,0.5823901789513433,0.5453430432481239,0.549805431506223,0.5521464225526724,0.5613567185491803,0.5886675097509345,0.5706005967653207,0.5792934551477681,0.5638212755936626,0.5557915729395991,0.5590541445500534
395.jpg,3,0.5119261901815083,88,0.025240214891853,0,0.5931047687926164,0.5922468972048368,0.608234562383728,0.5250224521195559,0.5561538705493626,0.5653198809869826,0.5574274200116438,0.5636332058853956,0.5554435064301173,0.5642805905792146,0.5433158962586627,0.5514234952788615,0.5594005352554785
396.jpg,2,0.37176428561334507,83,0.026219686355101825,0,0.5902173832813419,0.5558437573331194,0.5796704953793641,0.46652032460725334,0.3563043629866498,0.33060691511816326,0.33466076148434654,0.31880258213699675,0.3346245847161313,0.34822262573675955,0.41194168832849604,0.3339899932934281,0.3326338383012549
398.jpg,3,0.7026790864327375,85,0.02321372229727071,1,0.5931047687926164,0.6326233569387225,0.634021348758735,0.6776361371274229,0.7429464661371047,0.7536272686246317,0.7584021176032414,0.7550457106444073,0.7550404742593142,0.7576236366491461,0.7788809513725443,0.7418630587523869,0.757208405358589
402.jpg,7,0.44643922178747963,83,0.025138914524665695,0,0.5898993401072392,0.5546591913884182,0.5626985226442548,0.5089611440274018,0.4139815070836407,0.4047504223846605,0.41872859008166063,0.4419367802090608,0.4341635566594286,0.417792535021267,0.4323001473594914,0.4296539105254499,0.4117395062331606
404.jpg,2,0.6910369971865102,95,0.02036544520542547,1,0.5902173832813419,0.5736283173706469,0.6003871863311274,0.6176319343041203,0.6782463034548608,0.684249132894963,0.6811165312623824,0.684767753091343,0.6875456999277773,0.6811650952764936,0.6901226736179109,0.6762206230715222,0.6826828320786726
405.jpg,9,0.49399265759948935,89,0.02265102145581285,0,0.5918679684086793,0.5895815520949426,0.5815483778848954,0.5640837360905512,0.45251839405972416,0.4504678588362562,0.4502147756386973,0.45436201995012415,0.45757155130522886,0.45553628263538676,0.4610867165405156,0.45882203197675353,0.4503413172374767
406.jpg,5,0.7865462951800403,85,0.023397386988512063,1,0.5919925198627172,0.6095554721926187,0.6089570012286181,0.6953251029202011,0.7988497816913755,0.7893201880033618,0.8040942074092494,0.8018644388637239,0.7827709059736219,0.7979772275496906,0.7983520260178278,0.8181565536553161,0.7967071977063056
408.jpg,4,0.7203242274431082,91,0.01871724789464694,1,0.5902988745549166,0.5446041231644542,0.5508285118067584,0.5780884876354426,0.7432653198628125,0.723468129048824,0.7409780657804527,0.7446829816165547,0.7254748616954286,0.7300367759075963,0.694770984817727,0.7455324830937028,0.7322230974146383
409.jpg,0,0.4476853083705882,74,0.0289401975239727,0,0.5913887747061031,0.5730371632705246,0.5939103995168629,0.5924410820898678,0.5516462685684469,0.5247578805235539,0.5438480519777766,0.5940252304984859,0.5695001578772395,0.5605066854771612,0.6020734745902082,0.5569746526315974,0.539075509114221
410.jpg,8,0.5565430023763553,83,0.025814790417555647,0,0.5917396659930574,0.5926099240176446,0.5926373771988334,0.64594310266535,0.5496738384790344,0.5638991367713888,0.5656787361824197,0.5504703115850489,0.597819129480383,0.5545029068071018,0.6067473404381839,0.5365367579895725,0.5757990008113971
411.jpg,4,0.46014216699852395,78,0.02868371980651021,0,0.5902988745549166,0.5928846732274504,0.5914389633228456,0.5887696357814494,0.5279552374249736,0.5198500943318493,0.5002626616758267,0.5069185833549255,0.5077262205549312,0.5033963461424849,0.555143473718024,0.49324182289081797,0.510056378003838
413.jpg,0,0.6764909004749253,86,0.020048439188100394,0,0.5913887747061031,0.5897311826764116,0.5879013242894292,0.6074037617290773,0.6356479693485048,0.6429988023020774,0.6425994355729251,0.6223826820547541,0.6456261339345943,0.6395255462973042,0.6898295341395435,0.6313365708401173,0.6426992772552131
414.jpg,7,0.5203776151364192,86,0.026071043361430887,0,0.5898993401072392,0.5983450852945242,0.5983865409674282,0.4263601400256727,0.42734185553553883,0.4517605395088413,0.4627631232575151,0.4281607628635913,0.4533178599481007,0.4644818550971135,0.44612072186066604,0.4529696046706845,0.4572618313831782
416.jpg,4,0.6535163813645077,97,0.02110772831630993,0,0.5902988745549166,0.5551394002429567,0.5595114122218375,0.5657234225667434,0.7330489770244898,0.7217576024481559,0.7135678125811044,0.7118889865809657,0.7025864633575162,0.7058053381749223,0.6959304172309403,0.717013441369386,0.7176627075146301
417.jpg,2,0.5754950464787808,88,0.02134022435320665,0,0.5902173832813419,0.5386748286924201,0.559750757845275,0.5431922540636716,0.6066023122802904,0.5948080602096066,0.6062470259808667,0.5923584581808856,0.5919743913009912,0.6019673329842666,0.590841305513247,0.616605310695878,0.6005275430952366
418.jpg,0,0.7499146390406565,87,0.02188810069644631,1,0.5913887747061031,0.642023013607298,0.6072094980976042,0.7373980307099739,0.7917538890764992,0.778144900293821,0.7827135542376358,0.81660722777001,0.793960262338459,0.785546343230763,0.7637487453131669,0.7978763122978025,0.7815713907516821
419.jpg,1,0.6284928461329804,90,0.029252077607968687,0,0.590891107753822,0.6329533643031661,0.67128399510993,0.5941967759421111,0.5577818907801451,0.6052126635731897,0.6121673015496047,0.5424973579898579,0.6177857275738275,0.6066361091939779,0.630345090288995,0.5585752376219373,0.6086899825613972
424.jpg,0,0.6947628940014463,76,0.023651664076309312,1,0.5913887747061031,0.5853742899626513,0.5824227373156273,0.5835290750555533,0.6550490952934038,0.6669085074364816,0.6673159845537092,0.6445219872741427,0.6580774476523131,0.6790953427283113,0.6782014502008267,0.6538772639669819,0.6672141152744023
427.jpg,7,0.49144914212890645,88,0.025048245425258176,0,0.5898993401072392,0.5716627125890534,0.596588284603406,0.4579761306348492,0.49906754294382805,0.5042381641911025,0.48844014358662413,0.5053689524943862,0.48488734501559294,0.5027902056210921,0.45040241211154186,0.5077975023014735,0.4963391538888633
428.jpg,5,0.6101627375545173,87,0.022738256502435224,0,0.5919925198627172,0.5870954464334227,0.5789657298190275,0.5809039163778703,0.6601506925234556,0.6386756215860774,0.6490343691328877,0.6491747848246734,0.6494794035445393,0.6507569224501768,0.6624188707342445,0.6548273027059488,0.6438549953594825
429.jpg,2,0.7484020482324347,79,0.027108927343502134,1,0.5902173832813419,0.6609499426419593,0.6389746097129112,0.7813086641296987,0.7616969432622189,0.7897879587878374,0.7638546766897641,0.7725038652680718,0.7977702497770145,0.7603951211434183,0.688334345518963,0.7838046405371932,0.7768213177388008
432.jpg,3,0.643625471200564,81,0.02413803002837376,0,0.5931047687926164,0.5916582529020291,0.6033184776676557,0.5894800271837682,0.658558792641852,0.6341552112777411,0.6366656608640877,0.6610298549808387,0.6408292644241433,0.6489548962787703,0.6516998482400375,0.6620348562050611,0.636038048467501
433.jpg,0,0.65333840637826,78,0.02534671645464207,0,0.5913887747061031,0.540439005666234,0.5539589506836503,0.5322848910432688,0.7022602065649437,0.684369711984478,0.6793783931237193,0.6995148262345243,0.6874026054706344,0.6822358959635969,0.6907068991892006,0.6900427454443567,0.6806262228389091
434.jpg,8,0.6900315037505194,88,0.021889099745732547,1,0.5917396659930574,0.6220532668379667,0.585185378985954,0.6830845298043363,0.6600129540680928,0.6731714636637853,0.6788790435530155,0.6239699980345356,0.6764899810409053,0.6590412088160137,0.6099511698711869,0.6718256421766764,0.6761801627525688
435.jpg,6,0.6606823323541376,83,0.023082276032596678,0,0.5906865876237833,0.6269107934331332,0.6238996769969615,0.6854156675243847,0.6425018201341829,0.6617068249355081,0.6593688063315876,0.6273648050287816,0.6458964490843588,0.6543098571596014,0.6071802080802396,0.6712342497858853,0.6605378156335479
436.jpg,4,0.5973597303446796,72,0.025707866298509456,0,0.5902988745549166,0.5412027125082267,0.5601208191589757,0.4636644727907981,0.5640169555847581,0.5534046582569431,0.5663179822033427,0.5668943619108565,0.5619882511296511,0.5750782976427912,0.5714494495115124,0.5914614479061605,0.5598613202301429
437.jpg,0,0.5798907472655691,87,0.025428475634617677,0,0.5913887747061031,0.54358883529948,0.5876926097475864,0.5177860445077765,0.5753727049505128,0.5543655039981977,0.5580028359171532,0.5731961510370015,0.5542192284450873,0.5585141213783398,0.5426478435648734,0.5606133546211851,0.5570935029374143
438.jpg,8,0.6649026933243904,87,0.022002053146061015,0,0.5917396659930574,0.5806549997398522,0.5821181432770601,0.6037791241929745,0.7096474231476331,0.6914901305274455,0.7105629319359248,0.727854565668412,0.6558576045809426,0.6997166033553822,0.6992695268532789,0.7229518647097434,0.6859702223481042
439.jpg,7,0.6807457324355206,94,0.021636150312007586,0,0.5898993401072392,0.5424173685444252,0.5758082214021866,0.5878383296722774,0.707214007266254,0.7244004181855477,0.7224428131969276,0.7459051768158891,0.7210254349446983,0.7201236898576716,0.6999279404989861,0.7189526301309357,0.7234216156912376
443.jpg,3,0.4482673263177276,80,0.026598055179515256,0,0.5931047687926164,0.6266293132450247,0.5954056239185127,0.6028322559435737,0.4751507857809795,0.4552016596373112,0.4634887050456381,0.4582879943350855,0.4574870122442143,0.44698186781319893,0.4723728638250422,0.4740963742373668,0.46141694369355635
444.jpg,5,0.722654404562144,84,0.018131400784531113,1,0.5919925198627172,0.5754276966342043,0.5670579073809661,0.621342940656785,0.7224723567398706,0.7276780021648253,0.725494112450702,0.7234755908914441,0.7192473208367587,0.7180242498424825,0.684461286811054,0.7167567083331732,0.7265860573077636
446.jpg,7,0.477352907147858,87,0.023709798076910676,0,0.5898993401072392,0.4977297785546547,0.5282571550344884,0.40674210953434276,0.4536913379444214,0.43674184152010476,0.44722843320856054,0.49081797072532085,0.4441731475592732,0.43595033449500864,0.46635137956410494,0.4665490897482569,0.44198513736433265
451.jpg,1,0.6391089106153232,80,0.026950818523053123,0,0.590891107753822,0.5890417977651687,0.5809749405788902,0.643806535287447,0.6363051864578689,0.6895876014621121,0.6820163898274559,0.6089223095035458,0.6901241389977057,0.6949082790530589,0.6904907490248888,0.6338171270067368,0.6858019956447841
452.jpg,6,0.6553972493402842,82,0.021803882741385543,0,0.5906865876237833,0.6031361612156232,0.5849510321681763,0.6532628190574746,0.6537369374210743,0.6354778258096775,0.6428953527944065,0.6437658099046366,0.6373814849465094,0.647104338605757,0.6941623951363658,0.6449114935536515,0.639186589302042
453.jpg,7,0.7713098819742258,87,0.024907193525480546,1,0.5898993401072392,0.5954133444085975,0.6224912324672733,0.7103189375303501,0.8145116416767638,0.7624607918792936,0.7709870290014083,0.7778151941685388,0.76565545154348,0.7828387621005165,0.8018420242552011,0.8187472446205185,0.7667239104403509
454.jpg,4,0.5326839115981373,93,0.026095110719426214,0,0.5902988745549166,0.5837372653079161,0.6002190466113363,0.5173692001113265,0.5347323028154476,0.5519436285932698,0.5628491886820454,0.5429486927657214,0.5536684128961948,0.5504275691167586,0.5841808850458744,0.5306284872419105,0.5573964086376576
455.jpg,1,0.7035558379145079,93,0.021263113750689587,1,0.590891107753822,0.5442939570096811,0.5748617295608027,0.5824768760814538,0.7389854831106044,0.7274029594500379,0.7249396486962574,0.7024897639350692,0.7186028503556368,0.7436609135908264,0.7056798280191543,0.7408993784192255,0.7261713040731477
456.jpg,8,0.5938291513296061,86,0.0226422184339377,0,0.5917396659930574,0.6233314597408212,0.6105219391028365,0.6427328965560579,0.6228531697774673,0.6449762158893193,0.633358653274998,0.6525547181864357,0.6368280459799756,0.6312217465530843,0.640534737706931,0.6327570873268692,0.6383876383814309
458.jpg,4,0.6049993880277063,81,0.023112574954587205,0,0.5902988745549166,0.5604677230875025,0.5591569385667119,0.6140226437120225,0.661227577825863,0.6689847582956489,0.6675468568107877,0.6679687583215521,0.670472643983548,0.6664059420128811,0.6526394844628254,0.6628853887529289,0.6682658075532183
459.jpg,2,0.4723937109441442,85,0.026592503547086928,0,0.5902173832813419,0.5461669244260925,0.5604513464007697,0.49848466834013866,0.439851259257714,0.44800201288138763,0.4447326069911034,0.4482975691590291,0.45575350064910664,0.44401251235991734,0.43531685229500616,0.4508881676828451,0.4463673099362455
461.jpg,8,0.45353285158688034,88,0.024819816746266283,0,0.5917396659930574,0.5854272186806307,0.568983990519505,0.4787153362011708,0.4304759602965792,0.3891817472564838,0.40012279657194405,0.45238387821221737,0.39729181743013764,0.4135400223740765,0.42394342568388754,0.4106428884469314,0.3955321204195218
462.jpg,6,0.6583020352255339,87,0.023503100473281052,0,0.5906865876237833,0.5638751275170387,0.5687437513119318,0.5147279531336002,0.6162441704946474,0.6068171239909229,0.6117055673122788,0.6112548842284589,0.6039876008469653,0.6079074591370226,0.6252570883513322,0.6089513694859477,0.6092613456516008
464.jpg,3,0.5572436573519104,87,0.02374487200785705,0,0.5931047687926164,0.5545338105716261,0.5584145244734489,0.5503982061413992,0.5458293112232252,0.5387210606475614,0.5479298328104087,0.5603730240911265,0.5491334561487312,0.5487419545985417,0.5643175656504392,0.5462046754320928,0.5456276397696969
467.jpg,9,0.6186925897217659,83,0.022454842904881724,0,0.5918679684086793,0.5502217000609919,0.5695592022297045,0.5108644457768707,0.6348668960858471,0.6188933115448744,0.6102429857257851,0.632915287143519,0.6075216836118448,0.6644259228009795,0.6620023772079897,0.6331916968425235,0.6145681486353297
468.jpg,5,0.4724972490163773,81,0.025142387906682915,0,0.5919925198627172,0.5863822340386877,0.5792538734102713,0.5918338138647024,0.5861711551180188,0.6083873455848336,0.6135564049183233,0.6319804715710974,0.6081769117003148,0.6126787731663224,0.5888376343693399,0.6213357644313435,0.6109718752515785
472.jpg,9,0.5253025288383166,90,0.02377746743519061,0,0.5918679684086793,0.5886887849387772,0.5875966977429187,0.4558691864988448,0.5161879380979846,0.5128584323818625,0.5011337279782612,0.5071129087980066,0.5019653012726208,0.5099422173711607,0.49742373519950134,0.5134699464578657,0.5069960801800618
473.jpg,2,0.48423658154512705,76,0.0306278211511312,0,0.5902173832813419,0.6236035436327022,0.647459442984565,0.5164485001751724,0.5276903509821562,0.5337467988911437,0.49444157069113814,0.5139907371514673,0.5091425401194213,0.5204760494575621,0.49107712922150315,0.508126597555494,0.5140941847911409
475.jpg,6,0.681295152652908,74,0.023718167513164117,0,0.5906865876237833,0.628862827568857,0.6247571018151977,0.6598504131517638,0.6894216570706633,0.6736687008259682,0.6722940855902274,0.667493640191031,0.6638538362009838,0.6880070619671493,0.6896096184359567,0.6879643276980832,0.6729813932080978
478.jpg,8,0.5796039588252704,75,0.02267643168856237,0,0.5917396659930574,0.5994556302377402,0.587026546197388,0.6095464369253799,0.5498216522983799,0.559120795476084,0.5541777640829284,0.5205479740592638,0.551973315438169,0.5494860374100917,0.5326168926382627,0.5554370286077033,0.5550906249990604
479.jpg,1,0.6617997207596332,79,0.020186198778521455,0,0.590891107753822,0.5782583197694423,0.5731064801593463,0.616018726539202,0.700442538131927,0.6963439278074398,0.698640862877271,0.7030972871189147,0.7004231116187442,0.6875985561202103,0.6961450557579695,0.7016750508243176,0.6974923953423554
481.jpg,6,0.7076732676476241,80,0.018589905752425105,1,0.5906865876237833,0.578607125040332,0.589500019525449,0.6449619591107726,0.7260748994249453,0.7255435455597993,0.726104448014199,0.7175672002276486,0.7237741209545775,0.7380228122256676,0.7074273742220609,0.7085225204717567,0.7258239967869992
482.jpg,9,0.4101838749456441,84,0.024070100586860012,0,0.5918679684086793,0.517040125289669,0.557463801943483,0.36013194619756633,0.4291428671889972,0.43169727722572404,0.4482007559856004,0.44596352180523036,0.4262015013956014,0.4159660663734807,0.4646525029874965,0.4478064995074166,0.4399490166056622
483.jpg,3,0.5664955373439524,81,0.02110106940990554,0,0.5931047687926164,0.5518870440608539,0.5670922246429235,0.524632446517228,0.5596704369363049,0.5629075372996616,0.5605879895683898,0.5473996463981875,0.5519927407223686,0.5586303851560331,0.5522381192119536,0.5625561029592532,0.5611678765012078
485.jpg,0,0.4152629537834459,77,0.02642507920356461,0,0.5913887747061031,0.5358058774971926,0.5483910933042454,0.43750011831175184,0.4335646173239276,0.42501059903336563,0.42310086214487985,0.44142909490147375,0.42707353570077466,0.42298049991779985,0.4473723822676522,0.4305532691416803,0.42357829636700134
486.jpg,9,0.5306808476646742,81,0.02509758480843767,0,0.5918679684086793,0.5458968101524129,0.5552278339053923,0.5728235634376891,0.5042008450178485,0.5414579157544505,0.5385545561832396,0.5292365164083412,0.5598111320503852,0.5141302609726901,0.4759211812667778,0.5227486403206199,0.540006235968845
490.jpg,0,0.5174048942954916,95,0.021436798561541893,0,0.5913887747061031,0.5669780424994273,0.5789340798835347,0.6062428108800094,0.5104513777948196,0.5587996654104017,0.549642427416936,0.5263699650278697,0.5718128841435908,0.5530495126127665,0.5561066277229146,0.5240316945594551,0.5519317369153025
491.jpg,3,0.4951027372191029,93,0.022564545105780952,0,0.5931047687926164,0.5655397824072652,0.589142847699298,0.5445910997519003,0.532097680901184,0.5003717188742351,0.5329444328438642,0.5405881872409724,0.5371787630491671,0.5356786848783277,0.5646310571536041,0.530931770630585,0.5248012543514569
492.jpg,5,0.43447546825189604,89,0.022065955039224677,0,0.5919925198627172,0.564942956958884,0.5714785718791097,0.5700510092396904,0.5005340325589152,0.4795658531690239,0.47706727768491985,0.4609161372747005,0.48709034966324616,0.48906698174098956,0.4692398464456175,0.4728548526787739,0.4783165654269719
493.jpg,8,0.6824257388710976,80,0.027065607833002638,0,0.5917396659930574,0.6321483244735211,0.6273176075192898,0.5512366905393006,0.5666803933281648,0.6346887552850802,0.6331748052043611,0.5526656576953297,0.6705790391258979,0.6363623700395529,0.6517690152929299,0.5766745270173461,0.646147533205113
494.jpg,2,0.5438299950484823,82,0.023514547185983312,0,0.5902173832813419,0.6040401432421809,0.5898019064070494,0.6214204377335053,0.5778373687536414,0.5557685461881229,0.5517705445604022,0.5554630299470302,0.5464162063021973,0.5493877178321785,0.5295934075815789,0.5611465110587301,0.5537695453742626
495.jpg,7,0.48503339005265994,86,0.02486760322807476,0,0.5898993401072392,0.5592162140559356,0.5576883571700137,0.5170567355634434,0.5261045902729733,0.5044560145817858,0.5111118526315677,0.5315936255599077,0.49428872295260873,0.49713505050786544,0.5159249837311664,0.5335620556811459,0.5077839336066767
496.jpg,2,0.6568650852843939,83,0.020765913108897225,0,0.5902173832813419,0.6262462329267502,0.5939052310893137,0.7034201640256268,0.6952516262695969,0.701102473569668,0.7044273607526648,0.6892754597892322,0.6990727842773934,0.689872320905879,0.6998310582902306,0.6853523848917138,0.7027649171611664
497.jpg,0,0.5359930099974222,85,0.025015847352183398,0,0.5913887747061031,0.6216897679005843,0.6184731861640457,0.5649345055336514,0.503803925846355,0.5305030761449563,0.5282486578710718,0.5398408345998045,0.5343818950512181,0.5372207046282678,0.5932395963419443,0.5174729356025514,0.5288122624395428
498.jpg,4,0.4745914362124111,83,0.024435901810937116,0,0.5902988745549166,0.5836856672275275,0.5723950672622675,0.4983899617917625,0.5042085072927291,0.48488993933196267,0.4634848901566627,0.4703281709623087,0.47136522777941636,0.4685225583476188,0.4560129397014202,0.48170662123453906,0.4741874147443127
499.jpg,4,0.6486401791814007,79,0.021741571570085858,0,0.5902988745549166,0.597738225616143,0.6113976500961877,0.6664940264367469,0.5233673188298615,0.522233275675083,0.5427358269488612,0.5626923140572806,0.5456286229390515,0.5411695223122447,0.5625099959868047,0.5221240307914022,0.5324845513119721
500.jpg,2,0.3617574250267353,80,0.02734876285501608,0,0.5902173832813419,0.4746398669750202,0.5311697208865976,0.3896009276268106,0.39073371432125714,0.40051615610032587,0.3963938495040494,0.38747954232504883,0.4083074110090795,0.4208062085937041,0.4146264099849468,0.3989152470171109,0.3984550028021876
502.jpg,5,0.649946316986917,83,0.023197309884976633,0,0.5919925198627172,0.5756023774238802,0.5975300096559687,0.6200469419404607,0.7274403342284474,0.711569711484191,0.7125206598024554,0.7387823008015102,0.7064431185748068,0.7196843947121739,0.69396066609838,0.7305467559414565,0.7120451856433232
503.jpg,6,0.41153680303376977,92,0.02214235622667048,0,0.5906865876237833,0.6242275367726382,0.6030648068793519,0.560899738764324,0.408975341946769,0.4079198771452336,0.41935822323683036,0.4182701393378222,0.4186000981517718,0.39553135289823094,0.4070111326475082,0.40852324136023827,0.413639050191032
506.jpg,2,0.8367589830031877,79,0.019631321653221186,1,0.5902173832813419,0.58186040550245,0.5949197577971438,0.7809283146918022,0.8814708334814855,0.8073211877166858,0.8051046159343312,0.881594629480859,0.8150557080599903,0.8063464493879511,0.7841092090595855,0.8883312578496809,0.8062129018255085
507.jpg,7,0.6625787564976648,88,0.020274654628346274,0,0.5898993401072392,0.5501610934434144,0.5603250718863656,0.5779562665949705,0.7019327810890162,0.7018246688287579,0.7079518185727522,0.6922541574490158,0.7066541542665092,0.7169756081829056,0.6939280334677211,0.7154424030016121,0.7048882437007551
508.jpg,1,0.592326729092747,80,0.020501474516067816,0,0.590891107753822,0.6168643797999114,0.6083161033495693,0.5991599409015953,0.5941596365822426,0.6228412602747918,0.5981297416327634,0.5980513127299641,0.6000761732285029,0.6184792943242584,0.5553036409681174,0.5939358997414633,0.6104855009537776
509.jpg,6,0.378621196443284,81,0.023873133575978867,0,0.5906865876237833,0.5944824465873132,0.5715435622455126,0.5660961990723453,0.3641236465122754,0.34338879479572626,0.37588272195854666,0.3723702099745432,0.36388015986786537,0.3549151596363338,0.37746405677202327,0.3710080273617958,0.35963575837713646
510.jpg,4,0.5432343199849129,90,0.020303321953900635,0,0.5902988745549166,0.5787763324728137,0.5545873093309156,0.5283359166538089,0.5350264073555512,0.519362522003496,0.5056262900097787,0.524489667951924,0.5271845852382361,0.5269319958549905,0.5308436389590877,0.5327049605332976,0.5124944060066373
512.jpg,7,0.5690654442622894,82,0.019854066786270812,0,0.5898993401072392,0.5250119734765286,0.5410745414591004,0.5007614037641139,0.5329806630855382,0.5637679378884375,0.5348179650717739,0.5197079591238652,0.5612570457252561,0.5488098245898813,0.5770615180734775,0.5260256056759363,0.5492929514801057
515.jpg,1,0.3739997303011279,73,0.026812189010803497,0,0.590891107753822,0.5852559295839941,0.5889630357147706,0.46602903240436716,0.5045737809130374,0.5066684323976134,0.4736179677959913,0.48456236668005437,0.49354823681935545,0.5072454843755987,0.5251538194771267,0.5042498074465936,0.49014320009680235
517.jpg,8,0.35676567709073426,75,0.02420012247207789,0,0.5917396659930574,0.5862185294554696,0.6100280468844725,0.5086460261969559,0.394888657600726,0.4235771698871005,0.41224293747069884,0.42032912358101315,0.41526925312710783,0.4236327276716629,0.411808462881846,0.41321945668985227,0.4170297868283024
518.jpg,3,0.4988998901150707,90,0.023572935800811618,0,0.5931047687926164,0.6428220842640823,0.616275470659293,0.6645417411804136,0.5258966736207007,0.5062125905613241,0.5359237786721139,0.49803244400837954,0.5140070051747883,0.5182361860800624,0.5157324880951146,0.527671350179708,0.5284959816444165
519.jpg,9,0.6916636066672243,81,0.01964112962243923,1,0.5918679684086793,0.5988058468561179,0.5749070732806405,0.6423652865477933,0.632472121006172,0.6236258841016432,0.6347788727580738,0.6466360635724099,0.6221013640594243,0.6345572339859333,0.6453709329490422,0.6393381966209934,0.6292023784298585
521.jpg,6,0.45964406486129084,79,0.027462590777657923,0,0.5906865876237833,0.5716785397718881,0.5599817473445288,0.5297810021451392,0.5322978134055247,0.5214604529633152,0.5391007504699582,0.5345981248357937,0.5287784390735387,0.5162925423145355,0.49475007114677244,0.5343560967946988,0.5302806017166367
522.jpg,9,0.5433003296827277,75,0.023357364629562286,0,0.5918679684086793,0.5719048764799403,0.5645656859974685,0.5942116582408921,0.5327657206901374,0.5514633356350497,0.5674787955015735,0.5502068436041196,0.5785416740460912,0.5410641305028672,0.5779764860011685,0.5332390320596262,0.5594710655683116
523.jpg,1,0.4920277747918259,77,0.02507156713165549,0,0.590891107753822,0.5459928932834872,0.5957143065916661,0.5644927719335144,0.39169350556212884,0.34427696779529365,0.38810816234956513,0.43595882619598464,0.3640633195391656,0.3617365183778131,0.500047069992065,0.392816042477844,0.36619256507242937
525.jpg,6,0.5907789555838309,83,0.02162442798947708,0,0.5906865876237833,0.6365151552393324,0.6284365571865462,0.6696602933715278,0.6343617907897292,0.6123544944123555,0.6286776732533367,0.6117672844368196,0.6122417374530464,0.6459550691617538,0.6480272160527677,0.6073180302778195,0.6205160838328461
526.jpg,6,0.47055758300580475,76,0.0244634673885451,0,0.5906865876237833,0.6300027473261589,0.6031332332076816,0.591217806078963,0.4930271309603077,0.4546373257429962,0.4628580362296727,0.49614566261749127,0.4623579878657734,0.4851052184443885,0.42942171509074056,0.4850977653280655,0.45874768098633445
527.jpg,3,0.6991477614339394,79,0.018759017522024815,1,0.5931047687926164,0.5613393644793285,0.5797918750569511,0.5530011968258864,0.6859909418064601,0.6792030293427186,0.6802095185528901,0.6758980231140667,0.6848053415836879,0.680367043124015,0.6862894166089137,0.6881274778438269,0.6799578962503473
531.jpg,0,0.6313692322228013,82,0.01821901351541346,0,0.5913887747061031,0.540368099834166,0.5661091841725884,0.5412381096708055,0.6062641512676321,0.60953422179706,0.6073127578736237,0.5919455470717397,0.6111730853293897,0.6065030414513544,0.5987414974716004,0.5950800837862154,0.6078681238544827
534.jpg,9,0.7573064468711256,83,0.017068613873304366,1,0.5918679684086793,0.6164233164713694,0.6070447193473241,0.6219696636413525,0.7013460264983434,0.7027154895130546,0.703692011156334,0.7173922504037902,0.7093102651692157,0.6992709035120754,0.7001412617044241,0.6887436668937527,0.7032037503346943
535.jpg,3,0.42500000061118043,80,0.028516739321343295,0,0.5931047687926164,0.5946832755580893,0.6126960871170725,0.5721371587480275,0.5687071116543713,0.5540982250788873,0.5623954306526321,0.5891698642514877,0.5546758894981737,0.5564501957042811,0.45706725055723263,0.5653836837121944,0.5603211292591959
536.jpg,3,0.515526551372287,88,0.022505133900078383,0,0.5931047687926164,0.5700496805621421,0.5726877616688132,0.4846873037575416,0.5434901727406012,0.5564925386978613,0.5652086077922678,0.5521814346991082,0.555810758760061,0.5571972425590656,0.5267610512771733,0.5451389742021014,0.5630295905186662
537.jpg,3,0.4673381145058692,87,0.023226432841017768,0,0.5931047687926164,0.5454616396321785,0.5686256058447676,0.4394458604540433,0.3918358233220166,0.3752139198534661,0.40050062731118485,0.3747381735170405,0.375496950787809,0.3782516106652053,0.4220443294313292,0.3985805906954095,0.39417895044675516
539.jpg,8,0.6321354331793608,81,0.021896860293556038,0,0.5917396659930574,0.5953167360528544,0.5681926411944297,0.6042970039718496,0.6267262389909968,0.6241898285625218,0.6207008081652057,0.6363482957548268,0.6241697213809527,0.6314208674316614,0.6419446724718513,0.6022651403523994,0.62302011936956
541.jpg,7,0.5430221576243639,84,0.02335120885088577,0,0.5898993401072392,0.5970471442609582,0.5804418812767724,0.5405180078398844,0.4957649445760818,0.48898297209304253,0.4929999232197879,0.48457788100681143,0.49890918760297154,0.5013522199960914,0.5078838295113121,0.5049626592367111,0.4909914476564152
544.jpg,1,0.5264401436381211,88,0.02057431711858147,0,0.590891107753822,0.6122563753489644,0.6067016375550414,0.5854230109078608,0.539681674934712,0.5348554524476768,0.5393007610029563,0.5241177025276659,0.5338387251818909,0.5278460460945972,0.4747234236240232,0.5435729387917738,0.5370781067253165
545.jpg,3,0.6985027753725285,82,0.01774947275844551,1,0.5931047687926164,0.5921720306827746,0.6012076603180546,0.6583185450637892,0.6629085779633049,0.6892721754487218,0.6735521078222724,0.6588569921463793,0.6756442223686315,0.6732423593104101,0.7096731575920543,0.6606757132063819,0.6774821247288847
546.jpg,9,0.5336875151388529,82,0.020969667829708778,0,0.5918679684086793,0.605450722153776,0.620968278625745,0.5898220186251342,0.5532207717779286,0.5227694820610377,0.5343022650619674,0.5605283429946193,0.5523752560049354,0.5443905586014426,0.592306138731943,0.5275012732577039,0.5285358735615026
547.jpg,8,0.7566737630699254,79,0.021716149959866232,1,0.5917396659930574,0.6462836821537711,0.645527260516588,0.7708538868004593,0.7054354511390468,0.698859367745112,0.7022951327133871,0.732987636433519,0.7026551131399799,0.6991351765107504,0.7496469203646774,0.6919430809332661,0.7012698711994929
548.jpg,7,0.49405940510332585,80,0.019945276654235268,0,0.5898993401072392,0.567435644168547,0.5679410881786727,0.47367387735894273,0.4202328502830581,0.43705823105479347,0.437110564221423,0.43678133429540206,0.4360934661665383,0.4298776970618384,0.4426313258474843,0.4295320616201591,0.43708439763810825
549.jpg,5,0.7024202413029141,81,0.017653252404825622,1,0.5919925198627172,0.5526632394266437,0.5423883347026377,0.5887684854300794,0.6527544750158399,0.6997296466927767,0.673090495673939,0.6448022617159901,0.688942012734067,0.6848352400620595,0.6783143667375442,0.6619232886070433,0.6864100711833578
551.jpg,9,0.5830518335103989,85,0.022498595783587788,0,0.5918679684086793,0.6287431609952382,0.6173381413068166,0.6451862297897183,0.5208638030980228,0.528505742759756,0.5381108077273461,0.548904500992425,0.5355162052078145,0.5340422723853735,0.5402204538062546,0.5375156165438156,0.5333082752435511
554.jpg,8,0.5723929536807073,77,0.021117122298054104,0,0.5917396659930574,0.5610706182565708,0.5653353964231904,0.5560286496499504,0.5858830181630376,0.5832955037744518,0.5796332944992224,0.6117804549925459,0.5936314759784913,0.5930068804116702,0.6175878363606646,0.5701214269955184,0.5855200914173885
556.jpg,0,0.582468001546747,82,0.023844899256593558,0,0.5913887747061031,0.5721371073565175,0.5522015959216303,0.604338767713152,0.5538927374707858,0.589243051974038,0.5847283399176599,0.551105583843021,0.5972964814177941,0.5907074685154272,0.6105735859184876,0.5727450386583175,0.5858570179317545
558.jpg,7,0.6177696669964414,76,0.020926535211917233,0,0.5898993401072392,0.6062813621512299,0.6158817606496148,0.6384483942772023,0.5991561830013674,0.6310292103376387,0.6291185787035953,0.5782382637110073,0.6319808194822445,0.6350456656554156,0.6418437049209772,0.6027397339682902,0.630073894520617
559.jpg,6,0.4509900978533551,80,0.02658109423316906,0,0.5906865876237833,0.6264454742188743,0.6443834392516231,0.5439105348777553,0.5371934240523124,0.5025460610962568,0.513371578046865,0.48211638787585265,0.5085991463239302,0.48386634547023544,0.47015610229509675,0.52957460406336,0.5079588195715609
562.jpg,7,0.6353537787388011,82,0.019739313977323886,0,0.5898993401072392,0.5540832536488614,0.550119139585941,0.5549083638256598,0.6233640859750192,0.616101579810044,0.6281649627584152,0.6263330571459478,0.6335102241981797,0.6351883044016652,0.6395541799596707,0.6323427432538846,0.6221332712842296
563.jpg,5,0.3672313031527292,83,0.024553414267402398,0,0.5919925198627172,0.5404554506018473,0.5610695355501872,0.4171737195742829,0.3828146488906682,0.37317781173462405,0.38729382442730254,0.4094911923288439,0.39051169333123337,0.38988841611688696,0.4010578773198008,0.3885231575468028,0.3802358180809633
564.jpg,3,0.7085101367639643,84,0.019319187709317946,1,0.5931047687926164,0.5843224286799277,0.5827014302251501,0.5912498135624598,0.7029525497888149,0.7132830287527843,0.7081104431372796,0.7025809615106774,0.6986309228355735,0.7003297469066577,0.6952984637403499,0.700844232440927,0.7094035895411558
565.jpg,1,0.7336162147777421,84,0.017322060446618364,1,0.590891107753822,0.63404039042009,0.6193974467986606,0.7327062983894529,0.6610556232741165,0.6823771121684898,0.6754545984387497,0.6627906424351823,0.6730878952683638,0.6861408045918315,0.6848253980105001,0.6638293292506479,0.6789158553036198
566.jpg,0,0.5003578670951258,83,0.02123366111165129,0,0.5913887747061031,0.6742097798336045,0.6317459467588263,0.769487944472406,0.5709833144894962,0.5176249445284695,0.5393481571467513,0.5499263200885728,0.5196543871710009,0.5227335064123088,0.5602973940316119,0.5440142872956009,0.5339173539921809
567.jpg,1,0.6705445496365428,80,0.02193868614729601,0,0.590891107753822,0.6206420888793027,0.6092764848408212,0.6841899536801692,0.6108877805782281,0.6200579275694975,0.6290557437552501,0.6318127573796619,0.6268759634309905,0.6112027109333019,0.6418518793587813,0.6070803342061247,0.6245568356623739
568.jpg,2,0.704662235996014,79,0.016677511814864147,1,0.5902173832813419,0.5714838407802909,0.5583255311381161,0.6174870329206521,0.7125591399165835,0.7009764020690517,0.6990873321231379,0.6926188699551574,0.6957446398553827,0.6928349405550853,0.6871907552312425,0.7053797305793365,0.7000318670960948
569.jpg,9,0.7702191555767917,89,0.01572042535557846,1,0.5918679684086793,0.5969825530333489,0.6137515488820434,0.648579993031382,0.6957809274304476,0.709172163138157,0.6890080701278293,0.6768119530307217,0.6715896571672219,0.7087918206654087,0.6783107002108153,0.7106410459824439,0.6990901166329931
570.jpg,4,0.7358635837833086,90,0.0175047072600608,1,0.5902988745549166,0.5857100830019832,0.5829952346203457,0.6333931020992867,0.7647785470327072,0.7462546600438941,0.7479992268375101,0.7273366731770138,0.7501327928355216,0.754684458330242,0.7167513744782054,0.772515188089355,0.7471269434407021
572.jpg,5,0.4665450757810552,95,0.022077805908675217,0,0.5919925198627172,0.5485691527939137,0.5617887235073338,0.43654829637610565,0.4511702501946804,0.45375619188672855,0.4459802871317673,0.4662256833724737,0.45742337846077974,0.4535028372688238,0.46429276916548734,0.4726758231091771,0.4498682395092479
573.jpg,7,0.43373952737937754,91,0.022391247800717537,0,0.5898993401072392,0.6653267654003123,0.6455897843933787,0.6441741343344447,0.4625212681912504,0.4285924465349584,0.45609907196970667,0.4631167886733961,0.42965794241261324,0.4429975543955489,0.5172836671121718,0.4541126435777848,0.44234575925233255
575.jpg,8,0.7056607814586681,92,0.016255956595320396,1,0.5917396659930574,0.6258640797413878,0.609710877865639,0.6626499404350208,0.6934413076172299,0.7066181064419588,0.7003685268626411,0.6801459182100249,0.7024256203453803,0.7108298696958909,0.6795222080957749,0.6881005488275463,0.7031374178833266
576.jpg,9,0.7615418779046348,89,0.0210340232542389,1,0.5918679684086793,0.6364483598506686,0.6229988676467877,0.6181470030103028,0.7000019490778078,0.732032845447436,0.7184453848841371,0.7169530346678822,0.7373705706375119,0.7428915204700526,0.7766465007591717,0.6848772539708519,0.7252391151657865
577.jpg,5,0.6768362879926382,86,0.020560281526374697,0,0.5919925198627172,0.5994964775692091,0.5649691922987367,0.6087143839426999,0.6331854443824672,0.6448544375877847,0.6498561075469254,0.6428314774980612,0.6531698291415932,0.6601769481408356,0.6339039702636354,0.6427289010734516,0.647355272567355
579.jpg,3,0.3831683179801878,85,0.02109891556569353,0,0.5931047687926164,0.5454357716748298,0.5778211910059828,0.49182040274717387,0.4316435586110525,0.4027127018194899,0.4189367580935294,0.4271325038470019,0.41202210223816116,0.42070033581343913,0.450833870438378,0.4338593406851597,0.4148807440250195
580.jpg,3,0.49077407583932986,88,0.02163961793040729,0,0.5931047687926164,0.5829557382666698,0.5750762442218673,0.5733229119851808,0.5600510307898618,0.5506343201873157,0.552250726338572,0.5562620046187154,0.5544296907797202,0.5534490915813143,0.562593791060146,0.560864396934978,0.551846624800758
583.jpg,1,0.548316829232499,100,0.01905235753839444,0,0.590891107753822,0.5996313004209785,0.5830398632740043,0.6132580932800396,0.5323642439383737,0.5236680948296492,0.5313922925876573,0.5079005884469299,0.5234713784931466,0.5467117146715668,0.572999236453992,0.5326175104714903,0.5275301937086532
586.jpg,1,0.5265945196151733,86,0.022631279672760768,0,0.590891107753822,0.6017185245275843,0.598841834435067,0.5193355492198941,0.496446164965649,0.492543855577735,0.48868498113930214,0.4944384903042312,0.4794234081739617,0.47089000119188296,0.4973772021490689,0.495594563732747,0.4906144183585186
587.jpg,4,0.7477604875429755,84,0.018054062210030822,1,0.5902988745549166,0.6108727468715073,0.5949496441069846,0.6764290698539299,0.7355902923766554,0.7438471709160467,0.7218502293999544,0.7116807090264505,0.7163089780153137,0.7120874884035749,0.7066883026887691,0.7263554511041379,0.7328487001580005
588.jpg,9,0.5431400268737759,84,0.020076040756429034,0,0.5918679684086793,0.5860737734291671,0.5781190526199153,0.5618486299675758,0.5402292029872341,0.5556579254532262,0.551058627211667,0.5594572491171478,0.5552547359942439,0.5405708566901406,0.5525797561396611,0.5484380695536086,0.5533582763324466
589.jpg,7,0.6455559306617441,87,0.02084953511148047,0,0.5898993401072392,0.5602196040741283,0.564107525560663,0.6113920189034154,0.6581809797633926,0.6446580477910491,0.6695683176168998,0.6735573952490915,0.6599281232961067,0.6545159125523263,0.6613788666011752,0.6747400695677062,0.6571131827039745
591.jpg,0,0.4309083072306669,92,0.023730136611967653,0,0.5913887747061031,0.5722870612110067,0.5733493309328536,0.4684302297449272,0.4422539835767559,0.43704194037786054,0.42897724128236936,0.4490412696978805,0.4453955666874806,0.4521485750848453,0.42946988044923384,0.44866320206827437,0.43099341605624214
596.jpg,7,0.5112359536330352,89,0.021235606276210472,0,0.5898993401072392,0.6198196740849077,0.620427361107255,0.643481424972385,0.5062358724029834,0.4955798142690444,0.5174368237710141,0.4967486280021499,0.5132073798689999,0.5069697341887945,0.5723966598190664,0.5022689315315149,0.5065083190200292
597.jpg,3,0.45416964270347326,97,0.02192970217808276,0,0.5931047687926164,0.5903552743096487,0.5765928934541169,0.5916901360696569,0.4743189743692031,0.4627476805006372,0.46339006584669756,0.48594996094391474,0.46663362522852314,0.4799506068314848,0.455601734203936,0.4777312352838765,0.46322946951018246
598.jpg,7,0.43619361920282246,90,0.02086204182251116,0,0.5898993401072392,0.5532010767456872,0.5561622203391635,0.435805888120479,0.40917375457306904,0.4110617955600038,0.4167010434934246,0.41788783570012966,0.39647139329651004,0.37551015982320546,0.40185892390032596,0.42266700085712144,0.4138814195267142
600.jpg,7,0.47792192942452155,87,0.02331628182181731,0,0.5898993401072392,0.556332290521831,0.5688017899583323,0.562197387642978,0.586313746614421,0.5670837492515819,0.5662311212279851,0.589865612724992,0.5757490714716259,0.5766513233634076,0.5615937194543276,0.5783766128950942,0.5666574352397835
605.jpg,9,0.6356005145074881,92,0.019696289651654347,0,0.5918679684086793,0.6003966287931604,0.6163859295005031,0.6426383122789355,0.5749367974185476,0.5755304479445452,0.5847698338091868,0.5740977372671625,0.5737601054465564,0.5766741724656235,0.5970620710210043,0.5773036236496785,0.580150140876866
606.jpg,8,0.37448099643612903,93,0.023187864328992305,0,0.5917396659930574,0.6055652302532277,0.6291042902594259,0.5591539799034095,0.39622727566955884,0.35598974586346865,0.3618028991458384,0.3962472194366747,0.35137541214360435,0.3712177271415954,0.3819582517224063,0.3687659948442585,0.3563893523843038
609.jpg,2,0.5654565449959288,90,0.021899567063362442,0,0.5902173832813419,0.55097664680658,0.5544561969889732,0.5213112770871553,0.5734331611304648,0.5762584567137552,0.5845307139243475,0.5788927151012845,0.5751319187297718,0.5850507629295444,0.6045069317995339,0.571326026828852,0.5803945853190513
613.jpg,1,0.6963127341935005,87,0.01961931931412295,1,0.590891107753822,0.6144781909196979,0.6021435211015644,0.6736690273638976,0.6592145443254138,0.6541736692428411,0.655017880564688,0.6666200416155453,0.6554088917146128,0.6532790502531192,0.6548333235584111,0.6624911060730175,0.6545957749037645
614.jpg,2,0.46295472060256965,89,0.02375097875919445,0,0.5902173832813419,0.5696773753255977,0.5813671060279583,0.5564923981456211,0.48684896973385167,0.4650644503443536,0.47848278299614827,0.4731056271743409,0.4874827114525575,0.49266740435913114,0.45062065318820804,0.47467037868840734,0.471773616670251
615.jpg,8,0.5983779216383366,94,0.018871098149204183,0,0.5917396659930574,0.6441248416828428,0.6022338324660002,0.6154659846508783,0.5163282776402099,0.5038781931204717,0.5208707019558068,0.5238341275520236,0.47112722557581743,0.5242149082478658,0.5135951736816364,0.5224080502634696,0.4986253735506986
616.jpg,3,0.3650058556638498,93,0.02449015318393665,0,0.5931047687926164,0.623558531221732,0.6180370417296797,0.5734983930174056,0.4056626013224637,0.3955523762251741,0.4158558152773297,0.3952134642322359,0.39656782456930073,0.39856861985436276,0.45408490763203624,0.408512277572885,0.41077995551429075
621.jpg,5,0.6427658888941972,93,0.021658640026432648,0,0.5919925198627172,0.5710824332451709,0.5647988751466808,0.5914624563984802,0.6460992208739474,0.6587169653585394,0.6443166093094539,0.6519556141937963,0.6475167516017963,0.6482717281032474,0.621379027060611,0.6652288130896774,0.6515167873339966
623.jpg,9,0.648514850911769,88,0.016934886200591494,0,0.5918679684086793,0.597256634603679,0.6064469844710234,0.623093875459975,0.645673816448854,0.6624631328416878,0.6501918766114195,0.6136876453751672,0.6526820373173349,0.641978636950584,0.6647775601966897,0.65009353576126,0.6563275047265537
624.jpg,8,0.5738680588311693,89,0.021294386632000856,0,0.5917396659930574,0.6335536304827368,0.6271919238701374,0.6533756736720042,0.6365396896971405,0.6148204950892484,0.6124756087413497,0.6183759995550105,0.6276335116052187,0.6135779750054227,0.6164765338345833,0.6325043938898542,0.6183098718119389
626.jpg,6,0.5324139520525932,84,0.019969096848163483,0,0.5906865876237833,0.6264457289598964,0.6137339990647963,0.575516897413933,0.5714701980838789,0.5533631228332424,0.5536620037155219,0.5323942140910559,0.5374790998996434,0.5314740049112494,0.5011379131208265,0.5901409082000255,0.5535125632743821
629.jpg,1,0.7952088234068333,87,0.017954856869377322,1,0.590891107753822,0.628936006895363,0.6039974251340494,0.7082833669760271,0.798025227624971,0.8026327724411474,0.7823975553044552,0.7802824543253616,0.7796495028840755,0.7939012588018546,0.7790520503554585,0.7941779624146122,0.7925151638728013
630.jpg,0,0.6235423529313671,90,0.019269631764136066,0,0.5913887747061031,0.5980069981318249,0.586672956837472,0.5819425976164685,0.6570258315364901,0.6581242162896702,0.6567596749186161,0.6550179783103403,0.6595582324027327,0.6556268598175032,0.6545967095434094,0.65558316546657,0.6571008102613796
631.jpg,6,0.41983391869793174,93,0.022790103477281547,0,0.5906865876237833,0.6263011518507231,0.6257957427804532,0.5591551452688519,0.5492509434331655,0.5782478033825466,0.5695674129409206,0.5456963134246917,0.5691623725538294,0.545687531109455,0.5490604305719078,0.566270358200673,0.5739076081617336
632.jpg,2,0.8061690694028205,91,0.01802375487518987,1,0.5902173832813419,0.6189176777951384,0.6160084107139377,0.7096120271756525,0.8518184098972856,0.8088344855308118,0.8148099029218897,0.8445986172967999,0.7943296478941219,0.8061976611581977,0.7859528052036857,0.8345869240236314,0.8118221942263508
633.jpg,4,0.46354106028071224,85,0.02022471602312148,0,0.5902988745549166,0.5567410572050628,0.5484873394745662,0.5068306368834483,0.5089142832085235,0.4897581221091428,0.48468672620588416,0.5018162436173389,0.4826073296628447,0.47711374407478613,0.5017213108283903,0.4974117702101546,0.4872224241575135
634.jpg,1,0.7680562737740968,95,0.016174070015728806,1,0.590891107753822,0.6192342055228294,0.5869031410056184,0.6923250091395399,0.7051873445340243,0.7068775318611306,0.7121552840979193,0.7113129713862758,0.7133574385942695,0.7018801548003397,0.6924369328397609,0.7062413330444207,0.7095164079795249
635.jpg,3,0.5285061469792829,91,0.02030386759859607,0,0.5931047687926164,0.6409158393577297,0.6178797490023751,0.6283288432685032,0.5442999889887279,0.5442624304810981,0.5481660848420374,0.5426313372745311,0.5500229728654721,0.5464420093746292,0.5431006766849511,0.545214615307333,0.5471901712518026
636.jpg,5,0.3159973271076013,89,0.023841596404869266,0,0.5919925198627172,0.5838340408962494,0.5752383218035042,0.48219906364511994,0.3605344428563986,0.36073229416888664,0.36347833071594726,0.39985144473730405,0.37510682896696546,0.38360369107808356,0.39220534581071986,0.36502182730507615,0.36210531244241695
638.jpg,2,0.23125884006475353,91,0.021301424953734934,0,0.5902173832813419,0.619679193750767,0.5916992120882113,0.5244064240579029,0.34087937710082405,0.34392418839853456,0.3420107444182965,0.3273628526387224,0.34271075205548684,0.3550822758865462,0.3613752151346189,0.34476920060846433,0.3429674664084155
639.jpg,5,0.617775730442169,86,0.02456008936533039,0,0.5919925198627172,0.6276970081511011,0.5876826287836842,0.6638966485394445,0.602037919642321,0.5962733655525514,0.5998203564085638,0.6123926741273359,0.6006465843115958,0.6088229266431874,0.5957573392758403,0.5821157673840872,0.5980468609805576
646.jpg,8,0.5835690703243017,84,0.02131440094460368,0,0.5917396659930574,0.5643615485139786,0.5525483225574364,0.5170163099377455,0.5600760842316983,0.5669485882850542,0.5711396609098229,0.5444985751298109,0.6047890002882796,0.5848736809883318,0.5721839026890552,0.558213154462849,0.5809590831610523
648.jpg,2,0.4783559765580089,86,0.02163162952438381,0,0.5902173832813419,0.5878367479386172,0.5925128388680856,0.45330294792844145,0.5000846726721245,0.5065305423219277,0.45720028781046285,0.45282689544852167,0.4767182896627391,0.48292893097435885,0.5192346578744482,0.46796311462759355,0.4818654150661953
649.jpg,7,0.651312956424511,92,0.01736028758309191,0,0.5898993401072392,0.590954061763352,0.59701672200991,0.5821605862685414,0.6561751433967834,0.6560667555542938,0.6582244062032672,0.6297143841819393,0.6563846944819223,0.6641796185285251,0.65238908747776,0.6581811645127572,0.6571455808787805
650.jpg,8,0.837000352382246,81,0.02326377823454441,1,0.5917396659930574,0.5988246594282616,0.6166076592931675,0.5761853783994615,0.7606866986330909,0.8226879743999127,0.7936777448602066,0.7145450838064148,0.8401114840111095,0.7855272268980575,0.7713617909770426,0.7809161917469332,0.8188257344237428
652.jpg,7,0.6780002136806865,91,0.017727626316321524,0,0.5898993401072392,0.5871203007412076,0.5863775849213164,0.5968735659994208,0.7024487709470868,0.6776802709114325,0.6676238074368035,0.6886874308018116,0.6631367750920467,0.6699668115506298,0.6668241657424268,0.6719470201733035,0.672652039174118
653.jpg,4,0.6447067776551614,91,0.018939857184837445,0,0.5902988745549166,0.5823060206763723,0.5926968443350336,0.5855303376064946,0.6126162422176766,0.6063972591571968,0.631269401292846,0.6134039511614275,0.6188249536541351,0.6287215046401455,0.6312666156038028,0.6262199211140705,0.6188333302250214
654.jpg,8,0.31941455035753874,92,0.020664475627332726,0,0.5917396659930574,0.5929546639968091,0.6012504505635886,0.5594460812142674,0.3504483068874181,0.3277291970870564,0.35219079525859476,0.38575340891774595,0.3172453389160814,0.36124376631588806,0.39284616108704035,0.34769893271015706,0.33238844375391086
657.jpg,3,0.7079207904544877,81,0.020390650510492016,1,0.5931047687926164,0.5869007386298501,0.5656144253342359,0.5860093508979672,0.6488496053495078,0.6621823128835572,0.6577403185512989,0.657133044043937,0.6640495752838746,0.6630605873520561,0.6507759053810965,0.6476957117844958,0.6588508171343634
658.jpg,6,0.5075713460936265,85,0.02200782651963317,0,0.5906865876237833,0.57466009816925,0.5721200224997308,0.5890498732539025,0.5680197143917165,0.5690027882870164,0.5686060850218876,0.5822738768272608,0.5840421387671441,0.5573473279776884,0.5889059044717195,0.5636188275573677,0.568804436654452
662.jpg,5,0.5679611660024712,103,0.021752827186452516,0,0.5919925198627172,0.5544358309639179,0.5558037802327772,0.5369084909787655,0.5480521476134441,0.5375511043687626,0.5433659983425332,0.5657018079876432,0.5389432052511007,0.5485654375225842,0.5449679373063964,0.5348657644459383,0.5404585513556479
663.jpg,4,0.5120445042848587,97,0.019694420221099265,0,0.5902988745549166,0.6442859705551403,0.6062413402203762,0.6061975116642866,0.4977444903141029,0.4747155210365349,0.4594628639664181,0.5020378804584837,0.46557001668629694,0.4594173413803464,0.45752746289186064,0.4901771162973529,0.4670891925014765
664.jpg,8,0.6130112992091612,99,0.017950451753938446,0,0.5917396659930574,0.5336047035945906,0.5571641683668739,0.49593774715891215,0.5644617817013906,0.5830294961055997,0.5739387128418805,0.5566776680905411,0.5946124796691998,0.5835018298766512,0.6175188289895676,0.5757101281385913,0.5838602295388933
666.jpg,9,0.6877959521396247,92,0.019345818701199266,1,0.5918679684086793,0.6139396533010908,0.5848729560657303,0.6137562285687675,0.7008114089608456,0.6807707101532624,0.6869410449000971,0.6649866970625646,0.676259228690066,0.6639593635082925,0.6733954231947115,0.6946905768790782,0.6838558775266798
667.jpg,8,0.523866595509217,95,0.022020708633464746,0,0.5917396659930574,0.6354983523663829,0.6226678597083096,0.6537602391881532,0.5284223106499901,0.5198044860978548,0.5311390329031389,0.5418876097195244,0.5178570339827633,0.5243292692678391,0.5365647418549588,0.5164111129848654,0.5229335176612523
668.jpg,0,0.7151017231600625,91,0.025078816518634275,1,0.5913887747061031,0.6044907773921631,0.6058364444504971,0.737299697146146,0.7491741943359123,0.7406176558603377,0.7395758051097576,0.7523329498470063,0.7411019272779217,0.7519992508581547,0.7445290790335678,0.7516423141963642,0.7398362677974026
672.jpg,1,0.43296204425860196,96,0.021090237713492825,0,0.590891107753822,0.5847951538634503,0.5798008757130249,0.48898175744023914,0.4293381308341194,0.3968584281280819,0.3993447457046955,0.4265831214024114,0.40243783656788934,0.3874573733121863,0.38028311201160775,0.42640378019306313,0.39810158691638875
674.jpg,9,0.5341413425463627,87,0.022909298089888386,0,0.5918679684086793,0.6165221072146916,0.5933168678699752,0.5135400311876069,0.533794577465294,0.544916285926882,0.5386341497928325,0.5148752388595033,0.5406380564538262,0.54968037241734,0.5172061505171935,0.5334279185380835,0.5417752178598573
675.jpg,4,0.7183843327008865,88,0.02639246521907073,1,0.5902988745549166,0.6608570310042525,0.6324296458622264,0.6899427854720256,0.6743397133185466,0.6760521027828247,0.6797614714337786,0.73978453621907,0.6852635539411079,0.6994205397715388,0.6993400837917976,0.6911966174120338,0.6779067871083017
677.jpg,1,0.48725389791973706,87,0.022461782455248977,0,0.590891107753822,0.6119851695029116,0.60795307552862,0.5097566022573761,0.44213295804696207,0.41330795324646163,0.41352977743181907,0.45699939681211427,0.41967493653964905,0.41899041881117727,0.45451120700098574,0.44272879141611066,0.41341886533914035
678.jpg,6,0.33933393214829266,88,0.023577612974926804,0,0.5906865876237833,0.6245197710415246,0.6085566509670023,0.5374289420751781,0.4118646226231842,0.39318370038448436,0.4106889421694474,0.41848815136393047,0.4118161213384907,0.3904370853785186,0.42418992099499486,0.4014659213384623,0.4019363212769659
679.jpg,0,0.5694181763389138,89,0.020647056918178447,0,0.5913887747061031,0.5621207711447216,0.5864498880337196,0.5272428215124971,0.5590426619451095,0.554119111877321,0.5426818945801283,0.5216512560036697,0.5474576416868435,0.5543114134630404,0.5139850416475225,0.5368305827583413,0.5455411989044265
683.jpg,4,0.4658180108027799,84,0.02059308602232233,0,0.5902988745549166,0.6847363355466564,0.6655380483566026,0.6308003682386131,0.4984181149958574,0.4732838749075995,0.4442167141994865,0.4642062127432824,0.42656244678828614,0.4435182327909022,0.48435632304749526,0.48261949409877514,0.458750294553543
684.jpg,3,0.6740427052220667,83,0.020070825049435637,0,0.5931047687926164,0.5790936796080044,0.5684365712276994,0.5852354226831247,0.630830511983494,0.6162889152364566,0.6216650970820234,0.6253186716758732,0.6297816644401666,0.6267806880832588,0.6631470411737513,0.6290125677221016,0.6203210516206317
689.jpg,7,0.5372103142531609,91,0.023438365066844432,0,0.5898993401072392,0.5285757939320866,0.5445631415643615,0.5178808006694304,0.5654239505862294,0.5960522555201582,0.5829967833047265,0.5781652482310273,0.6027022260262389,0.6016790886948596,0.6030310931940418,0.5764543504370473,0.5895245194124423
690.jpg,6,0.7333640279464944,86,0.019366851715791004,1,0.5906865876237833,0.6643913958117833,0.61324366508583,0.7576766215753646,0.7277180218043361,0.731623404096852,0.7175010498926887,0.7505196839904409,0.7240717210726726,0.7293815745777033,0.723457639879393,0.7449342213374592,0.7245622269947704
691.jpg,4,0.6601229057401076,87,0.021267691146290662,0,0.5902988745549166,0.599010832302277,0.5843102479538725,0.592644371797922,0.6510191191209571,0.6409229837661087,0.6453408740174197,0.6502414078100511,0.6282234416680624,0.6407791754515192,0.6285231777556576,0.6644415987100164,0.6431319288917642
693.jpg,6,0.7951565317092212,74,0.02918630496161048,1,0.5906865876237833,0.6621040066996158,0.6134000987822015,0.79818822453869,0.825239222793016,0.8054080456122011,0.7987218974439011,0.8062089568629051,0.792800998614511,0.8288217807212566,0.792321912408179,0.8364103481963515,0.8020649715280511
695.jpg,1,0.3642739258745375,72,0.026917250723340492,0,0.590891107753822,0.5384501071225066,0.5564032214139824,0.40206702079346096,0.43930096351733494,0.4382623943501932,0.42332724133090266,0.4450223704459732,0.41408152060994996,0.4276521399595648,0.40867665796179187,0.43578653739505635,0.43079481784054796
696.jpg,0,0.7309338998150181,74,0.022921457802995898,1,0.5913887747061031,0.5856744860870918,0.5819294033714532,0.648888972906341,0.7657526107229791,0.7520349818405394,0.7484227771845289,0.742199051483125,0.7424649698552115,0.7511693754597679,0.7109285163318206,0.7448371026594046,0.7493258283485316
698.jpg,3,0.6455863892612322,71,0.024627966700014103,0,0.5931047687926164,0.5777844279219106,0.5796661654488955,0.6190260343796776,0.6343729618419688,0.6326988834624651,0.6263205074522493,0.6686325583741585,0.640977925274311,0.6487901901029234,0.6738984378089622,0.636527243421929,0.6279151014548032
700.jpg,8,0.8277748731013975,76,0.022309206435486305,1,0.5917396659930574,0.6643935425496224,0.6222891173917369,0.8040266071728674,0.8345623783918751,0.800676194189706,0.8029598019470461,0.7885752959003697,0.819161321039007,0.8060809601756774,0.7982586544224974,0.8164763137083615,0.807599105725253
701.jpg,7,0.7174989200480606,92,0.02204783835736823,1,0.5898993401072392,0.5555513625053083,0.5714347430146307,0.6037269600232333,0.6899697359816873,0.6753223167001696,0.6765215361769714,0.6817540070886516,0.6705744127255431,0.6741356941241161,0.6437722009299335,0.6750979261403334,0.6759219264385705
706.jpg,8,0.5459450417606349,89,0.026080748877160196,0,0.5917396659930574,0.5766919272448192,0.5737860983528247,0.5502070150326578,0.6182122419485085,0.599480677059504,0.5978458569019955,0.6090130809798824,0.5813054603045062,0.615413185499394,0.6115856049449921,0.6172064985617591,0.5928773314220019
707.jpg,9,0.5629573809387891,92,0.02100962710803362,0,0.5918679684086793,0.5987006906122445,0.588121654276773,0.6048185410096233,0.525507010825698,0.5034522213717391,0.5100809383863104,0.5306859057127674,0.5104282707161588,0.503000358418227,0.5102923452054542,0.5252496780948508,0.5067665798790247
709.jpg,1,0.7173817333247926,90,0.02007019149345735,1,0.590891107753822,0.5840986632657676,0.5899511736177345,0.6236989438659744,0.696182358516285,0.704283816838411,0.6989331115945597,0.6815760911314943,0.7000468897265935,0.6894940805919728,0.6924682291423995,0.6962173276433153,0.7016084642164854
710.jpg,0,0.35369707030699926,94,0.02286690382446119,0,0.5913887747061031,0.621417126545677,0.6281904139521601,0.6149233911723848,0.455617117215233,0.44510715738008577,0.4386703183866715,0.41681809868442665,0.4265731592510785,0.4610074493473604,0.4176363675219819,0.45671510388477166,0.4402795281350251
711.jpg,5,0.4878987894548724,90,0.025397958284087717,0,0.5919925198627172,0.5616001057160657,0.573889945490046,0.5084396390814259,0.5005544073571752,0.5000952633807674,0.5147615208523759,0.5286821205149075,0.5193500200077443,0.5172792061739656,0.49234368595142347,0.4991365674092651,0.5074283921165716
712.jpg,8,0.4087694469383176,98,0.024459101926653067,0,0.5917396659930574,0.4638970168247445,0.5231358613482742,0.3391303890855903,0.44012553188756187,0.48313732328783776,0.4374173353169901,0.45999438618678756,0.43324949655073897,0.46668714771198516,0.45329130099153403,0.42080186091403937,0.45126805171852225
714.jpg,6,0.6890087850977865,89,0.01964691669398172,1,0.5906865876237833,0.5973170657314789,0.6003491527547464,0.6156744414145205,0.687887199451362,0.680627709071005,0.6803778887613058,0.6775699329209033,0.6859571051530022,0.6873920676027538,0.6748130898244599,0.6863222124097165,0.6805027989161554
715.jpg,8,0.6715033573323282,87,0.020151877181666604,0,0.5917396659930574,0.5902359464249279,0.5731457037213386,0.6429375479894606,0.7018155838617175,0.6983672457674934,0.695720755704961,0.7073811763588181,0.689260588419301,0.6961331996367008,0.6705372403865728,0.6879747167288005,0.6944495299639184
716.jpg,9,0.5011968236866888,91,0.021254320839811398,0,0.5918679684086793,0.5771036195663442,0.5846755631285414,0.4556219279882945,0.5097594952375591,0.4589930551844513,0.4657222587288984,0.49966385141833786,0.4784801281804728,0.47589828883627544,0.4934286607117285,0.4901000386419653,0.46235765695667486
719.jpg,5,0.6647993725185332,76,0.024267050546543597,0,0.5919925198627172,0.5712964869588463,0.567201580788013,0.5584148347494253,0.6301190128055308,0.624492970863844,0.6178088535311086,0.646502386111971,0.6222735937704382,0.6307936406275994,0.6367378761377065,0.6356925707204529,0.6211509121974763
722.jpg,0,0.8092409143017398,90,0.021784902079428677,1,0.5913887747061031,0.6482003625320532,0.6293243172572756,0.7698924261258842,0.8134491246642039,0.7979652780585509,0.8051776846271061,0.8348431696758514,0.8100988606824675,0.8133884331068861,0.7999243996369163,0.8104444970403021,0.8033745829849673
723.jpg,0,0.6860936077480967,88,0.017797653329737418,1,0.5913887747061031,0.600679588918508,0.5820741848646074,0.6601381839762744,0.693425627015317,0.685080503830476,0.6953409423065833,0.7018125873622535,0.696759438349225,0.6835436302207999,0.68558777078377,0.6905186461153814,0.6927758326875565
724.jpg,6,0.7162248447377194,93,0.02030831319105005,1,0.5906865876237833,0.5929747271106632,0.6100080592394055,0.6150518169931646,0.6863377880817054,0.6800039658606681,0.6765654182086135,0.669645486309385,0.6636311063552696,0.6717925958369863,0.704513241801068,0.6937384028167433,0.6782846920346408
726.jpg,9,0.3900990102129678,90,0.024177598883938247,0,0.5918679684086793,0.5719616640457899,0.5947371079161019,0.4352120863824079,0.40946259902445914,0.4252786640465952,0.39736287961521566,0.3654973065722943,0.4041696351197903,0.3950057016206325,0.39366801619033365,0.4152367183228219,0.41132077183090543
728.jpg,2,0.45962596199371747,90,0.02298399383931918,0,0.5902173832813419,0.5533607171050664,0.575662818425421,0.49503407894349166,0.5020979388472555,0.5153085032314388,0.5205294082048458,0.5185415915848448,0.5176248873311182,0.5249712158858899,0.5362691553984619,0.5029658543396931,0.5179189557181423
734.jpg,9,0.685674120982488,81,0.020127451690567497,0,0.5918679684086793,0.5836612715356604,0.5825325584329077,0.5421161458418604,0.6391095473508976,0.6522187889727756,0.6526499618849569,0.6516470847933009,0.6482682418134408,0.6571344815946225,0.674797578830985,0.6213751527526182,0.6524343754288663
735.jpg,7,0.8035944813619489,92,0.020359590184211414,1,0.5898993401072392,0.5920234426309469,0.5819360178745292,0.6843685240422661,0.8083421695709038,0.7793888846110679,0.7885960494021456,0.8374666964929632,0.7733439361141443,0.7916130173009829,0.8010142073773003,0.8169404789964583,0.7839924670066067
737.jpg,2,0.5930920682590584,87,0.024491845405891638,0,0.5902173832813419,0.5325868087799046,0.5500282667882348,0.5204281465585563,0.5768152998791075,0.5817897886096982,0.5717527599976676,0.5411020708433721,0.5588771477777307,0.5676096798440344,0.5622434475206018,0.5662385286922956,0.5767712743036829
738.jpg,4,0.725043678634307,85,0.01606208331762787,1,0.5902988745549166,0.5811604508482248,0.5803924606498424,0.6099578941114331,0.6920674104367394,0.6872061474704182,0.6933269126997169,0.6727997298572963,0.6943613826098108,0.6885195122205496,0.6983422949213466,0.7074253227109463,0.6902665300850676
741.jpg,4,0.7132838233374059,96,0.018102153318574822,1,0.5902988745549166,0.5994624675509403,0.5909130388179962,0.6143663354736797,0.6979893796602659,0.7263850726364239,0.7174228543808215,0.7050186700090146,0.7198193781673066,0.720048778985323,0.6899978537704753,0.6998180919716239,0.7219039635086227
743.jpg,3,0.4041110624903408,92,0.02486547986192931,0,0.5931047687926164,0.5901486956308567,0.6124394040477533,0.5458389060970954,0.40326833502735876,0.3800755875666487,0.3862446060238003,0.37738661128273554,0.3971080104431861,0.399271074478055,0.4231745229751075,0.4030881638514807,0.38470235140951237
745.jpg,0,0.5681944617980652,89,0.026222510584812057,0,0.5913887747061031,0.5550361781052116,0.5596351380695341,0.5479332032297177,0.5553733276470857,0.5503063958336449,0.5663029024543246,0.5731335940786848,0.5598950744058875,0.5662789433230245,0.5974921818399157,0.5592849214559206,0.5623037757991547
746.jpg,0,0.36961708263864357,83,0.027821466785970434,0,0.5913887747061031,0.5615521933398909,0.5736263384070851,0.40444940016733544,0.3914474883090095,0.3946227162027347,0.40938892206918653,0.41820016190544324,0.4070353004098362,0.414291000859076,0.4127464400434563,0.4249142031875778,0.40569737060257355
747.jpg,8,0.7909790911608272,90,0.02272560396960072,1,0.5917396659930574,0.6623704161431068,0.6574623320633112,0.743181115200255,0.7004692307806908,0.7371841162503052,0.7437288487352651,0.7021737877384223,0.7172862646423723,0.740719045143368,0.7916067589879826,0.6864725671353724,0.7327330765426475
749.jpg,6,0.39768976887324076,87,0.027100074990317555,0,0.5906865876237833,0.5261087520281534,0.5613699685738894,0.376370333088204,0.37497252856906327,0.3971678332928451,0.3989901135438635,0.38499207616352704,0.4007172270187317,0.35440480779554207,0.4041361744050085,0.388917145449336,0.3980789734183543
750.jpg,4,0.47548326174174216,84,0.02647185578022253,0,0.5902988745549166,0.621251770074321,0.6244438648446101,0.5390779448731744,0.45313790998889303,0.47280642138989604,0.48012692861971684,0.49396364332218384,0.48582861917269893,0.4995993023787617,0.4845145315938607,0.44725785485072844,0.47646667500480644
751.jpg,4,0.6855561998837134,85,0.020333002642441405,1,0.5902988745549166,0.607629220016186,0.5754732074725923,0.6433400691096698,0.654678915628336,0.6657343211987609,0.6742747424079306,0.6552531045031328,0.6613917204298407,0.6656731454048,0.6704765496130274,0.6673379056905664,0.6700045318033457
753.jpg,1,0.4519869773967625,73,0.02777865702231695,0,0.590891107753822,0.5870536067231831,0.5848771761585675,0.47614189519412836,0.48984794519069,0.4678696161887041,0.4717537556038406,0.5090434753444066,0.4750836444304444,0.45045114537813613,0.4702333858811271,0.4913707576717778,0.4698116858962723
754.jpg,3,0.4317085545223493,78,0.024621460336521916,0,0.5931047687926164,0.5389513089202498,0.5649280604004839,0.4143034089273791,0.4654014867548626,0.4456860116880256,0.46563819306608784,0.46172063971743205,0.43902394331145406,0.4878179109228069,0.49032710149636044,0.46457395941730245,0.4606501477215723
758.jpg,8,0.6142522110358665,76,0.02364152062966613,0,0.5917396659930574,0.5459630807072989,0.554997897625607,0.5451222191764009,0.5850189542334342,0.5747682035966644,0.5790056292113094,0.5883730199815937,0.562445633398666,0.5894704753675171,0.60877592587269,0.575833808794975,0.5720731554022132
759.jpg,5,0.5118297530676831,77,0.02347461770918323,0,0.5919925198627172,0.563651525051698,0.5751535012541461,0.5185143479199756,0.48174593018596096,0.4959249094224165,0.47899173940520035,0.4867394637358851,0.48227968061546234,0.4808997984485367,0.42976517783788654,0.5254713191898666,0.48745832441380843
760.jpg,8,0.7971582803633306,77,0.020437653126732062,1,0.5917396659930574,0.6128078027851,0.6110352571929573,0.7192007274740275,0.8275685047778765,0.8035781113594183,0.8069195910570193,0.8224794663418491,0.7869180315501463,0.803807204223383,0.8048845717618821,0.8341379479214742,0.7991385779888612
762.jpg,3,0.6878582604021128,76,0.0229778829005661,1,0.5931047687926164,0.6033902383871725,0.5942714772816862,0.6889384974993038,0.6708785292635163,0.6781099163755865,0.6845148854823044,0.6690999417982159,0.6907374234971927,0.6809363788482315,0.670584741622558,0.6734019649075309,0.682913643205625
763.jpg,7,0.37151738388333905,86,0.024976959368417772,0,0.5898993401072392,0.6459746281755194,0.6245720443588518,0.639411302070282,0.46637062217648073,0.4281399200884355,0.46171293893113496,0.4423754427250225,0.4461641951204238,0.4543482573381168,0.48236228028092054,0.46801374746551366,0.4449264295097852
764.jpg,5,0.3933739536620963,78,0.02519310746377714,0,0.5919925198627172,0.6009165126955843,0.5882150449333842,0.5547468815592982,0.44824318255007956,0.42219449711899726,0.42473429874528135,0.4779728888464354,0.4232120542525706,0.42802099660644,0.4190047679818166,0.44149412540450617,0.4234643979321393
766.jpg,9,0.35211179483257515,79,0.02644960202067326,0,0.5918679684086793,0.5788475613786571,0.5933769588470186,0.4322547971610555,0.40096206533016826,0.3991907597577945,0.39939966959659146,0.40311965181567067,0.39987417890567833,0.3992878740120844,0.4258279875488744,0.39397395680594305,0.399295214677193
767.jpg,7,0.5498907016469287,77,0.024260965578566225,0,0.5898993401072392,0.5733462899174758,0.56711473766964,0.5646606253682231,0.5457415490163652,0.5340206322476195,0.5347052245635817,0.5432171045867298,0.5484417394925545,0.5458549908587663,0.5538798531141536,0.5367793197280606,0.5343629284056006
768.jpg,3,0.545369091384773,79,0.022188531712340746,0,0.5931047687926164,0.5754516126430526,0.5668458860832734,0.5507007357054328,0.6231117005604077,0.6087935348007925,0.6172424111562148,0.6224651213004597,0.6187623620833027,0.6262856278419702,0.6505748346944923,0.623926281746082,0.6151301920673592
771.jpg,7,0.6602722775365691,80,0.021976915964378743,0,0.5898993401072392,0.5824402016306908,0.5842935338224697,0.5903413417830885,0.6794161208259091,0.6732098415666901,0.671036104534533,0.6969832138559298,0.6733161637392007,0.6754239273614521,0.6829301793613706,0.6795767168279584,0.6721229730506115
772.jpg,9,0.6544808305991001,78,0.02069144043824516,0,0.5918679684086793,0.5917375402870242,0.6010543168849759,0.6437945996143829,0.6441133150362546,0.6479102865555727,0.6419210598625203,0.6620070390956995,0.6644312170688892,0.6549269902911474,0.6751506863287342,0.6382481030791305,0.6449156732090465
773.jpg,9,0.5394664448362568,72,0.023379132004392896,0,0.5918679684086793,0.550822064869255,0.5707570226250778,0.4190575744238053,0.48116946808546246,0.4846207218689439,0.48146247772034745,0.521097622549471,0.49547767382272745,0.5106557020970504,0.5425998351495039,0.4733198269815373,0.48304159979464567
774.jpg,4,0.5142168074082105,78,0.023514707689747796,0,0.5902988745549166,0.6265905536329482,0.6378339916494952,0.6406425471249115,0.46801070710217046,0.44540640701831646,0.48750012926908715,0.478713510027492,0.4798639424968939,0.48054658600047506,0.5177538478118842,0.4752106672818606,0.4664532681437018
775.jpg,2,0.3014851485902909,80,0.023990593012866487,0,0.5902173832813419,0.6334072358110983,0.6275919537744215,0.5913732995635002,0.37225898893052256,0.354675998915171,0.35409821252126694,0.38298487359832356,0.35835095374701176,0.3748059244183466,0.4143738993331824,0.37494366057587547,0.35438710571821896
778.jpg,0,0.4397689765042049,84,0.021732396855844157,0,0.5913887747061031,0.5649918583267465,0.6144365771190187,0.46422989011572297,0.47502045123740155,0.46530177126183686,0.4486326136907599,0.4309130987454195,0.46277153163136275,0.45733093534836367,0.4434123974010591,0.436793954016219,0.45279990308352913
782.jpg,2,0.5369636949720896,90,0.023503448775801312,0,0.5902173832813419,0.5501514009424222,0.5757012747285604,0.44342367844330316,0.4534195466317529,0.4487154751558512,0.434205787759255,0.43168032180898963,0.43674876227696324,0.43611314764279285,0.4199756328056258,0.4371991010262263,0.4414606314575531
783.jpg,6,0.5555365879474015,87,0.02238140409220641,0,0.5906865876237833,0.6327395922343917,0.650622089801638,0.704430647981111,0.5549550469361141,0.5398460491239209,0.5551283297253559,0.5564695415140849,0.5508278394085098,0.5572373282727876,0.539857148868282,0.5486728533647275,0.5474871894246384
784.jpg,3,0.5340346533979755,80,0.02287384216070439,0,0.5931047687926164,0.5474580117867541,0.5655635821302785,0.5494486315956956,0.5517657476367395,0.5945943993562757,0.569016065864051,0.5807926887811579,0.5846035636363391,0.5800939008552444,0.5712642900195346,0.5516160100170253,0.5754106492371072
787.jpg,0,0.6365171784863752,85,0.01899519487809665,0,0.5913887747061031,0.5298661385416015,0.5504947967509339,0.5110092709222975,0.6233450574667164,0.5787966649711072,0.5961679963036514,0.6280903618157841,0.5834484931684196,0.591051403726666,0.6242180304605816,0.6228779056040915,0.5918251634705153
789.jpg,8,0.7935703125703766,83,0.021850122868345936,1,0.5917396659930574,0.65966577698151,0.622744120556974,0.766133966866383,0.7488707437813849,0.7708463132878662,0.7613272368614803,0.7767429716972827,0.7695911916348279,0.7655291468809633,0.7764126879354574,0.7451953797108839,0.7672549139280581
790.jpg,2,0.6554225202389928,86,0.019482510369048568,0,0.5902173832813419,0.5548995553788613,0.5644134469368397,0.5927150396320348,0.6591479888703387,0.6662259934306707,0.6580691238664191,0.6666869440731711,0.6663086168064848,0.6638712267972847,0.6658923344592417,0.6575039824090774,0.6621475586485449
791.jpg,2,0.589226779677639,84,0.024309987676943298,0,0.5902173832813419,0.6117752678053253,0.585969683935062,0.6568732989670975,0.6057125902658468,0.6150289494090859,0.6151921732321894,0.6230292825767875,0.6122962692192904,0.6080606509686771,0.618007734462976,0.5953187637122803,0.6151105613206377
792.jpg,9,0.5999309248182663,86,0.02047299927122602,0,0.5918679684086793,0.588747990938528,0.578056336249646,0.5999253725210034,0.5989050830268934,0.5793457380165005,0.5923559436903175,0.5979905897641002,0.5792958723263376,0.5557267994812718,0.5763616545079309,0.5879542230470421,0.585850840853409
797.jpg,8,0.6694419443268668,88,0.01976795907606916,0,0.5917396659930574,0.5457630857985012,0.5762485701105037,0.557174757848939,0.6566431547730437,0.6784797831964731,0.6667529330359108,0.6726789411179336,0.65994034739735,0.6885875283253602,0.680673543325321,0.6448137991458768,0.6683910212099112
798.jpg,9,0.686704382955373,91,0.018980765815473897,1,0.5918679684086793,0.572842042432065,0.593367006775023,0.5930595096818091,0.6219754618592203,0.6113719792789932,0.6200314326512838,0.6220593584552808,0.6311269736467403,0.5977661359816255,0.700281585970228,0.6169843540107649,0.6157017059651385
799.jpg,1,0.7407178163528443,80,0.018785471813518684,1,0.590891107753822,0.6220914870043539,0.6333085817425842,0.6115277322654965,0.656181289448917,0.6632715219719761,0.6616176712421346,0.6680966719679668,0.6677145958442232,0.6844881026513052,0.7313224880663585,0.6544802349024567,0.6624445966070553
801.jpg,2,0.647925505148513,84,0.017260450083030527,0,0.5902173832813419,0.6044322755553471,0.5874615784790984,0.6355256191790926,0.5994756868495538,0.6124256289286603,0.6061662526625863,0.60750165324704,0.605573098340121,0.6034027982080004,0.6137939548021627,0.6014011566606918,0.6092959407956233
802.jpg,9,0.4264176438816569,88,0.021884383450550788,0,0.5918679684086793,0.63847037593079,0.604024076224122,0.574671493707211,0.4320494444193643,0.4303720568891346,0.44736003595040696,0.45665871404895114,0.4404995194384672,0.4410289546175307,0.40799749013818265,0.42807514187541706,0.4388660464197708
803.jpg,1,0.44420500837595145,85,0.02325701066771368,0,0.590891107753822,0.5717648435468944,0.5877066541578723,0.4427208735907977,0.3805620420735366,0.37630173293735514,0.39759936914620636,0.377243058960803,0.375596660405908,0.39118741467057855,0.4277216934943717,0.37915831870462424,0.3869505510417808
804.jpg,9,0.5700770055409521,90,0.02202524387039797,0,0.5918679684086793,0.5771000147309064,0.5793111765225452,0.6024128438705272,0.5790736787773558,0.5936967207154221,0.5998658299116607,0.6002754061472327,0.6053832165837228,0.5731041394324088,0.6425011773519442,0.6026223061067006,0.5967812753135414
805.jpg,1,0.4378627531134106,87,0.023559445934438494,0,0.590891107753822,0.5824661686031775,0.5905234235307892,0.45157305096256517,0.36915718963226135,0.37904477626762656,0.4004146535995233,0.3807946126066837,0.3868821601991802,0.4189048501996581,0.43278329684417716,0.3729417540159749,0.3897297149335749
806.jpg,6,0.5975304417922322,87,0.022356318720980043,0,0.5906865876237833,0.5889756404379761,0.581762213770606,0.5739530787344145,0.6150563597969041,0.6058228045599289,0.60094303907471,0.6211901389444984,0.601578624363789,0.595836104814096,0.6244295390193444,0.6250564466931698,0.6033829218173195
808.jpg,1,0.49429236840566293,85,0.025349255949358423,0,0.590891107753822,0.6083801726496987,0.6279737801195029,0.5359437280952961,0.48456013874980114,0.4736262038360995,0.45814831859389404,0.48068401067015787,0.4716981549708235,0.47604215584743437,0.4322503533732529,0.48722397249644295,0.4658872612149968
809.jpg,5,0.40362200835318884,79,0.02156466500619832,0,0.5919925198627172,0.5833226203617156,0.5834033197954231,0.5391200132339575,0.44787992857950976,0.4498642960103072,0.44065724248724036,0.43842684796119485,0.43802264827620707,0.43532391807202575,0.395252116169841,0.4826682759094491,0.4452607692487738
810.jpg,4,0.6455111799950011,89,0.017600273984472704,0,0.5902988745549166,0.5703912430101667,0.5587439315618534,0.5840811062257301,0.6285755117070856,0.6228198735799765,0.630915616131411,0.6120211543471926,0.6224630801126555,0.6256579907896005,0.6341042558630525,0.6451474903967371,0.6268677448556937
811.jpg,3,0.672277225057284,90,0.017372222200048824,0,0.5931047687926164,0.5759718688187603,0.5810644817954511,0.5664563405166105,0.6773783209197234,0.6758696366872189,0.6730623014742366,0.6522872673552789,0.6679852534061823,0.6858694855947164,0.6544617942387918,0.6751547760934515,0.6737641352774822
813.jpg,8,0.7437973145176383,85,0.015064867781015005,1,0.5917396659930574,0.6427548222357384,0.6166396833775301,0.6545698525605116,0.7115746249867563,0.7233100021797696,0.7181259101843858,0.6932007885410387,0.7162909536078998,0.7020620553270585,0.6891436475140018,0.7213678374206255,0.7192422886573517
814.jpg,4,0.5048878306074988,79,0.02623674498584312,0,0.5902988745549166,0.6203278214212514,0.6086715452127259,0.6805258371253965,0.5007218990175228,0.5060230068319015,0.5154131816351247,0.4945163207733705,0.504320298166059,0.5094475480926468,0.5532244371227079,0.5005849391650202,0.5107180942335131
815.jpg,3,0.4001384016967589,93,0.020552467561609195,0,0.5931047687926164,0.5766695965184301,0.5648391733386527,0.47276401558851533,0.39110425199938426,0.3750463968717239,0.3852948324611536,0.37802869525242955,0.38726367535211126,0.41065497637470905,0.4113186484461313,0.39469733095129844,0.3827327235637962
816.jpg,7,0.7526421135218208,89,0.018075113828068978,1,0.5898993401072392,0.5626437937773043,0.5359513433247812,0.601118829893427,0.7075733154002253,0.6910777055319546,0.6959097025866914,0.7447103060566614,0.6837362772209644,0.694636470852316,0.6701897845130289,0.7156000608883464,0.693493704059323
818.jpg,9,0.4497074695642699,88,0.025023205351774876,0,0.5918679684086793,0.5606917392508353,0.5666364130070383,0.5130411083723119,0.47120631568513394,0.5017753797157393,0.4949780030652261,0.5125420725481561,0.49224642591218737,0.483884428496077,0.43743927604898036,0.5134350297963397,0.4983766913904827
819.jpg,1,0.5191030857317588,85,0.021920401570490338,0,0.590891107753822,0.5747485573907632,0.5944595286849667,0.5384026884326913,0.511682477091817,0.494760144994305,0.49961112285793596,0.5547939845226147,0.5195121222012458,0.4780160280814151,0.5194488521405527,0.5148040214075867,0.4971856339261205
820.jpg,4,0.5300367096323897,89,0.022970280953639156,0,0.5902988745549166,0.5805963021050788,0.5745753368719719,0.5050453860252304,0.5042992709164205,0.5135383462920856,0.5149001560164578,0.5147551835702325,0.5163863278392687,0.5203099928754514,0.4932087758733761,0.5292699961249042,0.5142192511542717
823.jpg,9,0.4062942015007138,84,0.0250253059415211,0,0.5918679684086793,0.5870616580469745,0.5810995455434591,0.5721503113566537,0.4786811811737473,0.4696357340476648,0.48169418647735995,0.4862958394885466,0.4824137184961269,0.4785591578601533,0.46476125649640354,0.47338633689219595,0.47566496026251237
825.jpg,1,0.588096309707246,88,0.023181269131891745,0,0.590891107753822,0.600012620425809,0.5824102798519613,0.6258437891033116,0.5331439685925145,0.5659764420102038,0.5562995281952114,0.5376649979321925,0.5535525384850462,0.5416419011610077,0.5526968106181911,0.5301187152747344,0.5611379851027076
826.jpg,8,0.5240452618482301,84,0.024424118879033455,0,0.5917396659930574,0.5922882708206183,0.5829819976164395,0.5735107693607308,0.5374657416075964,0.5528312519094765,0.5474775035476978,0.5275253525891689,0.5638037106645541,0.5541096952495554,0.5387809098315736,0.5172784662304498,0.5547041553739094
827.jpg,1,0.7094002470545385,87,0.019357337864129548,1,0.590891107753822,0.6155399080872885,0.5758913332760506,0.6388447343100749,0.6681011184431603,0.6903755223871624,0.6895581466284365,0.678361942276382,0.6972486051411134,0.6920879219449447,0.6802028042302715,0.6682251172033278,0.6899668345077994
828.jpg,0,0.586331802897337,82,0.022919689692354844,0,0.5913887747061031,0.553330000974624,0.5656466672205807,0.5764819939545296,0.6165978714652164,0.6036626477934429,0.6046922353955019,0.6146515672796082,0.6015475121689119,0.6014000424374695,0.6136432179455853,0.6073262760157414,0.6044348384949871
829.jpg,7,0.5752247667004322,87,0.024779567028403376,0,0.5898993401072392,0.5601126442082106,0.5609183300852809,0.5730946668439616,0.6367683119344925,0.6742547739406834,0.6463140461475891,0.6692355756440594,0.6543238788006307,0.6581223706574911,0.6643555595958278,0.630354819288027,0.6602844100441363
830.jpg,1,0.4363507781887338,84,0.02538779286468877,0,0.590891107753822,0.5631249166800023,0.5606463110347921,0.454897707459006,0.49156726560968655,0.4685116579459195,0.4780379215825118,0.49436253601072266,0.46816623213858966,0.46297484509982123,0.481661593950608,0.49139250076589613,0.47327478976421566
831.jpg,5,0.6782178185170605,84,0.020122460871485448,0,0.5919925198627172,0.6000798493100004,0.600806031343496,0.6755239028140256,0.632458528541481,0.6295997134607947,0.6351766676477637,0.6773735834883668,0.6393030272718857,0.649093469386412,0.6455119723841555,0.6365718670775118,0.6323881905542792
832.jpg,8,0.5936315847951689,81,0.022240220566430064,0,0.5917396659930574,0.5895519212847317,0.5910584592561183,0.6256359106519145,0.5557011337880932,0.598702348764246,0.5856111149219841,0.5635134228490549,0.571809784782835,0.5869909159150793,0.6015151256630428,0.5844738771438804,0.585374416156355
834.jpg,8,0.38130740562723164,83,0.025132873582698,0,0.5917396659930574,0.5988117127229841,0.6314913965991489,0.49906608600907276,0.36172318733511993,0.34331043661428207,0.35690515769588704,0.3441669070126516,0.3274852992256878,0.3713523503530379,0.4032253868664367,0.3470529321913741,0.3425669645119523
835.jpg,4,0.37209302316376464,86,0.024185493563264663,0,0.5902988745549166,0.6006744507498851,0.6022011650032684,0.470616724746911,0.4956991579558625,0.4888483225541961,0.48509975896693136,0.4829472022254316,0.4931188946671953,0.49781870710382337,0.41939358458814846,0.4976592748239998,0.4869740407605637
836.jpg,2,0.7650241744379664,86,0.016836243051706327,1,0.5902173832813419,0.5790626793332994,0.574191400614225,0.6595674296897258,0.7337959010515755,0.724864294775315,0.7177835194305351,0.7144152074731297,0.7072952835019065,0.7186837941703528,0.7052761201602604,0.7242081755485317,0.721323907102925
837.jpg,2,0.7079207897186279,86,0.016908036113387766,1,0.5902173832813419,0.5373438753143702,0.5596937713154813,0.5747370849202251,0.596705117533544,0.6036761546533692,0.6101008196742446,0.6052617641373871,0.6228097054189249,0.6195903453148226,0.624388108888772,0.6051026931922561,0.6068884871638069
838.jpg,8,0.573170730344406,82,0.02099983788939969,0,0.5917396659930574,0.6117638275504481,0.6040901349437136,0.5285314798105536,0.5373609609875426,0.5663454510903037,0.5597768742313916,0.5539869451030647,0.5478747642369857,0.5620104753468101,0.5243288728703571,0.5375777046809801,0.5579990298528936
841.jpg,1,0.5787066051477119,79,0.019561022426036925,0,0.590891107753822,0.5589570092343357,0.5688816817968193,0.5398196995078735,0.5303943913116029,0.5463700946377574,0.5480116563250245,0.5125079608887407,0.5658508288671222,0.5710001281542909,0.53131721637087,0.5279147801676755,0.547190875481391
843.jpg,1,0.6379066476864474,84,0.021901621067964654,0,0.590891107753822,0.6088336883430359,0.6005097753320896,0.6826251667868916,0.626558235472699,0.6491435317231304,0.6320591561984412,0.6433590019054006,0.647898911363448,0.6392451717118841,0.6298426716927921,0.6276125643314965,0.6406013439607858
844.jpg,7,0.8083284711136537,85,0.019767387829456334,1,0.5898993401072392,0.6456716316865703,0.6407416315278286,0.6377369675572293,0.7067519414665369,0.7395190295857095,0.7185665753324955,0.6923502763440098,0.7344440154438314,0.7240332978302683,0.6965448679165699,0.6841812019116706,0.7290428024591025
845.jpg,7,0.7694890097896944,87,0.02566165589594545,1,0.5898993401072392,0.6451299840216752,0.6167234320865733,0.6176247988169881,0.5765985872905758,0.6545278959676768,0.6449680293610571,0.551002851204456,0.6577547443286103,0.6381500078982172,0.7575210937081823,0.5666265060173721,0.649747962664367
847.jpg,3,0.6090273719500093,85,0.02626752183265255,0,0.5931047687926164,0.5515166577967698,0.5783856201846755,0.5769598456393048,0.5686321866181444,0.572725159451559,0.580899937661176,0.5747821371538991,0.5806664221437667,0.6001975873436981,0.59184987630565,0.5730174832425502,0.5788562431087718
849.jpg,2,0.4654565469827503,90,0.025941217990892523,0,0.5902173832813419,0.548638794504328,0.5635379417497827,0.4780115385149376,0.5665094200071311,0.5758782547124616,0.5843853702638224,0.5763804726116432,0.5839162970483683,0.5886390928310703,0.6016136878586972,0.5709055744799827,0.580131812488142
850.jpg,6,0.430575200223497,84,0.022902526036509527,0,0.5906865876237833,0.5823717110230482,0.6005209255634648,0.47364136640483584,0.41367957619231865,0.39856427046529774,0.4002810264152542,0.4112713301539634,0.401322398968591,0.4030862440683347,0.40652403757439715,0.3989596130062103,0.399422648440276
852.jpg,0,0.3554455455502166,85,0.022910467179980847,0,0.5913887747061031,0.5894717862469563,0.583005484612411,0.47284845033829825,0.3880965490713909,0.3836641205807439,0.39652788166645947,0.40147972595140446,0.4003873747288955,0.41294316796716257,0.413549806904735,0.40237581104653186,0.39331194139503056
853.jpg,8,0.6494358720821004,86,0.021937036549552102,0,0.5917396659930574,0.5732729106147444,0.5656083411142596,0.5866459682707093,0.5733123292056416,0.569925289534466,0.5811491195150245,0.5646827772760341,0.5939685753663164,0.5676215582590867,0.5826091082543647,0.5783619322362442,0.5816809948052689
857.jpg,1,0.5874781592803843,85,0.024523077747971318,0,0.590891107753822,0.616526642435185,0.5905112816078553,0.5427852627624137,0.5323929064243424,0.5579500972263308,0.5495425842995082,0.5457462859709317,0.5564695523135749,0.5579703093254682,0.5388648875642887,0.529758886463905,0.5537463407629195
858.jpg,4,0.7977047589692202,88,0.022245906008112,1,0.5902988745549166,0.6188554394234006,0.6167045974672152,0.6207219759962163,0.7451536794987633,0.74677872103465,0.7642179965015318,0.6986982500095653,0.7555889304409817,0.7298796891432747,0.766636836034472,0.7185165195229263,0.7554983587680909
859.jpg,1,0.5723105998542369,89,0.02282759398234551,0,0.590891107753822,0.6340851643340082,0.6058517511797447,0.6968183986989056,0.5752392103526138,0.545513416341018,0.5873319142485338,0.5812864349854022,0.5504846794810452,0.5742629561045669,0.5917335156071556,0.5739362608968669,0.5664226652947759
860.jpg,0,0.7224494160517402,92,0.0177234910414875,1,0.5913887747061031,0.6398017930188074,0.6254451881644865,0.6520261885503885,0.6230841204631228,0.6360532831226924,0.6343282445528049,0.6039984012403108,0.6222483131435805,0.6304878420889393,0.6365488882183864,0.6258227931132935,0.6347595041952767
861.jpg,9,0.46651462719283915,89,0.02557689405553134,0,0.5918679684086793,0.6052412538363533,0.6028873053795978,0.5242299565014583,0.41396212590587944,0.4306624399255351,0.42994044641944484,0.45394008142838194,0.43791865604240277,0.39979259389987404,0.40297679480321097,0.4231731888850917,0.43030144317249
862.jpg,9,0.46242395235248,83,0.025374851007573185,0,0.5918679684086793,0.6191566943496527,0.6076535907753549,0.5278886681849077,0.46182912386143077,0.46996076629199124,0.4536855579138176,0.44936734257818256,0.45314657646951884,0.47595481244137944,0.44628939344911867,0.4781432712335738,0.4618231621029044
863.jpg,3,0.408818788122559,86,0.025224397374319914,0,0.5931047687926164,0.5761043565579855,0.5915500163205853,0.487058115977576,0.39220961311021907,0.3904843956444056,0.38692192511370105,0.40131139011091993,0.3924942770792088,0.3876514791488136,0.410838205135647,0.38877790181484306,0.3878125427463772
864.jpg,1,0.6760555339773753,87,0.02319160749813736,0,0.590891107753822,0.583709408927798,0.5829729319788637,0.6013655997804179,0.6216738211704729,0.597337827635202,0.6099833728236472,0.6332522414639248,0.6233020717910511,0.596288507977213,0.683862800013672,0.6267433102851739,0.6036606002294247
865.jpg,9,0.6571345325778513,85,0.021441019959471768,0,0.5918679684086793,0.6132984717168917,0.6129594250068493,0.6607963591474737,0.6289997954307085,0.6334690700056821,0.6383971580443611,0.6373434087089476,0.6414483751900021,0.6437193730033481,0.6777425213975729,0.6331658667861942,0.6359331140250216
866.jpg,5,0.6444095640284259,82,0.021781033674097654,0,0.5919925198627172,0.6041278133746166,0.5684682632988087,0.5936662104953644,0.6561501282262341,0.6422405385949506,0.6575555200357903,0.667635786295217,0.6467789668486832,0.6450368395368885,0.6452878840126245,0.6479934523087425,0.6498980293153704
867.jpg,2,0.7462281943077133,84,0.01775708087460721,1,0.5902173832813419,0.5848712052820996,0.5789818547861834,0.6338854623904107,0.70479099891589,0.716449422671268,0.7048120177375334,0.6782230513429186,0.7024340333562978,0.7004277324819977,0.6840835362175568,0.6910418315023931,0.7106307202044007
868.jpg,9,0.5739592022195189,83,0.02362319648708513,0,0.5918679684086793,0.5929444985116166,0.6125100553756365,0.5852363211677223,0.4932474057149267,0.5009596169522023,0.516055679772392,0.4871147428926078,0.5015468035343184,0.48181138057907463,0.5368699872713799,0.5042515332744099,0.5085076483622971
869.jpg,2,0.5502475255168975,80,0.02409824377675039,0,0.5902173832813419,0.5978587985295765,0.6201679407623288,0.5858630405018396,0.5622380473851657,0.5537953818520032,0.5471459936282295,0.5559270764065724,0.5522751844585271,0.5522040520718853,0.5893866272340247,0.5503818834673339,0.5504706877401163
871.jpg,3,0.7934293362566016,88,0.02231623806227751,1,0.5931047687926164,0.6226199623459706,0.615544356866713,0.7724883295262372,0.8183184864542072,0.7947097685383209,0.7919428571444906,0.8198877634701262,0.7934212295327591,0.7967916745797257,0.7472772687090163,0.8184842352857981,0.7926345849929481
872.jpg,0,0.38260254722332493,84,0.022531564415727224,0,0.5913887747061031,0.5366857665146572,0.5464585212489224,0.3984187590991461,0.3972293274828627,0.38996347142125815,0.41274484598791705,0.42582105165506967,0.39261593781615656,0.41444819860819415,0.44317034090076846,0.416437779208352,0.4070495023462523
873.jpg,1,0.7215346476994455,80,0.0268854016247287,1,0.590891107753822,0.5942796264339382,0.6042851055106945,0.5579600627772884,0.6659639175225427,0.7082237038252508,0.7245423060441943,0.6504571654568823,0.6924812188314899,0.7363694067292106,0.7279723705677639,0.6661399847741885,0.7163830049347226
876.jpg,2,0.7854174228936985,81,0.02263647709976416,1,0.5902173832813419,0.6042303000291831,0.5938995324363343,0.7715028469587609,0.7580264378709076,0.7579383360617578,0.7665794451140181,0.7620925542598704,0.7692509399995854,0.7594103907842966,0.7523658409428802,0.7647035013476642,0.762258890587888
877.jpg,1,0.3925930565293831,79,0.02534304891542829,0,0.590891107753822,0.6305560268982019,0.6077802550902758,0.5834350568812705,0.4597848911856405,0.4372743950927014,0.44519004607160106,0.46413288967830646,0.45047759952107796,0.4359547947070405,0.4662457413035226,0.4608734810664808,0.4412322205821512
881.jpg,2,0.5144236656423244,81,0.026495327577886564,0,0.5902173832813419,0.5368731195595847,0.5663011161317836,0.428501273227404,0.39020974003080555,0.37401611706773885,0.3819337267925009,0.41044746743086236,0.39655856851370064,0.3936250350101733,0.4052655063840957,0.38983558499223553,0.3779749219301199
882.jpg,4,0.8360224820581483,81,0.021154134448512257,1,0.5902988745549166,0.6620405756572405,0.6492954546842524,0.7549179654348,0.8157390144447044,0.7857671933870009,0.79314430673169,0.8232188267040043,0.8004576500495398,0.8089063790337742,0.8001907283705099,0.8120641683532657,0.7894557500593454
883.jpg,6,0.5537661361755638,79,0.025262315884651384,0,0.5906865876237833,0.5851548030059275,0.606187686031006,0.5483195760426951,0.5313476785443535,0.5179227657653139,0.5376319512589002,0.5554879959639175,0.5463450467309585,0.53413802313939,0.5835352992685979,0.5243565896976944,0.527777358512107
884.jpg,4,0.4466098543209366,79,0.02541033420658985,0,0.5902988745549166,0.507209965264472,0.5410502092589223,0.47446681645654654,0.43986718586510454,0.4154882164715147,0.43064738078770615,0.43309138274067027,0.46557465050558033,0.46354591238189924,0.44521677292335526,0.4572556193320485,0.4230677986296104
885.jpg,9,0.6387346038004247,82,0.024866839545856854,0,0.5918679684086793,0.616659501638776,0.6244063470607237,0.6197853242832998,0.6431733320047857,0.6268455076745251,0.6450309413013954,0.6105890775718229,0.637491379319517,0.6611408040312448,0.68297069670002,0.6290216121553082,0.6359382244879602
886.jpg,5,0.5712626776945444,81,0.027050975468913132,0,0.5919925198627172,0.6024025593413966,0.5877869462284613,0.5262521906608076,0.5995565694308366,0.5827665173819727,0.5841448708270742,0.5719228879962609,0.5678769032520221,0.5811581691301381,0.5213309224911269,0.5924141897019308,0.5834556941045235
888.jpg,6,0.6320529663262059,83,0.024138838120049973,0,0.5906865876237833,0.5968717089500419,0.6004338776789937,0.5781467548377698,0.5711704068488035,0.5892983882821038,0.5639971413864321,0.5729367544584094,0.5702263624902327,0.5737113606170016,0.5742366882317621,0.5703360325987998,0.5766477648342679
889.jpg,9,0.6681945961382654,81,0.020952326550069966,0,0.5918679684086793,0.586568434423617,0.5818989228306353,0.5907749385058322,0.6365977367293374,0.6421918620828474,0.6511995058907153,0.645189382424351,0.647979721017898,0.642840044340204,0.6480399847356754,0.6386083151605499,0.6466956839867813
890.jpg,0,0.7542079130187631,80,0.024067972282766092,1,0.5913887747061031,0.6209551959044105,0.6183280115666232,0.7383397493950971,0.7379442478273217,0.7140632552935455,0.7254377631927338,0.7467659815873633,0.7102299740653669,0.7164788924242724,0.7914082070568521,0.7189315682820523,0.7225941362179367
891.jpg,7,0.6521152076009032,77,0.027934099792124592,0,0.5898993401072392,0.5766679745317731,0.5434697001302146,0.6252399893078724,0.6799257298752978,0.6691366599433923,0.6901841593822038,0.7275167896709684,0.6828831998512863,0.6902011950105627,0.6767995082770905,0.7002786964277119,0.6796604096627981
895.jpg,6,0.5167079215694684,80,0.02885029290287735,0,0.5906865876237833,0.5802301727251643,0.5808103934437128,0.562660345645887,0.49131026655813015,0.5004182566227239,0.5033314976131703,0.4940264154276641,0.5078412835988945,0.5138117533568819,0.5329624565130345,0.4793244607935508,0.5018748771179471
896.jpg,0,0.7437354804557047,81,0.020509431554662963,1,0.5913887747061031,0.6352588057745758,0.625691080840288,0.7129056768380327,0.7086756100868141,0.7368115578742205,0.7341100042625774,0.7389185929283908,0.7417064277888763,0.735069026293889,0.7087246092255219,0.7355243190645879,0.7347853926654883
897.jpg,0,0.4033663375054797,75,0.029640966215737186,0,0.5913887747061031,0.5156518265356645,0.5397124231678642,0.36929408702904476,0.4151738523475627,0.41404804956652397,0.42142571883185986,0.4193975264221258,0.4164683291560714,0.41198606639640456,0.3992094110506677,0.4205998790535482,0.41958130151552586
898.jpg,5,0.5932236071917918,77,0.02629025296792404,0,0.5919925198627172,0.5956305064087257,0.5811367061058295,0.6240061352352797,0.579788749052048,0.5908525885802649,0.5958699377449963,0.5777270433795411,0.5829288858974455,0.5875279717279029,0.5660737521788436,0.5991561070594879,0.5933612631626306
901.jpg,2,0.5043401631003578,73,0.02550434141576096,0,0.5902173832813419,0.5089393133541429,0.5368768514126437,0.42762712391358676,0.5261099654798967,0.5318818711850863,0.5363587073676735,0.519815760182885,0.5243523946114106,0.5199487097169272,0.48524651454150947,0.5348897364088787,0.5341202892763799
903.jpg,2,0.42560877567283006,74,0.02984269655104941,0,0.5902173832813419,0.6599950029307796,0.6199471019519263,0.678172567002561,0.5246920239254802,0.5293373169979056,0.535727167381196,0.5468165270314627,0.5390900226175495,0.5253416271688472,0.5256083850886296,0.5306133963854768,0.5325322421895509
905.jpg,1,0.635170037223809,69,0.02439738035259891,0,0.590891107753822,0.6725876509732447,0.6415399735229151,0.6803557999630772,0.6040933945395127,0.5794705846469724,0.595366486923507,0.6087088033445764,0.5760215168268339,0.580132926027433,0.5948644721264176,0.5998463396383612,0.5874185357852397
906.jpg,7,0.5206386850110557,71,0.02810458982744169,0,0.5898993401072392,0.6046077064393293,0.5914209914540158,0.6402476671543262,0.5536346597774164,0.5532814810557216,0.5449206042958652,0.5598611515602098,0.5413234627709577,0.5448253461821649,0.5251274589775115,0.5539021358135425,0.5491010426757934
907.jpg,7,0.7242365075458943,71,0.023698789969621954,1,0.5898993401072392,0.5782229338313826,0.5666501987756787,0.6133675691834586,0.7402518517232115,0.7243180626744294,0.7327303955916324,0.7372732237770397,0.7268910825198879,0.7205971447864125,0.7026360768701219,0.7362781153814593,0.7285242291330309
909.jpg,1,0.569737406798463,69,0.03109435887084955,0,0.590891107753822,0.6154947520666753,0.6101086828338496,0.6846075650814643,0.6288962811218416,0.6028971747883842,0.6243675307036965,0.6503873968814741,0.6177783661286351,0.636239730178795,0.6478106031672509,0.6327032849887231,0.6136323527460403
910.jpg,5,0.6684488430805504,75,0.025934998571197493,0,0.5919925198627172,0.6206185438744587,0.5861451265484718,0.6743165795997403,0.6757695285400321,0.687771171103893,0.6932312152243649,0.670988960169218,0.697858460107984,0.6854274091461497,0.690021731504674,0.6621931670795869,0.690501193164129
912.jpg,3,0.6513437042811088,70,0.022075152876497885,0,0.5931047687926164,0.5968595372291129,0.5929478197162482,0.6437580163328482,0.6237866982002795,0.635350659784315,0.6382693781222697,0.6218823141746689,0.6202371664742757,0.6269010677200149,0.6211069003643722,0.6211382561647408,0.637539698537781
913.jpg,0,0.5819081883732374,77,0.026974769307223832,0,0.5913887747061031,0.5884503739808178,0.5853082536779988,0.6870793847654736,0.609386133012401,0.6404455770080576,0.6442948530610013,0.6475719357854895,0.6509047604766331,0.647714919429917,0.6491012068870788,0.6394226077330865,0.6433325340477654
914.jpg,5,0.5900990071881097,80,0.02417396360886665,0,0.5919925198627172,0.5813809277405666,0.5823759239497038,0.6507774141308926,0.5332256280514686,0.555336795646244,0.5474416382503757,0.5397278520821784,0.5417210939808181,0.5379148852187485,0.5674876180978521,0.5495389793014063,0.5513892169483099
916.jpg,0,0.4605335527707616,72,0.026997673759254957,0,0.5913887747061031,0.6095734121517957,0.5900124609804593,0.5714902903954746,0.4866853917383449,0.46945944185789523,0.46514253969040337,0.4739301210772804,0.47024731629725686,0.47041836146459426,0.4806071046489836,0.47383539796165286,0.4662217652322763
917.jpg,6,0.5976485115650576,80,0.028676731810703408,0,0.5906865876237833,0.5483355314788969,0.5580093773676006,0.5441301612978007,0.5657572168474492,0.5836000887044338,0.5814284573126104,0.5730154719016293,0.5898910473740521,0.5690154370489691,0.5835727221288153,0.565405762533648,0.5825142730085221
919.jpg,2,0.7872479922441115,83,0.028763622958353077,1,0.5902173832813419,0.6070292032678843,0.5980640568098085,0.7233531188547141,0.8746407307395432,0.8203353477706231,0.8206702494060926,0.8266360900341119,0.8135376761620511,0.8267226971986754,0.7645413772313709,0.8573998048195841,0.8205027985883578
920.jpg,2,0.5136473124746133,74,0.02700714873842088,0,0.5902173832813419,0.6344636917655664,0.633538888740224,0.6565305437591054,0.6336691644612863,0.6329313017201228,0.6009420541861947,0.5996443555244664,0.6008097697601814,0.5964946904914189,0.6249329968510522,0.6000942442823889,0.6169366779531588
923.jpg,5,0.743688111146912,80,0.02940195688581242,1,0.5919925198627172,0.6332473305014722,0.6116940273187653,0.6619789667470221,0.6561493070989141,0.6764037343672302,0.6753394734522842,0.6787609442178865,0.6674158996955808,0.6615342620022621,0.7621316183516056,0.6209936079218503,0.6758716039097572
925.jpg,8,0.7104595066645206,78,0.02260001178333402,1,0.5917396659930574,0.553715939026727,0.5779850714213574,0.5659651085469546,0.690708967933239,0.6657981219413862,0.6717070523286045,0.692219217592619,0.6789662467538966,0.6777234587954962,0.6798620171704555,0.6791833965729257,0.6721571403412958
928.jpg,7,0.4308153037844157,81,0.02513425983895774,0,0.5898993401072392,0.6143796033478873,0.6160796396420095,0.5387624533630293,0.4474369909341056,0.42659099401523726,0.4197038700028237,0.4381201794068301,0.41822320828408077,0.4222985919309483,0.41141144425037357,0.4365367878829438,0.4231474320090305
932.jpg,5,0.5493827163598236,81,0.025698516744277713,0,0.5919925198627172,0.5684635938276704,0.5806844626387778,0.5602403519517554,0.646644384576384,0.6486616134454581,0.6369853051287566,0.6298870028722889,0.646023266014147,0.6522658010032819,0.6640167634131628,0.623065433788689,0.6428234592871074
933.jpg,0,0.6402227680198849,80,0.02392036834372017,0,0.5913887747061031,0.609295734619204,0.5875774421092932,0.7014713851785379,0.6279365862837775,0.6147683568325293,0.625444253876327,0.6399682168580803,0.6222401975608943,0.6184254606074338,0.6167219835030775,0.6216663524513417,0.6227752796153776
934.jpg,0,0.6004061934072524,78,0.024937063055250765,0,0.5913887747061031,0.6335926740216112,0.6045555797103771,0.6805127565254336,0.7097417833477732,0.6823027927437424,0.7067182279101148,0.6786660119530571,0.6892598790023552,0.676049040966257,0.6399283228335236,0.7023580263926859,0.7006143691185218
935.jpg,8,0.6964501318771664,82,0.023290307430046574,1,0.5917396659930574,0.5687291150125338,0.5733576720684741,0.6043775675057439,0.7104219304158453,0.6990870476512139,0.6949034941787943,0.7085281319044395,0.7007536736982594,0.6896430624095586,0.689079504506778,0.7063861463977391,0.6982480718427558
936.jpg,9,0.5153465344163124,80,0.02814505894669528,0,0.5918679684086793,0.6039810672505206,0.5849352816797986,0.6089408957775833,0.5894539281319231,0.5535247984432569,0.560624650906899,0.5647033652132485,0.5437757443710006,0.5529122257130674,0.5411513353199994,0.5939568646432776,0.5570747246750779
938.jpg,8,0.6588988135023633,82,0.025653520579304114,0,0.5917396659930574,0.5846682294007856,0.5860324066899383,0.5611047874334776,0.6201692089666724,0.61996239759513,0.6216596443844296,0.6210224217201071,0.6272253902383074,0.6263236154975295,0.6428979042154894,0.6113063056175979,0.6229491440726223
939.jpg,7,0.6750397241593878,81,0.023488589646760785,0,0.5898993401072392,0.5800303135747449,0.5713501187247477,0.5887949872047682,0.6825229761986287,0.7164297071799144,0.6990952312688767,0.6657847477908829,0.6862859234705403,0.7050845888492483,0.6982735655875356,0.6946272701786651,0.7077624692243956
940.jpg,4,0.60926033503869,85,0.022664188181387348,0,0.5902988745549166,0.5915243181792411,0.5606938532435757,0.5938916660013696,0.6645151991558657,0.6609051342275108,0.661667073031634,0.6676872204761887,0.6532078778607737,0.6566122296022204,0.673745530581559,0.6965928134743099,0.6612861036295724
941.jpg,4,0.6816895926347026,77,0.03233344065072507,0,0.5902988745549166,0.6404577627643827,0.660776195330855,0.6104122527603963,0.6534957337450255,0.716216190822513,0.7006740728356234,0.66294347670688,0.731669071083917,0.7114224300786922,0.7512698999830627,0.6637012297118867,0.7084451318290682
942.jpg,8,0.30807311558284056,78,0.02430026488637616,0,0.5917396659930574,0.5501259444042284,0.5726259932508828,0.5294242307384285,0.421279790584802,0.4326365221148947,0.4450885817860255,0.41368136984513776,0.4597642361065304,0.43694116802129346,0.44999622375594495,0.38700612552721075,0.4458297800024835
943.jpg,7,0.5526783477204541,78,0.02724768133481655,0,0.5898993401072392,0.5419883433265847,0.5489972897815989,0.5426622148842679,0.5530479290017919,0.5540004666453786,0.5576906795311576,0.572233152467397,0.5652710368523357,0.5603724729526183,0.5866635422360476,0.5588228611834841,0.5558455730882681
945.jpg,5,0.5332045388555654,82,0.02855502396578926,0,0.5919925198627172,0.5642775545432912,0.5705589703239139,0.5184034870844645,0.5394138732129414,0.5347578485289506,0.5483883157054303,0.5605244742947086,0.5435881515313945,0.5503992270920095,0.5565177935712199,0.544924972891464,0.5415730821171905
946.jpg,5,0.5889819740102842,78,0.020760862389655802,0,0.5919925198627172,0.5615933560719515,0.5634769252753724,0.5343864728027372,0.5775244082462795,0.5647591655452149,0.5832125772470387,0.5776290130658771,0.5789552146298058,0.5972009228150814,0.58737461470462,0.5748808135714849,0.5739858713961268
948.jpg,8,0.785080221877701,87,0.024291852676626667,1,0.5917396659930574,0.6558938041939215,0.6405274739178541,0.7745158838477515,0.7735759316816679,0.7682365546657735,0.7817039871351553,0.8120808818148488,0.7686300190765045,0.7876433442945454,0.7792084007478025,0.7870363890618246,0.772856853625811
949.jpg,7,0.6331803898792714,82,0.02616125237553672,0,0.5898993401072392,0.5416188962060043,0.5609889265178811,0.6188572699878728,0.6015148030436838,0.61409671283233,0.603506895312937,0.5946118695783469,0.6069926539851846,0.6103656706362045,0.5726514843493093,0.6169064590991664,0.6088018040726335
950.jpg,2,0.7101067232040615,77,0.01960783330158866,1,0.5902173832813419,0.5611058347484779,0.5753275839586932,0.5882552154382726,0.6441389321751329,0.6449463121652572,0.6660070457813408,0.6535632134710617,0.6572210947145836,0.6557737861398548,0.6452031233391566,0.6487917275282329,0.6554766789732991
951.jpg,3,0.6448671151148645,76,0.026645255855548246,0,0.5931047687926164,0.599307435263548,0.5812537606748491,0.6379294541803662,0.6628545813648836,0.6771838181066712,0.6680802238802759,0.6791105811922382,0.6673319735979537,0.683983651149324,0.6109230943552748,0.6627137955419016,0.6703561224368747
952.jpg,7,0.5298299061564299,78,0.024567641564791447,0,0.5898993401072392,0.5647895006440593,0.5703453375282495,0.537920305952344,0.5334853662763726,0.5519492674892366,0.5447396330477474,0.5325042000302611,0.5494942286550036,0.5532670122704443,0.5526913229961886,0.5443247242281536,0.548344450268492
953.jpg,8,0.5449080619949936,84,0.02706746122605878,0,0.5917396659930574,0.6563669926913551,0.6310445393660506,0.7129791834974086,0.5906329242439607,0.5815440811789869,0.5996724921932619,0.5937840721839717,0.5652661386359188,0.5983421604871362,0.6068382640830223,0.5918990876024552,0.5821609040027225
955.jpg,3,0.6915511506795883,75,0.0231169540376247,1,0.5931047687926164,0.5950840235957457,0.5939683843696962,0.6332970590791202,0.7074927412521461,0.719640578801041,0.7084900691705415,0.6800910234390254,0.7002694303784751,0.7107570180971,0.6913204568366154,0.704384843887525,0.7112776965781663
957.jpg,8,0.3948019799892791,80,0.023207434891364072,0,0.5917396659930574,0.5474054161043364,0.5740301654035485,0.5102562605804206,0.4835693203294268,0.4818021288144603,0.48674709613977774,0.5071927890155927,0.501960977793622,0.4918324617028272,0.46974608110842697,0.4807967290418881,0.49017006758262
958.jpg,6,0.5471753051340141,85,0.02307970420414755,0,0.5906865876237833,0.6028101853404473,0.6138639207151361,0.607831477751175,0.5287452860403258,0.5645822021662507,0.5596753450269972,0.5375804797689602,0.5553873199580724,0.5543891695171764,0.5532842630397854,0.5363291059060233,0.5621287735966239
959.jpg,9,0.5352320945882177,77,0.024775469630404737,0,0.5918679684086793,0.5686837506776983,0.5837029098884601,0.5881987838595304,0.5188320196355478,0.5360219683545832,0.5264288538195007,0.5222773911792957,0.5428359562680711,0.5197265451184865,0.5465764253835191,0.5495452996479566,0.5312254110870419
964.jpg,1,0.5432516948356735,76,0.02538320394004818,0,0.590891107753822,0.6004542458578698,0.5873451335269595,0.6079794825062417,0.5701073223442695,0.5686900685769661,0.5703106519766364,0.5627696809173389,0.5734404452606802,0.552693379579525,0.6020392523520885,0.5697005963745172,0.5695003602768013
966.jpg,0,0.4413185212647588,82,0.02534552987959642,0,0.5913887747061031,0.6172639217055764,0.6141539827992802,0.6346599271864767,0.5321778088748196,0.5120439443474716,0.5080953031023855,0.495533309111648,0.4939859926218921,0.49787500413492947,0.506596213471698,0.5166156060173047,0.509082463413657
969.jpg,2,0.488548250369593,83,0.02458357419800094,0,0.5902173832813419,0.5836515930748121,0.5811781668682783,0.5857899220617945,0.4846251894754275,0.47372621810399285,0.48980318062594547,0.49202764406099175,0.49519543896630475,0.4925987633564045,0.5071471592352573,0.4886547538864092,0.48176469936496913
970.jpg,1,0.3989374525447535,82,0.026547435964099978,0,0.590891107753822,0.5554176448252197,0.5660173455063506,0.470432332608622,0.42411451155164187,0.41568687896573653,0.41771605386169924,0.41151996269667035,0.4288498031931332,0.4139440186171211,0.4004802461474358,0.4261287004114749,0.41670146641371786
971.jpg,4,0.7390052897985592,86,0.024283960494046648,1,0.5902988745549166,0.6100203203100656,0.5838930917495393,0.699312902992994,0.6728432005703497,0.6903557527478185,0.7004776277550485,0.6879538346980638,0.7087280024540323,0.7099343046150007,0.6978798044975795,0.6610828669872434,0.6954166902514335
973.jpg,1,0.6570343065053917,86,0.02191962836170409,0,0.590891107753822,0.5323543814926779,0.5558425346628875,0.5285653167617164,0.6358644842219234,0.6434623941922412,0.6442079505226208,0.609367623903707,0.6458649203692675,0.6442273450247061,0.6199457992715877,0.6358323701544627,0.6438351723574309
977.jpg,6,0.5418704516725638,83,0.0239892305846135,0,0.5906865876237833,0.5388967050205065,0.5466913975414064,0.6020701211121959,0.5561765821599303,0.5594469788553919,0.5298974465769523,0.5479068284603876,0.554992432874127,0.5735572697505779,0.5488066354381841,0.5579941133588701,0.544672212716172
980.jpg,2,0.3108657028597708,78,0.024541781534345383,0,0.5902173832813419,0.633464864175426,0.628726421120015,0.6026287315426007,0.3581774770989347,0.3200671219318808,0.3569291689784785,0.38664358266279875,0.3446683854574819,0.3748530348618674,0.41144427018777563,0.38017626518892467,0.33849814545517964
981.jpg,0,0.45587336236932946,81,0.023970693268273578,0,0.5913887747061031,0.5262817888288912,0.5572810629408382,0.4249604438940504,0.4562995632456843,0.470635869744856,0.44814243485104177,0.43881259245990745,0.4665814761790834,0.4746077730702857,0.45311186959116323,0.4653524003938645,0.45376579357449537
983.jpg,1,0.6732062050026416,81,0.022062707815601018,0,0.590891107753822,0.5647657053055622,0.5468658554957924,0.5140652554101943,0.6253068807780894,0.6412253668023934,0.6250038288206526,0.630510736733532,0.6263931077783931,0.6233332053519014,0.6192674647427531,0.6221298950374309,0.633114597811523
985.jpg,7,0.566394870991216,85,0.023581197487684013,0,0.5898993401072392,0.6278890457973932,0.6165628823456811,0.6055606260455231,0.6303293445705367,0.614472230644866,0.6240444992027099,0.609962530034542,0.6110951454111073,0.6195546040471944,0.6180488027059322,0.6362190435089129,0.6192583649237879
986.jpg,8,0.4034653466544114,80,0.02519438819107834,0,0.5917396659930574,0.5900030641686334,0.6085626745301962,0.5334787493687023,0.46891808568682114,0.479146963480823,0.4746436209496079,0.4588714019875671,0.47931370833560893,0.47519371332451127,0.42065437349228385,0.4794915865007916,0.4777014309220132
988.jpg,4,0.5417511609483914,83,0.022606705840495067,0,0.5902988745549166,0.6174251922087808,0.6537854139015631,0.6827114417229859,0.540559605042807,0.5794412175397085,0.5965634509963799,0.5561527239287724,0.5821962038270937,0.5807654231460686,0.6080341910442744,0.5497188389960502,0.5880023342680442
989.jpg,3,0.4715634357877249,86,0.02536102107184697,0,0.5931047687926164,0.5988101043939563,0.5875860783793712,0.5630537011494829,0.5260961141708667,0.5292716506149944,0.5197593381778766,0.5219238221362497,0.5227818485462996,0.5270703488369494,0.46874668585729784,0.5246575466013942,0.522137416287156
990.jpg,2,0.7645496202678215,82,0.024897552758734842,1,0.5902173832813419,0.6543883083771781,0.6066604428142787,0.7346780300455653,0.7293582626096494,0.7225587162870009,0.7166014946855032,0.7379823339290905,0.7122684925378602,0.7194690302811817,0.7389385406684399,0.7269790539861972,0.7195801054862521
992.jpg,9,0.5889866774453333,81,0.02668390102452549,0,0.5918679684086793,0.6305764936002386,0.6182621209776041,0.6734177579343981,0.5991552767450535,0.5926870521589517,0.607477130632777,0.6298951740350023,0.6212307149216515,0.6115322184959597,0.6708475111770591,0.5857178138448224,0.6000820913958643
993.jpg,7,0.8410215916281397,88,0.020123872416786082,1,0.5898993401072392,0.5956149710155718,0.5912998868984063,0.7129940824862568,0.8428945498331252,0.8247545007791235,0.837711291644859,0.8566995076801687,0.8156777597507423,0.8319909067972427,0.7897857009367493,0.8580390385615604,0.8312328962119913
996.jpg,1,0.5155586968397811,84,0.024253698614518083,0,0.590891107753822,0.6395687550383106,0.6313569756231737,0.5763015967743088,0.5558682918686493,0.5452358758495472,0.5482112378333536,0.5287828116862796,0.5471334784465767,0.5104907049135007,0.5129053559508543,0.5568798554630413,0.5467235568414504
997.jpg,6,0.8400930355650833,83,0.02267756119258918,1,0.5906865876237833,0.6292210166041898,0.6269607325822262,0.79189696131674,0.8754501517273283,0.8447945246380836,0.8282220963025969,0.856244728230465,0.8282805190991279,0.8278137974789297,0.7955124863124033,0.8647790045835723,0.8365083104703402
998.jpg,8,0.44911351579587994,86,0.024783560558871664,0,0.5917396659930574,0.5376014782647253,0.5647107588848643,0.39668918973498946,0.4657998380413052,0.45590871535666966,0.46397355447276634,0.45881203610881743,0.43865083192533105,0.46531993702253344,0.453995557098133,0.46052868341300435,0.45284436725158894
999.jpg,6,0.7310230998056275,84,0.018865524264378923,1,0.5906865876237833,0.5746632476946141,0.5766446061498703,0.5816710314522895,0.726241332278264,0.6860927309607173,0.6833408465654539,0.6661284420393394,0.6776924041419022,0.7217379423812946,0.7063419414405968,0.6864086081876992,0.6847167887630856
1000.jpg,2,0.5166154577632317,87,0.02016617617125231,0,0.5902173832813419,0.5998350983051521,0.6039900412221857,0.5978593726193145,0.5173026013214894,0.5269796409469988,0.5104385648566991,0.497246916699043,0.5092236499039948,0.5066663812410861,0.508558832845662,0.5074611775429337,0.5187091029018489
1001.jpg,0,0.7665208330497059,86,0.022316187836042882,1,0.5913887747061031,0.6053718422572808,0.5933730974559179,0.7022531218099721,0.7681766802740323,0.7803220416150383,0.770752992964364,0.7946676569635145,0.7708499516160119,0.7768781798352123,0.7129408332072498,0.7895315450028324,0.7731452551270326
1002.jpg,8,0.5031503134470602,88,0.024554879805469363,0,0.5917396659930574,0.5735352624694156,0.5670836751351669,0.5181101019829812,0.5184347284881822,0.5070432402907528,0.5085442145769672,0.5228556776590854,0.49820716137734133,0.5084054117524116,0.4844257596057692,0.5280020934874611,0.5045982054150204
