face,fold,human_mean,rater_count,reference_linear,reference_isotonic,original16/ridge,original16/lasso,original16/evolved_ridge,similar32/ridge,similar32/lasso,similar32/evolved_ridge,exploratory32/ridge,exploratory32/lasso,exploratory32/evolved_ridge
1.jpg,4,0.19277810301248202,34,0.3953815493132854,0.3383172649725063,0.2239562502130969,0.22337944626820316,0.22013854151984769,0.23234019771510206,0.23244606538416496,0.23423288903200423,0.2229524688799979,0.2193297320370615,0.21168631199286653
2.jpg,1,0.755162649495261,35,0.5899094492763666,0.6137516482320498,0.740640469943307,0.7343167711177271,0.7526995644706248,0.7543764469475707,0.7533049001206157,0.7517817536135079,0.7419892120066081,0.7417661466619097,0.7430985790546449
3.jpg,4,0.23401123852896932,37,0.2618361685706957,0.24372811729248128,0.25238740996672354,0.24742721471820783,0.24627329873335524,0.2476669606006524,0.2464963733303971,0.24693489875316438,0.21051178308047735,0.2058867385521409,0.204171296624105
4.jpg,1,0.5943199521616885,38,0.589431878453406,0.6137516482320498,0.6554353849938882,0.6540632121405179,0.6573233117717545,0.6437186478244414,0.6439307404361005,0.6417840180180207,0.651971537719078,0.6530337215776857,0.6564888948190034
5.jpg,4,0.8227722746985299,35,0.6444319449753216,0.6769861717652493,0.7239669576479785,0.7268787370308076,0.7278627540687733,0.725500261470904,0.7279745259669305,0.7303588049631893,0.7529184404738283,0.7565348142857724,0.7437996155887093
6.jpg,3,0.3282959886679524,38,0.4069020087554416,0.35583977441868664,0.2553416160122898,0.25503630755147966,0.2550003459123447,0.2767442978517655,0.28014796875282216,0.2805805743887137,0.2726356636781321,0.2735411872860237,0.265580728281416
7.jpg,4,0.388613860679066,36,0.45399701458210767,0.45544693268756864,0.4673989430730837,0.47252033681604005,0.4707182528659544,0.46831779991488953,0.4728462203309761,0.4695575515402618,0.4364128722233897,0.43738829079719566,0.4441516912141021
8.jpg,1,0.7727983327288377,38,0.7158185461834449,0.6825222536439789,0.7377475403586357,0.7321903040585296,0.7232695975762704,0.7536235674862983,0.7552265956630804,0.7493150221116742,0.7554343762852543,0.7590156873594467,0.7643135984176681
9.jpg,0,0.700120008353031,33,0.5280892299995548,0.5523437651196185,0.6887379122955146,0.6845935988864008,0.6866809420281232,0.6947201353266286,0.6947886275955263,0.6973537819379029,0.6901162417882457,0.6895712891335688,0.6914205974504555
10.jpg,3,0.24387701996602118,38,0.383396486618944,0.29399570706381173,0.30887417726605193,0.3094575300159105,0.30676670171822273,0.2929474887472222,0.2935647025438979,0.29600619648983484,0.30234377427210873,0.3014129511534597,0.29651549657860254
11.jpg,8,0.6491336580365896,32,0.6927650274000642,0.6864042550519871,0.7269322132381175,0.7254274189727943,0.722763410234867,0.694974694816621,0.6975315963102744,0.6976266246657599,0.7203773487209999,0.7199439391555142,0.7158573299383137
12.jpg,7,0.682343237929874,36,0.6778342053234625,0.6795031808587857,0.6599534226491194,0.6552568253354747,0.6572454905753359,0.6625360036664703,0.6657591705341446,0.6640941589195843,0.6748533055033724,0.6781092770451833,0.6781036472928507
13.jpg,6,0.7154134310580589,37,0.5415146724135775,0.5758110428699196,0.6494823534641561,0.6533485301017695,0.6525781453107228,0.6644188857657323,0.6651005080319279,0.6685502217344879,0.6567572612820728,0.6553018165221696,0.658197323241477
14.jpg,3,0.7718758357537759,37,0.6576351816797683,0.683372863568541,0.7314360952879617,0.7312752515725198,0.7310901308298294,0.7513897086506606,0.7509002271323633,0.7525586836103745,0.7452699455142255,0.7447042386137752,0.7454046955133726
15.jpg,9,0.28921313293425266,38,0.5183943265139472,0.5146166210601986,0.30768917408389185,0.3091625547970519,0.30465269526303074,0.2604406546152289,0.2672839414455889,0.2613865214749532,0.30764085764679605,0.3051563134167501,0.30345840784999534
16.jpg,7,0.20346534680575132,40,0.4157472606953405,0.3715750961573932,0.2272466791016578,0.23233190657981134,0.22904251039292173,0.2220617736000997,0.22723935387104077,0.22773821270241362,0.23411250963532512,0.23308050367499417,0.23645725751648802
17.jpg,1,0.3480905253972326,35,0.5429249628333473,0.6137516482320498,0.3375125441044786,0.3388100821710057,0.3331357090694739,0.33476004750387955,0.33404521627465955,0.3272399741039295,0.3436508047396477,0.3444131291646785,0.3410182027712383
18.jpg,5,0.6050782492083888,31,0.5984112509201647,0.6240476208925774,0.6198122099126573,0.6193829679308709,0.6253516136095261,0.619129926201225,0.6165507818200363,0.6218547971290103,0.6297689600395396,0.6314717461741747,0.6239359900066489
19.jpg,5,0.6750911897734592,38,0.6673080189344115,0.68933366150909,0.6310441187129797,0.6350802499184002,0.6325225959093201,0.6398309559330408,0.6376312651531029,0.6459977795146273,0.6341488920132593,0.6353631423987092,0.6312760271602509
20.jpg,7,0.6763446604883349,37,0.5370355900700222,0.5984963221067072,0.6734934224957623,0.6710890999388393,0.6721151684693061,0.6827871824271619,0.6787967249491738,0.6772896326600157,0.6777569509825279,0.6689638227481677,0.676487731402848
21.jpg,3,0.4896039579063654,40,0.6080303542423671,0.6379961598449211,0.44669320501295495,0.4429767256404611,0.4430806457589699,0.4299972466366321,0.42717070915342925,0.42536667917590004,0.45658237031028176,0.4549234675651589,0.45308161547596254
22.jpg,5,0.6624297580203494,37,0.6322420486554243,0.6541632690150905,0.6602778371168816,0.6616815090266043,0.6659920610289779,0.653795169545265,0.6602673997968078,0.6614247719869769,0.6503815596202965,0.644948220511308,0.6486582795926155
23.jpg,3,0.555728428704398,35,0.5131328663795305,0.5082321906261352,0.5500578152914988,0.5478481243399165,0.5472743999394567,0.5649065165137647,0.5628197824511063,0.5650524145013222,0.5295436479619304,0.5308157055463955,0.5306542575351337
24.jpg,5,0.4301719649841911,38,0.397388465187272,0.3193515722987505,0.35823230759730695,0.36341614336355954,0.3678453648796176,0.3579614422029972,0.35910326447644103,0.36722754940696284,0.36859614781225114,0.37019146017359394,0.3676445032424068
25.jpg,6,0.6956114543450845,37,0.5329450403058491,0.5758110428699196,0.6669300933743998,0.6648600291953114,0.6667427874873575,0.6927539259684973,0.6938185475146877,0.694582030936492,0.674254349136314,0.6734181178837891,0.672107934042926
26.jpg,7,0.5602087233517621,37,0.5619175339662682,0.6110795464047756,0.5676398185686461,0.5690113997692458,0.5693896653296462,0.5274912999574721,0.5292721373850743,0.5250648494397976,0.5504107914397781,0.5512736087682715,0.5488397044090556
27.jpg,2,0.7698727011680603,35,0.5270227186425539,0.5500186539522405,0.7640125691829305,0.7603213369597648,0.7626858125235727,0.7535697983920753,0.7537333793459468,0.7528195175658869,0.7761558210029931,0.7748237976850377,0.7761714736412259
28.jpg,7,0.4028321428354396,43,0.3594444013111653,0.2919790583985376,0.23338285762430905,0.2353047080451226,0.23122220400991367,0.23255519958452286,0.2306071762417855,0.23158432857880223,0.20526397154954323,0.2108826843412033,0.20924893196389133
29.jpg,7,0.5498049810077205,33,0.627542039928599,0.6625099997279872,0.5133915317160999,0.5167945727396854,0.514136051190394,0.5197426869012893,0.5203997729196643,0.515622703127081,0.497799847490794,0.500551454022058,0.49534424406712785
30.jpg,9,0.8215216241384807,38,0.6990797402686528,0.6844889856360925,0.7598354138248413,0.7644719632636272,0.7634604434281318,0.7515586696779364,0.7555854996795044,0.7560326304964804,0.7475839493526959,0.7501452672965556,0.7465228362742975
31.jpg,0,0.35544554250580923,35,0.5238604051832563,0.5301190849919707,0.3581742488239481,0.3635826500578664,0.3680587504394077,0.33517491666769184,0.3336612899650803,0.3342629191793374,0.3254027868983436,0.3220134325531234,0.3291441697509101
32.jpg,6,0.7615945778395,38,0.7993309514230519,0.7052579867870741,0.7878011490859773,0.7845577348748867,0.7872047396704445,0.7886938269188697,0.7871917462061195,0.7826785193160251,0.814160905586472,0.8142145554235993,0.8178809737253867
33.jpg,8,0.547631785676286,37,0.7474287843881344,0.7058198975538993,0.6452857486729136,0.6442369419191093,0.6499741069086963,0.6346705640740578,0.6323218495395315,0.6335535475523709,0.6356174376883004,0.6365513848151236,0.6399051439209763
34.jpg,4,0.8702449139795805,38,0.7609948366103434,0.7050249411790184,0.7622924307111076,0.7619477937735974,0.7645120577361924,0.7814332653537824,0.7794792538624301,0.7780875848309163,0.7690413973048564,0.7692295269195197,0.7682928624159271
35.jpg,7,0.2636138616944663,32,0.38749940288887996,0.3039549591892731,0.3066710351571891,0.31054390159901957,0.31215235506882855,0.3202157205320322,0.3265643930146998,0.31801387714017615,0.30419278104850056,0.2969632673936489,0.3047477107646904
36.jpg,8,0.4968733691463345,38,0.41528886001072274,0.36499691714570986,0.4654742553072374,0.46459732165525036,0.4652872394671259,0.45719888262136626,0.4559992138971114,0.45647760286494177,0.46509042655675265,0.46357692203094303,0.46427529009806906
37.jpg,2,0.3625176810792514,35,0.499958356435021,0.5171144978812048,0.2941209448406095,0.2889168516722179,0.2949208386910159,0.2951073330811036,0.29451725893464614,0.2934854599268299,0.31211975819907134,0.3129070063221864,0.3166061090454416
38.jpg,7,0.63937547038763,39,0.48795591665216304,0.47466851209581773,0.5736133065146315,0.5772781428883719,0.5771898442454052,0.5830967448431669,0.5851246982773521,0.5954201708273956,0.5944810910613479,0.5962160461417074,0.5933691313143276
39.jpg,1,0.6934706971452043,37,0.5790081308569714,0.6137516482320498,0.707020592779241,0.7080379617501381,0.7069059828973208,0.7089064405287138,0.7086352260914619,0.7082585992374919,0.7173320778807278,0.7190144739483353,0.7227103388810433
40.jpg,8,0.6544554420879909,35,0.5187321342339981,0.5214123137762356,0.5856496056689133,0.5912477120532849,0.5840569076032314,0.5988328935002742,0.597868214287402,0.5923442511770189,0.6102715793666178,0.6111689959886603,0.6095405365744966
41.jpg,5,0.5181518126693037,36,0.6161928188003776,0.6324950027566849,0.6569330702471101,0.659427520207522,0.6645140546271153,0.6476048829525749,0.6463605173681662,0.6524450275893043,0.6364802037387189,0.6325078574244234,0.6340647951920221
42.jpg,5,0.5858977759206617,37,0.5424951961316691,0.5831379087982801,0.530953754438279,0.5346113307548361,0.5418094393843281,0.5301579937175862,0.5284181554752129,0.5329066692350805,0.5308649960796431,0.5366888288714022,0.5293827632001029
43.jpg,2,0.7347117066383362,34,0.5448235847672609,0.6093735033361544,0.7186100559632873,0.7202846823164395,0.7187945467707942,0.7217787408487972,0.7212255293031267,0.7187533784247659,0.7095023624341061,0.7101397721690468,0.7127826258018086
44.jpg,1,0.49066477886268073,35,0.6674476385473909,0.6825222536439789,0.5658804018648163,0.566400339705706,0.566068744458935,0.5472936829428421,0.5463835186215276,0.5432762598639668,0.5580200061674754,0.5548623475039154,0.5527675833461758
45.jpg,0,0.5223479475293841,35,0.5242443638212901,0.5301190849919707,0.5162830797935521,0.5189585322675939,0.5213149465909926,0.513949908615621,0.5147947386482659,0.5171337896996901,0.5303890416338085,0.5460235475179556,0.5559102862784936
46.jpg,4,0.7004950493574142,32,0.615647286801664,0.6249172548023157,0.6540814473879532,0.6558060159594519,0.6514901818264897,0.6877912133859099,0.6855165998942809,0.687982629880313,0.6657866409366244,0.664842922539528,0.6673479680223637
47.jpg,1,0.60313531011343,36,0.740874568141249,0.7128853061898236,0.6255518116915103,0.6247362301460484,0.6256720046015783,0.6469228850552602,0.6499788001716097,0.6561965944291703,0.6281199397853664,0.6281936962280629,0.6277285893883736
48.jpg,0,0.5662816315889359,36,0.4145087993005304,0.348361703483799,0.5059431733658811,0.5062423027465499,0.5051129456536081,0.4918398460561484,0.49267655184067755,0.48898556557021666,0.48938095228817446,0.4883784158230399,0.4831331560790121
49.jpg,4,0.5623494741078969,37,0.6180085816428009,0.6249172548023157,0.5085939399151169,0.5087366912032952,0.5021886042362887,0.48831551999400186,0.490510582543385,0.4834964325798107,0.4892241471112613,0.4848045846788386,0.4922065963630903
50.jpg,4,0.6267876815464761,36,0.6955200963424812,0.6802152775218324,0.7386460670573292,0.7388894438699289,0.739896627006583,0.7317171723356235,0.7315567778671921,0.732315537709725,0.7267975080802851,0.7261624607512449,0.7293196086165443
51.jpg,0,0.6489863232487724,42,0.5949603150781704,0.6110726030022068,0.6727567398765374,0.6716853105401275,0.6799628450215792,0.6663075638467086,0.6666411549805258,0.6691772534482141,0.6751560793226946,0.6736959118584641,0.67424963413038
52.jpg,1,0.22861132290787423,39,0.314961786744124,0.2824396654878372,0.15613637365934085,0.15629412582822516,0.1621903092081886,0.1665442096057046,0.16735038320126444,0.16633591167628647,0.16812105201798405,0.1680726898147596,0.16444424783171863
53.jpg,5,0.30745179696302666,38,0.5326695125614829,0.5831379087982801,0.2636837383510393,0.2626249609913941,0.2579410143319863,0.27216625071661066,0.2746433723209961,0.2748492668463939,0.2743505254902584,0.2754636334941315,0.2731067459868465
54.jpg,8,0.38599717212574824,35,0.5061323382993945,0.5082229014711247,0.342134866970286,0.3428919903543018,0.3416297567287174,0.36273655649079395,0.36198466832421516,0.35882762776570154,0.341686393316485,0.341447367948834,0.34171482913451345
55.jpg,8,0.7089629988921317,38,0.7876404403878091,0.7058198975538993,0.7455577139463091,0.746225815558874,0.7443362244877094,0.7398548007640103,0.7399645616406434,0.73910654226588,0.7405669020552597,0.7373769644792922,0.7390107349813101
56.jpg,6,0.7445812120630935,37,0.5145172046807716,0.49455131021060894,0.7786547664248439,0.7674401936796862,0.762206344801434,0.7877030940300788,0.7875354462192874,0.7800703505417903,0.7794799670862095,0.7808551387053166,0.7782165509070926
57.jpg,0,0.667416740547527,33,0.7133594902376437,0.6934669715162348,0.6655220015631653,0.6579262360043929,0.6631315951514651,0.6502322172374602,0.6489178938889362,0.6491793635809378,0.6683369916069739,0.6679597078506125,0.6653510567306946
58.jpg,6,0.5613861390522548,35,0.5270531156980585,0.5601463447358398,0.5832725280776119,0.5875933376724185,0.5817148426500409,0.5771960032213765,0.5775085621299393,0.5785456768843835,0.560942198767505,0.55942774467263,0.5520824140757149
59.jpg,2,0.6858910858631134,40,0.7879334973603778,0.7061994332396303,0.684123189123709,0.681553956441449,0.6791020537048876,0.6770456149936475,0.6796906858453249,0.6825456291004041,0.6775914669962859,0.6762042747055151,0.6779572749319258
60.jpg,2,0.3409840995163629,33,0.5607644265446432,0.6093735033361544,0.1990352603222077,0.19941963981716354,0.19969744935973127,0.20764757392047123,0.2059154548529204,0.20215476880328592,0.2042026603643166,0.20496101739145678,0.20332772736823845
61.jpg,9,0.41490500444244294,37,0.5676117946127432,0.6182401308167138,0.28768932175064243,0.2897436543184061,0.27679803951787085,0.30478489007492315,0.30207983333251515,0.2944138520263675,0.30305357686664575,0.3033930970423535,0.30326021645800383
62.jpg,7,0.549504951470428,36,0.6026041515030864,0.6267241617233461,0.5367492684387493,0.5383788975477481,0.5397420919696037,0.5299785721350159,0.5308826674468543,0.5327786197007718,0.5442163518454771,0.539544944538714,0.542614952093459
63.jpg,5,0.58580857846472,36,0.5199543235924585,0.5438911000871274,0.5609332410544448,0.566644809596044,0.5680321572402245,0.5735886294628454,0.5703627701097629,0.5806920991787047,0.5541821231986277,0.5628834158729561,0.5563249181959359
64.jpg,6,0.722189864691566,34,0.5432289149519977,0.6068352934455585,0.7377177557743402,0.7434559123034583,0.7469358477037773,0.7685366883437703,0.7689402031041614,0.771393727659435,0.7420411999808376,0.7410377740732224,0.7394878223426922
65.jpg,2,0.34008400830807106,33,0.40207804311747164,0.3491939344554165,0.2508896403479222,0.2522311773245399,0.2524826964041955,0.2399172950139506,0.23839338621056427,0.242816982782105,0.22875466384240414,0.22518785539217592,0.22125491483979934
66.jpg,3,0.6685773777334314,38,0.6979728818805824,0.683372863568541,0.6811783895688717,0.6826270027685134,0.6787024211490379,0.683725927118323,0.682509282305396,0.6868057146126118,0.6571036016165827,0.6585450914436202,0.6614052798575738
67.jpg,5,0.3204442084691412,37,0.47885029807978935,0.4652255077299444,0.2283844327743152,0.2313018404082431,0.22466673407718601,0.25139137599514794,0.2501470265392985,0.25238800203144246,0.20139812888975409,0.20598955335047686,0.20400899286133295
68.jpg,6,0.7071591692093091,39,0.6667704518830986,0.6873348088313098,0.6660593623538895,0.6685718329845423,0.6730321505969425,0.6860090295531328,0.6862843851819351,0.6894290224708375,0.681317325085584,0.6815282932146178,0.6839676593036859
69.jpg,6,0.7371160143460983,39,0.675271377963888,0.6873348088313098,0.7849502246493854,0.787641154459958,0.7891758524206252,0.7762938066620911,0.777127099418095,0.7772300662674048,0.7849782792058977,0.7830289976307241,0.784574826901856
70.jpg,1,0.5677013630802566,37,0.4684974566307678,0.4501785780925152,0.5705561172506294,0.577313258468732,0.570917939340943,0.5614864937408764,0.5632683653177547,0.558110497561901,0.5751772896369588,0.5750289331892562,0.5756046474381542
71.jpg,4,0.8018387539046151,35,0.686623550112258,0.6802152775218324,0.7724594277605408,0.7730239234689874,0.7708456969574313,0.769498899128581,0.7672881824977329,0.7642522941049128,0.7546283918515653,0.7538219755217482,0.7606198294879511
72.jpg,8,0.2811360093642418,38,0.2725005596582092,0.26320970351677647,0.22764055831039398,0.22267736427032186,0.22792306064427148,0.24599521968625576,0.24341349039614585,0.24316790083514334,0.2338077122275307,0.23358814337711176,0.23266328036850403
73.jpg,7,0.5848274005425943,37,0.8321373776662231,0.7588108596132205,0.655387176236656,0.6570023610008584,0.6596186964376192,0.6721770013458729,0.6731451546191127,0.6798760546459325,0.6620651691216889,0.6675539446575185,0.662069211434029
74.jpg,9,0.5601875919260477,38,0.5413655048769475,0.577841453086931,0.6288753233568755,0.6232841331719009,0.629214925637998,0.6137090856744009,0.6135410785656635,0.6196023008350756,0.6173320101054425,0.6173821623496379,0.617938602452256
75.jpg,7,0.19219569092178168,34,0.3872506021308675,0.3039549591892731,0.1993849259490431,0.20535325556245787,0.20346702174581677,0.19993058910841133,0.20037492312199856,0.2036458241667808,0.20421159228333602,0.20960535060184776,0.2053662670823821
76.jpg,3,0.6656165628722219,33,0.5938199220977775,0.6113875065814512,0.720823259875743,0.7131058575939885,0.7160200142625494,0.7064919836392758,0.7053525476808156,0.7010202544698609,0.7118560355777791,0.7112918762236426,0.7116693824213107
77.jpg,8,0.775577555100123,36,0.6152942392372682,0.623607839553141,0.6878965920830493,0.6886086301024265,0.6851241147833032,0.7102310850032676,0.7106373244441047,0.7059133560304229,0.6988492756242397,0.699987354046174,0.6951252465065347
78.jpg,8,0.24441630394349612,43,0.2578553351600734,0.24164710420957594,0.23423510774944667,0.2348595487048254,0.23391777172940054,0.25418780202187463,0.25235800485880694,0.25434272181045076,0.2322610508113243,0.23155132529541592,0.23439454845639468
79.jpg,0,0.7642802748924646,39,0.6850740483656338,0.6817370741371862,0.701578152869993,0.7043850595239437,0.6995133623775908,0.7002074588113565,0.7017177006708322,0.7057079312223118,0.660910196472383,0.6663919545171604,0.6703110537356816
80.jpg,0,0.33041381008493215,39,0.3667940432714374,0.3077300586033339,0.2518431214055203,0.25866039987221956,0.2668847777216422,0.2263600189995777,0.22453273942528695,0.23018738368699054,0.25032178086827983,0.2513735688461075,0.252742325670379
81.jpg,6,0.48217821972710745,35,0.7236315301417984,0.6875791658047509,0.5605991124646018,0.5593718953828002,0.562092447206138,0.5562548841357537,0.5574098240526572,0.5546415247039791,0.569793774831232,0.5678104427361157,0.5696110701774115
82.jpg,5,0.5717071710210858,33,0.6023628038816303,0.6240476208925774,0.602479654943973,0.5982726066188263,0.5848058674968666,0.6016418341645265,0.6006376832602641,0.5963806520325997,0.6131942754447248,0.6132450297508578,0.6183363591094952
83.jpg,0,0.693493630204882,35,0.5909462020441796,0.6110726030022068,0.684845292260422,0.6865528107732355,0.6906364100013482,0.7063936686069371,0.7068694295335922,0.7025908550924299,0.6879379107327219,0.686430607029593,0.692765441393741
84.jpg,8,0.3066556642815057,36,0.32132564423798116,0.2763620076485371,0.3129872403621915,0.31289708622731116,0.31481149193141866,0.3029421841092951,0.3053824957635129,0.3117519802861369,0.28756520331054636,0.2893067265604302,0.2898207892425792
85.jpg,4,0.6190794698289923,37,0.6285005532255765,0.6620329845066474,0.6674848249707415,0.670411392056272,0.6691624273443937,0.6428107189958284,0.6395518578945611,0.6427372825147939,0.6557933953511066,0.657731792412717,0.6625404783825954
86.jpg,3,0.5030464607959565,39,0.662265543837703,0.683372863568541,0.6437368034101502,0.6479643091303413,0.6456815958383216,0.6636610685331803,0.664506165008346,0.6667402702695454,0.644733411219255,0.6440427655934818,0.6471840241021387
87.jpg,9,0.6758728513592168,38,0.5970156612045885,0.6182401308167138,0.7137239581433661,0.719620687891275,0.7174227161668723,0.6882811036385312,0.6863082147093585,0.6664137482636848,0.7065407358895536,0.7053091129816094,0.6975779685483656
88.jpg,8,0.27475247664066654,36,0.3715792225537451,0.2922843844116788,0.31439799101733634,0.31408937858947394,0.3175881355957292,0.28548580373151,0.28464747668271423,0.28531954940636695,0.2828068383150921,0.28115204124887155,0.278211992158315
89.jpg,4,0.6948931742655603,38,0.5279155686416677,0.5585486015347135,0.7450542575042023,0.7474223935555768,0.7527228065959866,0.7280908246835692,0.7302021896408144,0.7240530446640845,0.7476045083249556,0.7463984245185342,0.7349690805235409
90.jpg,5,0.6292480544464009,37,0.6113753441477303,0.6324950027566849,0.6446765912096812,0.6450300319899576,0.6507417347849834,0.6596900583490084,0.6615372431118076,0.6639844323555821,0.6528425027119091,0.6506206686719842,0.6506708695806902
91.jpg,8,0.25715071515231913,36,0.3410975701426957,0.2879467275148542,0.2707430517837562,0.2731592916901523,0.28308882541282165,0.30251824371101843,0.306504795246716,0.3060525330528872,0.27437357389902184,0.2733388139020557,0.2727939352209314
92.jpg,8,0.6746424618694518,36,0.5398068060105536,0.580402399271331,0.615409460357507,0.6135043346995821,0.6108965444833236,0.6437893977922596,0.644510593050829,0.6452515053710621,0.6353394059539504,0.6355396896855862,0.6396728392165725
93.jpg,2,0.8019801956765792,34,0.7173961806519993,0.6880349718140343,0.8152676626031179,0.8157825047141007,0.8166596764318412,0.8091378156043987,0.8096820359598437,0.8128326126328527,0.8105270049213317,0.8106185304386948,0.8075400876067653
94.jpg,0,0.6118544271668872,37,0.592613493787259,0.6110726030022068,0.6815687836516058,0.6822856441167153,0.6777124470687983,0.7073120541080008,0.7077187263458325,0.7135073268976468,0.677781487293788,0.6806295253081851,0.6800949835533374
95.jpg,9,0.8105060441626443,36,0.6453678448196047,0.6844889856360925,0.7936163010480541,0.7922620091153183,0.7898350308783716,0.7840518671530785,0.7844244162288744,0.7772107757467321,0.7885152392401458,0.7857120190745385,0.7753845317628597
96.jpg,9,0.43210749426590545,35,0.457032002520322,0.4466463808231352,0.43299860221345676,0.43635343467712945,0.4348756179066467,0.44074981045133366,0.4397258752714105,0.44404664340092237,0.4383522268537986,0.4412260178125401,0.44575497413729265
97.jpg,8,0.6838755295390174,42,0.5652007718654768,0.6071927342815009,0.7134064529873095,0.7086865788428135,0.7102827443995966,0.714192587376534,0.7158600435095112,0.7157334799992369,0.7019970548001304,0.7019518512292009,0.7023294241433735
98.jpg,7,0.5666505632604041,41,0.7279525395623623,0.7039388066390758,0.576100323977926,0.5766340547680241,0.5759247336263685,0.580653024580955,0.5765991361350383,0.5781706504495852,0.5905723397674209,0.5858636097174219,0.5914454659564894
99.jpg,8,0.7011701132763516,44,0.5595483203395307,0.6071927342815009,0.6299743227475082,0.6291479708074844,0.6260935033126727,0.625277519217771,0.6232543775461297,0.6204513418420369,0.6326403840022861,0.6329186640651453,0.6303725379769012
100.jpg,6,0.812243417995732,41,0.5907567412780403,0.6110085033847501,0.8020185729758704,0.8029429087063163,0.7972046897349749,0.8126773155598406,0.8117597122730128,0.8035903055798764,0.7801161233855436,0.7786165622929866,0.7774617013107041
101.jpg,4,0.6847379861808405,41,0.575081935775527,0.6133925127562337,0.725463870480537,0.730138088956077,0.7308835802042722,0.7229882787338285,0.7301064836751224,0.7316428864186066,0.7210964979720931,0.7210301591922997,0.7265815269617747
102.jpg,7,0.5566428747288016,43,0.4814129630685021,0.4735641667727813,0.5344691760259186,0.5325414104755175,0.5328722253122024,0.5376538798935011,0.5343215661269237,0.5353798667072757,0.5099568454224821,0.5097973720313553,0.5111934617739077
103.jpg,0,0.6223322325282626,45,0.6605667418925514,0.677340367832739,0.6035778855661335,0.6048717016054105,0.6061612289779909,0.6081293995342743,0.6083630554822906,0.608172799341178,0.6300988383369619,0.6383804211305728,0.6431555443093904
104.jpg,0,0.450966526532457,42,0.6089399000356779,0.6217847039539695,0.5865811917973998,0.5842066133446675,0.5786488556042683,0.5839436145666397,0.5845098921621009,0.588458508883519,0.5753645714477477,0.5766671023954805,0.575473258396604
105.jpg,1,0.7566831648349762,40,0.5340968790413365,0.5580574129100145,0.7003010853668555,0.6970696160407805,0.7035782154821382,0.7088773224394322,0.7089462087970221,0.7081305893121193,0.686909045841403,0.687395805735953,0.6949029485800441
106.jpg,4,0.7294554367661477,40,0.7560611961192041,0.7050249411790184,0.7513944301482842,0.754746316373281,0.7585495192016467,0.7777250289055927,0.7816479745787261,0.7887367746180608,0.7534676805484946,0.7500818198589826,0.7456105539912845
107.jpg,9,0.6663849310177129,41,0.60087736189368,0.621339197716895,0.680414807686065,0.6728835926481644,0.6721010771215707,0.6766466452052914,0.673706692752743,0.6690159129777412,0.6791406834984313,0.6794953381627014,0.6783465556552667
108.jpg,7,0.20948410601551204,38,0.473209567990546,0.4735641667727813,0.25121840824235986,0.2532415890066405,0.25258651190479486,0.2709151892192429,0.2732443121849796,0.27561091535413057,0.2522870241494585,0.2594638314837425,0.25703643162758927
109.jpg,9,0.748794110921713,39,0.6251449651797693,0.6629633588966627,0.7820334100133071,0.7810253365964217,0.7882257651512168,0.8034361870294098,0.8059957861399255,0.8088653378784404,0.7781784105460596,0.7794071436990107,0.7813013794602927
110.jpg,3,0.8559955967797174,45,0.9512146991328994,0.7851339490974651,0.8877927923052558,0.8854436056875918,0.8868660733715388,0.9031851856736556,0.9064669489728429,0.9149808572367927,0.9040722058384704,0.9065334458804377,0.9037881001683719
111.jpg,9,0.6102610277858648,44,0.546706702685719,0.6144281379742957,0.6915267812691555,0.6850146728356117,0.6825179234199352,0.6788732160010651,0.6739992151238551,0.6740821854658854,0.6814011894960605,0.679409472354643,0.6780581967681483
112.jpg,6,0.7285654050238589,47,0.6802981795940832,0.6873348088313098,0.7572563922292685,0.7513941958874994,0.7602082114801902,0.7397458079762643,0.7388795683015896,0.7375623969642949,0.7557543444196492,0.7529913665580468,0.7567459951609186
113.jpg,0,0.6049504928290844,40,0.5944923685435052,0.6110726030022068,0.6082114354551436,0.607574953167277,0.6009247915641132,0.617857701179675,0.61957065925981,0.6245367790528554,0.6297518217733437,0.6326289653496622,0.6332431046130559
114.jpg,6,0.3908533718592177,42,0.6303596657405199,0.671796353521072,0.38909488947539694,0.3845074809028178,0.38190246841547426,0.37108235250767596,0.3695428458603289,0.3726010109845516,0.4041387688455159,0.4066746399046312,0.4039891730020077
115.jpg,5,0.45918859932117345,41,0.5428231443101528,0.5831379087982801,0.3710794500754716,0.3722471544666807,0.36825780110107537,0.3958614183462037,0.3921046077523181,0.3926941121218218,0.39313625166863275,0.39458901112233685,0.39526565606478037
116.jpg,7,0.5370210895071859,46,0.4412623904764315,0.4072239456415551,0.5618417569712814,0.5608234487638029,0.5611547010706608,0.5247072025688277,0.5286753595744482,0.5196234864359252,0.5672355584165772,0.5640968558820972,0.5656047571153066
117.jpg,7,0.6102488600724453,37,0.40348557670700247,0.356674883980004,0.5785403914832821,0.5779289421787224,0.577273865065223,0.5880350812653272,0.5885197055109178,0.5864023926624651,0.6050710996317975,0.6028904009426145,0.603693244349984
118.jpg,0,0.3650338712491487,38,0.48813020380106126,0.49760422881041677,0.4074404080422682,0.40492190759962765,0.40002325457134447,0.40895122058100347,0.40929170967723993,0.40219213644874,0.42250737210217987,0.42399871706257997,0.4228844263229499
119.jpg,3,0.6891891859673165,37,0.5924284373665369,0.6113875065814512,0.7560991215018136,0.7554637718575026,0.7571316752207904,0.7695921035235098,0.7708993522998492,0.7766758409064344,0.7525445548225635,0.7501038827672772,0.7538557413349084
120.jpg,8,0.15067276100699717,39,0.4186388851505404,0.36499691714570986,0.1929549083107499,0.1912046409261215,0.19866424580769187,0.19588309308176693,0.1952873240557355,0.19620528921914848,0.19416215609458767,0.1936599957644313,0.1898206499115028
121.jpg,0,0.3996873358754735,38,0.7144698121865901,0.6934669715162348,0.5474192959165934,0.5457649440572075,0.5409654913322919,0.5617938031689483,0.5646577755675106,0.5679083157170303,0.5923502040839175,0.594636602765295,0.5942050146260707
122.jpg,3,0.2384689703311135,41,0.33082410552025276,0.27708345227184744,0.27837976753118293,0.2808942178079942,0.28130730612941757,0.2881906851906404,0.2883008632068768,0.28040203317678897,0.2911274041275596,0.2876184795712926,0.2884437660055431
123.jpg,7,0.24034653545822948,40,0.3946031782562607,0.33618773460112655,0.3149665319269558,0.31262240266890773,0.3100743696188083,0.3301468705689508,0.3263901925421517,0.32719277247376055,0.31029216307865315,0.3144279090603145,0.31382721768791
124.jpg,0,0.25445544593302266,35,0.3469430296985557,0.28020792192597854,0.191980119800634,0.19502254799599433,0.18664293429391593,0.23906893076171543,0.23737190394779123,0.2346462993083286,0.21428247031625983,0.21264033973040003,0.2170137727146746
125.jpg,7,0.2578972199310859,42,0.31599595279526405,0.2761884213790207,0.2737297119050614,0.26776941114851627,0.26836570156695905,0.25960213673014026,0.2586465666246558,0.2574504192927801,0.29403076064407807,0.2865171333765288,0.2962876937207744
126.jpg,5,0.5435230967899164,48,0.4606033207860995,0.4467652254526486,0.5331154256333721,0.5350890875029005,0.530502940440774,0.5360201346734028,0.5382221319975876,0.5362265304927638,0.5317384317042754,0.5319915414483525,0.5342133771094573
127.jpg,8,0.5528052766763029,42,0.7271677723196703,0.6864042550519871,0.6433108157689453,0.6354485867699663,0.6400715842798941,0.6499768685447866,0.6431109354089806,0.6451813988923243,0.6694042554217037,0.6702419625046959,0.6702464734492216
128.jpg,2,0.7362857887873778,37,0.553659947884825,0.6093735033361544,0.7453233472138944,0.7472641391374684,0.7492860470743192,0.7763862994742641,0.7771732545637202,0.7713605779230597,0.7417689042564829,0.7424023733773416,0.7458047529601035
129.jpg,9,0.7180575196232114,42,0.7770675112278427,0.6989351650749057,0.8506059873609675,0.84783346860824,0.840403541977135,0.8486739986127827,0.8499311428652477,0.8365352988506417,0.8390855009896456,0.8369756689804526,0.8348308053469284
130.jpg,5,0.3780487822482317,41,0.4353768346115062,0.4176688666157392,0.38975892217004526,0.391099518143546,0.38830861349016743,0.36906355279571357,0.3702765352488865,0.3705066952211611,0.387613727104211,0.38395498963297425,0.3877202043087117
131.jpg,6,0.7140814026196798,45,0.6830486927616758,0.6873348088313098,0.7575906680568346,0.7632046054339113,0.7646268247777398,0.7817847258781241,0.7830110553869675,0.785196177724891,0.7484427836079259,0.7506303810820796,0.749383589430723
132.jpg,6,0.42516693580072634,43,0.4802486536887092,0.46087073365564113,0.4707181893746216,0.4748937077959118,0.47692399632338517,0.47434230118481846,0.4752252525082033,0.48036833165463677,0.47362007756175406,0.47537619204370385,0.4734988660823549
133.jpg,4,0.5760576037520712,44,0.6185520189189937,0.6249172548023157,0.6291946221597284,0.6344772042336544,0.6346745091249391,0.6400012635453134,0.6370851559871983,0.6400316867627789,0.6398043282935293,0.6360151988221909,0.6387307555000833
134.jpg,3,0.2309759533032775,35,0.4479834482158482,0.4301330067397583,0.21189160406140745,0.21266530634732572,0.21041319957670263,0.1923847078792762,0.19002234641710425,0.18379715776576416,0.19151916828690718,0.18912569283236288,0.19461286945233472
135.jpg,1,0.550212161172004,42,0.5415847321734476,0.5580574129100145,0.605654732441478,0.6056040301198843,0.6059217046690312,0.6136901742508379,0.6128420851201244,0.6119643751790695,0.6011769526298998,0.5982558677363875,0.5967058536118218
136.jpg,1,0.7168062910055503,39,0.7984325562210636,0.7128853061898236,0.7405092871458745,0.734292667025132,0.7345222074849973,0.7434995324685515,0.7442650610543251,0.739922736185641,0.7522111383713002,0.7525729765885645,0.7563287460049495
137.jpg,0,0.6699669921681994,42,0.5895959426117252,0.6110726030022068,0.6007817200865291,0.605908071622107,0.6116234280964192,0.630003950227298,0.6306823198867968,0.6355014461407469,0.652609126198655,0.6541963893256938,0.6563903254233415
138.jpg,2,0.5445544511079788,40,0.45291305342377564,0.4491275089180849,0.607984245915317,0.6057658847010741,0.6074619753998565,0.6023153933970162,0.5996015129496436,0.5943798455886218,0.6116655732896785,0.6150623264700252,0.6131645877772846
139.jpg,3,0.31543539063288617,39,0.5558489014671703,0.6113875065814512,0.30646826142763806,0.3023654337382994,0.3025354650262061,0.27959647095766754,0.2752221732671261,0.27150263951386383,0.3152788948264528,0.3160504825865018,0.31849399281168456
140.jpg,9,0.5697569704868577,44,0.41557338818850564,0.35575693524954777,0.5903439477631894,0.5913742352942511,0.5898105853160585,0.5900043714214273,0.5884209176103515,0.5938271135182063,0.599138993244164,0.5977095658823319,0.6008506945133715
141.jpg,8,0.7303436258259941,34,0.5800294161797783,0.6071927342815009,0.6873555569907406,0.6850132992963603,0.6794341916244405,0.7107601701039954,0.7088338212770766,0.7110790564896826,0.7077758155613458,0.7092288867894492,0.7074329376260233
142.jpg,2,0.6159458027074212,38,0.6153037674516644,0.6207370900597142,0.6775583810329222,0.6810167287784405,0.6783759370137058,0.6860987131628417,0.6860633164312976,0.6885027622807551,0.6862024251461274,0.6849853546250775,0.686757734609777
143.jpg,9,0.7588817705126369,34,0.5354863663076174,0.577841453086931,0.7180146472942016,0.7104279997681532,0.7102536613381585,0.7284344649007255,0.7235037012530222,0.7235418629739039,0.7181109497461446,0.7177231526633177,0.7201682747124094
144.jpg,7,0.3433313909233274,34,0.4430846188299678,0.4072239456415551,0.43589089557400357,0.43526162397049184,0.4355827540749708,0.43185374576084506,0.43233517566583485,0.43092973624931524,0.42821669318075817,0.4292262439405806,0.4267120507819852
145.jpg,8,0.6482148224657233,33,0.6394933502875633,0.6764893170884495,0.6373802194195851,0.642995749701305,0.6479314262250315,0.6456355462984684,0.6498045072421229,0.6463659669150614,0.6160206022854742,0.6191013155220607,0.6175622880056855
146.jpg,8,0.4530410159911428,35,0.5780140490587102,0.6071927342815009,0.5197186750268213,0.524390449809072,0.5264364558464076,0.517361073844657,0.5219577265165294,0.5198249546588305,0.5383324949216662,0.5376898342897845,0.5403453779909054
147.jpg,3,0.24282178177963942,40,0.44287351730073615,0.4283099735774484,0.40099651644205014,0.39806812686432075,0.3955677472966891,0.4196468160793565,0.4266823647885285,0.42661160880655535,0.3964998501387412,0.398287970251844,0.39891777566823144
148.jpg,6,0.6016858385221379,37,0.5407080804510235,0.5758110428699196,0.5751406570417853,0.5739481706412939,0.5763876233959999,0.5743513162642666,0.5752330777550513,0.577635723050824,0.5665498617359503,0.5657355952836765,0.5644424624686929
149.jpg,4,0.37966488878457594,39,0.4230516216911895,0.37448050717981535,0.3336536808477085,0.3386455537782971,0.3358015617511727,0.3348230066302113,0.33614417483134973,0.335214016698389,0.3362933215066574,0.3341280338269875,0.331849881529265
150.jpg,7,0.6960396025862012,35,0.6658620269000197,0.6795031808587857,0.6789462041655981,0.6758613906363791,0.6751311925211262,0.6887543530469099,0.6861029601689312,0.672593736897783,0.7139887669581062,0.7069674744457235,0.7099796793055653
151.jpg,6,0.6006154683796135,37,0.4332812927024768,0.4197048543352793,0.5667407722356682,0.5726973583701869,0.5745059424947638,0.5683132365480449,0.5688997004182784,0.5729144440647782,0.5796451140689713,0.5794761417978299,0.5772669700846637
152.jpg,8,0.8219236135482788,35,0.7249890930361311,0.6864042550519871,0.7976742723342489,0.7973167483583379,0.8060643239592576,0.8056096241274943,0.8038151940004348,0.8009770819176463,0.7829295160973758,0.7862881182563469,0.7830733080846048
153.jpg,2,0.7151458311725307,37,0.602115388465965,0.6207370900597142,0.6965568867396459,0.6995844951059738,0.6994561044665379,0.7230048821170785,0.7235980872947023,0.7233732750642488,0.6687695340420747,0.6690486741161028,0.6792821655752527
154.jpg,1,0.5393363698511511,37,0.4835916866948449,0.48982793687602794,0.545029835436743,0.5430371498021261,0.5325037307937086,0.5582926665932274,0.5597304709717372,0.5598614044003015,0.5693297593205096,0.57144185503694,0.5723396282039318
155.jpg,6,0.6218371780382262,36,0.5709328545060167,0.6110085033847501,0.5822096519517381,0.5850432038221833,0.5903596306844484,0.5668758069797436,0.5666801331443534,0.5696342880688074,0.5936658172776047,0.5939020101675175,0.5889797500683578
156.jpg,4,0.5511551118559308,36,0.44890250042634416,0.4247363584107617,0.5949332800797135,0.5985567384446948,0.5954585080489831,0.5940590974780736,0.5942934635995629,0.5901870450168353,0.6169001819415063,0.6166191898682806,0.6180835860118332
157.jpg,1,0.5981848099165492,36,0.8200552665774558,0.7128853061898236,0.6233523660379413,0.6286761927600348,0.6202605127995647,0.6335307383172261,0.6358328549037138,0.641554433740104,0.635810315368869,0.6359373105893198,0.6340098539334975
158.jpg,5,0.444241790395034,38,0.5956998169304579,0.6240476208925774,0.6460285471990417,0.6476225053986011,0.6448787704920453,0.649425539042449,0.6506329808276334,0.6520551550725526,0.6561981941798438,0.655165708146401,0.6579651768415893
159.jpg,7,0.49973944303775697,38,0.5395686777321654,0.5984963221067072,0.5256778054883655,0.5310150021710391,0.5300583995028809,0.5506506972479639,0.5549207521032167,0.5550937860671963,0.5399375251128461,0.5439555211503757,0.5422116151649298
160.jpg,1,0.2562609228086384,34,0.48338607082106316,0.48982793687602794,0.30980996034581176,0.3085843795629478,0.3061091705587252,0.313473910494151,0.31321683914958026,0.31426204779012445,0.301175469233947,0.30432376530799227,0.3010295487932338
161.jpg,3,0.7071963272443632,41,0.5915434336686147,0.6113875065814512,0.7304065636389832,0.7308782261164611,0.7333741325809167,0.7531208866753738,0.7539000449880531,0.7511802201842219,0.7263848961688961,0.7259222742060393,0.7288355484058364
162.jpg,1,0.3395531852252017,39,0.4350378302950536,0.42485262559865417,0.2980311369087691,0.3007183814418469,0.30236002245491694,0.3360038492945746,0.3384312316437451,0.3471817682481848,0.3170272834379279,0.3168286317074905,0.3155934733276857
163.jpg,1,0.222772276122123,40,0.317304357010193,0.2824396654878372,0.2408754664561008,0.24197504483163546,0.2482047497165727,0.2320269583453341,0.23274510185754893,0.2324250491596822,0.24140349691946597,0.24398715775623245,0.24538600447283745
164.jpg,5,0.3105784290666251,38,0.5896712588385962,0.6240476208925774,0.23722389093872837,0.23804828362366115,0.24550212368824736,0.25576149660193825,0.25086426466669914,0.2561204635188557,0.25127792494479334,0.24961461272318305,0.25341706664933716
165.jpg,0,0.6035981628952957,41,0.49696721669201643,0.49760422881041677,0.6019234707392952,0.602575773768436,0.6065545135490107,0.5819347490621778,0.5814516377888463,0.58195410251692,0.5947967786863697,0.5917314605091367,0.5941979326989786
166.jpg,1,0.6383599891112401,39,0.6991239677788681,0.6825222536439789,0.675742935728527,0.6770274440668607,0.6783614547655367,0.6631492680641066,0.6652977898267687,0.6665165035905092,0.6829097379048354,0.6839841588881819,0.6857428666672698
167.jpg,8,0.3358910896931775,40,0.3317348563577537,0.2763620076485371,0.3520238953394862,0.3466347164934258,0.3471854864608936,0.3327641843271993,0.3352452095285856,0.33170666951002103,0.3324659431110002,0.33062703779078406,0.32808128444377505
168.jpg,2,0.7764851491898298,40,0.6614994950112103,0.6880349718140343,0.8523883171982347,0.8519097610362005,0.8539983647606686,0.8298362014641706,0.8289016864674765,0.8330571345289126,0.8344746880647149,0.8362911585269959,0.839076374857777
169.jpg,3,0.3272537774724984,38,0.4403486155568615,0.4283099735774484,0.4259273388120315,0.42629427133661085,0.42545995088313515,0.39585562239537486,0.3935251159993598,0.3855774261633903,0.4029960874778569,0.40458269885476233,0.4059962442033653
170.jpg,9,0.6522277221083641,40,0.49048664920817364,0.49443548599506965,0.6597360811316473,0.6595520490675486,0.6634830864610811,0.6523615937271128,0.6520322513852649,0.6594542047648646,0.6768687384166849,0.6792837056216867,0.6866099059615052
171.jpg,6,0.5930693007177776,45,0.6861497993003771,0.6873348088313098,0.6362434832821954,0.6419317678458383,0.63617780953603,0.5944140945858966,0.5968502966543439,0.594271580042401,0.6082576812568776,0.6107090731594762,0.6164513982489225
172.jpg,5,0.5477722808718681,40,0.7189001041949552,0.68933366150909,0.5394090138806586,0.5390022207974009,0.5384981831686839,0.5586354172427784,0.552331715406904,0.5458447050194675,0.549871873447874,0.5489608711450389,0.5547343680780055
173.jpg,3,0.5455445528030396,40,0.4574779791835427,0.4470911242131082,0.6078148624118003,0.6020906661177221,0.6040533953860843,0.5635370745963642,0.56201206231334,0.563262778438607,0.6002274655950935,0.598750005247941,0.5998904223258248
174.jpg,7,0.5038638016799601,41,0.7656438142448636,0.7088619953184742,0.6804345960976111,0.6785268629733531,0.6784660005681415,0.6712890726064952,0.6703489036320968,0.6658314871353764,0.68593915681759,0.6904917966295928,0.6883915551296073
175.jpg,9,0.13874079746743426,39,0.41849215381446714,0.35575693524954777,0.08813642490655083,0.0907657250856313,0.09889478675639296,0.10500065864842756,0.10590329366717088,0.12045537874289736,0.0870215484831035,0.08641079690898679,0.087832704984457
176.jpg,4,0.7369486858898943,44,0.5906521411585874,0.6133925127562337,0.7571929555405673,0.755001743014116,0.7560117029668394,0.7564350980357595,0.7552409612701831,0.7581320593508711,0.7492354124660967,0.7548643262079389,0.7485463236166039
177.jpg,2,0.3494128482091392,43,0.4509412559640461,0.4491275089180849,0.36949946600300215,0.3696041302109393,0.3690388319470576,0.3751772562454134,0.3742306145563448,0.37554135844635894,0.3838242756549144,0.3835096555810499,0.38897062233495977
178.jpg,9,0.5378268567415384,39,0.6390291546604995,0.6758125416287782,0.5579474443185095,0.5522086951066751,0.5547553555601635,0.5370008426329401,0.5376963546470477,0.5373829577369547,0.5398328384709803,0.5366808970689714,0.5411734276973025
179.jpg,1,0.4012439692607866,39,0.41313011880836814,0.34842825152910817,0.48201512695320814,0.47836927346166436,0.4941508520708935,0.4484916911236223,0.4453818156048046,0.4530853354517401,0.5051103937696533,0.5071820221130944,0.5104772611545938
180.jpg,7,0.28192434613951123,39,0.5417855165746497,0.5984963221067072,0.27119795505963495,0.26932014040142027,0.26558938626904693,0.29598096473726715,0.2931777961037369,0.2946827357853373,0.2997789029039344,0.3007669540196787,0.3025399129510149
181.jpg,5,0.7665651119672335,39,0.6451444599254381,0.68933366150909,0.7115586235439029,0.7117970535164813,0.7173814763862023,0.7071062390793789,0.7056009114712376,0.7059425605844436,0.7107198268015749,0.7162105651004607,0.7119429064340201
182.jpg,6,0.32524752595927564,40,0.48285444459970134,0.49182551464449487,0.2984394655162666,0.30183687420091077,0.3028466803599973,0.30375630727672,0.3025028274307691,0.3084295165503945,0.2858757544092558,0.28498146860457385,0.29333205894810843
183.jpg,9,0.2978113630516945,38,0.4870910981923276,0.49443548599506965,0.2939953531301893,0.28754553560535945,0.2848551570170864,0.3083277619921023,0.3116602361508638,0.30200521737957137,0.29683927207259153,0.2984855890973598,0.3028073823528099
184.jpg,1,0.7579609284529815,37,0.48883826635710814,0.5064654782754869,0.7463244918215111,0.7453278292715557,0.7563159794524288,0.7391702162010084,0.7378427622338934,0.7391855303615875,0.7504745413495251,0.7487860135211359,0.7430028136445255
185.jpg,1,0.41329943529657415,37,0.47428593133716235,0.4501785780925152,0.49316481735532147,0.4879515957279828,0.49873594450033853,0.511652216520248,0.5097190005454982,0.5105728202523685,0.4586651508334272,0.45411804881629025,0.45293636431058304
186.jpg,2,0.4937467406454839,38,0.5193416104796323,0.5290720734825868,0.542341569192147,0.5443482664819066,0.5440587694428555,0.5589881149020433,0.5587217916714252,0.5550736545904726,0.5287276001436519,0.5278084382673677,0.5246645595843242
187.jpg,2,0.6306380604704221,36,0.7243801040262949,0.6880349718140343,0.6440004956159743,0.6456578721600977,0.6425632489716406,0.6452521603644773,0.6446649880781725,0.6456610691548994,0.6217027269436292,0.6194212941008441,0.6179141118855753
188.jpg,3,0.5101685793818654,37,0.5623781298003894,0.6113875065814512,0.6221432618572742,0.6211615419168715,0.6210703012142773,0.6002086491101292,0.5968542253929557,0.5927956272038468,0.6263800318383426,0.6262236220375721,0.6234332333404469
189.jpg,7,0.648054338471834,43,0.5043208713121123,0.5102404401483163,0.5793608952868028,0.5794032156341995,0.5785080916060243,0.5757839939906845,0.5731887778565546,0.5733051265633224,0.601104773793363,0.5946538045745371,0.6003855360995595
190.jpg,0,0.5806223464863641,35,0.49733357600363165,0.49760422881041677,0.615342802447811,0.6142789799198668,0.616618968728868,0.6146693197956408,0.6137328526215406,0.6186834314921877,0.6203267091075477,0.6209294523599587,0.6171828483855755
191.jpg,1,0.7483498338196013,36,0.573499720888016,0.6137516482320498,0.7144443159516409,0.7140989779665579,0.7294554521739747,0.721161998982605,0.7227498745641601,0.7388405152009019,0.7404135254936158,0.7451934508795992,0.7465592312310938
192.jpg,0,0.6274101036159616,38,0.5056630438754797,0.49760422881041677,0.6248717260225236,0.6256222332222943,0.6228699455489661,0.6231652909660043,0.6235669816167508,0.6203018542516971,0.6260674296031405,0.6232693143250378,0.6181516964264353
193.jpg,4,0.3461103261315397,35,0.5171281259264802,0.5131409807504901,0.38408479368370235,0.3834111211667971,0.3884624860483705,0.36449722959677133,0.3587931877639872,0.3618336693262284,0.37323780115806343,0.374250757660337,0.3674525174491732
194.jpg,4,0.7459191857157527,37,0.8452229134057183,0.7549241304775545,0.8289000560656443,0.8318371305122396,0.8315520125178867,0.7853919831342587,0.7835753308941785,0.788281557614388,0.8094488630362016,0.8097288518780239,0.8139648323645128
195.jpg,7,0.5835237342577714,39,0.6121211123297272,0.6267241617233461,0.6396384172778515,0.6394694207754706,0.6391328973372009,0.6463259573718346,0.6422678290295788,0.6484809348075543,0.6235917898728376,0.6219953237597473,0.6235308663513255
196.jpg,6,0.16138613893251333,35,0.45678023571343923,0.46087073365564113,0.27869418701127263,0.28162374165167414,0.28219012785399467,0.25562516481394765,0.2570250683622587,0.2566690433624914,0.26726636697250733,0.27018607958451046,0.26723919988718103
197.jpg,9,0.21259626083903843,36,0.4210637814667959,0.35575693524954777,0.29150671262100064,0.289529811879492,0.2795882112575776,0.28807103602032846,0.28411850765067226,0.2733119900856753,0.26509707520789544,0.2658898014405317,0.2593798410745227
198.jpg,9,0.7263083440916879,35,0.6957367277234261,0.6844889856360925,0.7591074283085504,0.7577974918846102,0.7592915616077965,0.7777825176851365,0.7777700145839653,0.7815139093985005,0.7512810487921464,0.7536058307388378,0.7524617370635565
199.jpg,5,0.6735423563255204,36,0.6892814867141371,0.68933366150909,0.7246198468665307,0.7255102391018848,0.7240240467233992,0.713651643888311,0.7182887683703852,0.7180728793675581,0.7238947468118628,0.7305562201370964,0.7223673060437752
200.jpg,2,0.3638613872204183,36,0.5680519336760244,0.6093735033361544,0.3198307624161323,0.3244937134244957,0.3210113751981859,0.3295808988500847,0.33262903220285,0.333827134840962,0.31722944898547656,0.3103160527772687,0.3179409345195549
201.jpg,1,0.531787388810986,38,0.4784547654738416,0.4501785780925152,0.5122802873427711,0.5135541131596217,0.5116018948490617,0.512768403496083,0.5130267321464712,0.5125205081046598,0.515970804802856,0.5145628187642602,0.5156149373224984
202.jpg,0,0.6589816093444825,35,0.6178979571827792,0.6217847039539695,0.5879135139438421,0.5940979944991868,0.5948834639951175,0.5872370502749561,0.5900149067910522,0.6002741686130495,0.6138815512711128,0.6181791440528868,0.6255031712302518
203.jpg,2,0.30650636734707015,35,0.602709831808858,0.6207370900597142,0.33238101391329195,0.33949424708375553,0.3367051033424225,0.3303445038071676,0.33100761241753673,0.32702168208826343,0.33396888562855337,0.33077435843419234,0.33247543651965616
204.jpg,6,0.3857578100302281,39,0.49188540977113177,0.49455131021060894,0.4147634616862259,0.41140769793372056,0.41183573986445227,0.39132583376157143,0.38949519704876856,0.39037050272111407,0.4263362467437511,0.42676918157217686,0.4304599269024952
205.jpg,1,0.45141606760579484,43,0.5022992555854432,0.5064654782754869,0.5231945896401371,0.5225344487819331,0.5183130677884199,0.524655975682567,0.5258455859775552,0.525453115185169,0.5107709992880145,0.5103020665519785,0.506014064168247
206.jpg,9,0.7551408960269048,39,0.7359776017395103,0.6989351650749057,0.7868756727580806,0.7855791306134426,0.7907216534956669,0.7693251881006489,0.7666783330026034,0.7766849742403679,0.7905121429861615,0.7929330058479664,0.7962299178418742
207.jpg,5,0.4215948639336873,37,0.6080589620097802,0.6324950027566849,0.4627096833410438,0.4617310656273247,0.45883330537361855,0.463840808944111,0.46567529919230144,0.4630078915949789,0.4723236686117982,0.47469089253147617,0.47551534794343
208.jpg,3,0.5305057546576938,37,0.6192082030621295,0.6379961598449211,0.6063799422066032,0.6106812176530645,0.6076461299228941,0.6058954839672621,0.6096196026088186,0.6119325640817033,0.5845972320990732,0.5869428830815435,0.586456776437295
209.jpg,3,0.5415358590643581,41,0.5667489235551748,0.6113875065814512,0.5954647012950995,0.600668967063156,0.5996231223754664,0.6059854666643297,0.6039050194437746,0.6047822168316717,0.5902702256667673,0.5895365180365185,0.591951858925865
210.jpg,3,0.45123761929571626,40,0.5930716307617374,0.6113875065814512,0.48691837433500185,0.4906142168541332,0.4881753869093169,0.4873300062849517,0.48650167205536454,0.482649980477129,0.47476148159687476,0.4735504433870574,0.47571020530510766
211.jpg,1,0.5742574259638786,38,0.48312927764993646,0.48982793687602794,0.629679122606997,0.6247073872362824,0.6233689929121653,0.6638090824680768,0.6686004522666689,0.6630572598315043,0.626739848378997,0.6282416068690025,0.630151739357302
212.jpg,5,0.2990681438788991,34,0.5043956310052884,0.5069053071413782,0.3943082541284836,0.39489296002728064,0.39457406236083786,0.3966056011487106,0.3983071454979314,0.39500132752599243,0.3967397573779568,0.39303083738524225,0.3940867901855472
213.jpg,7,0.6983110063216266,34,0.5510391251664213,0.6110795464047756,0.7484297975176748,0.7488901489734046,0.750645954515232,0.7389084172858037,0.7363625170682131,0.7363581845665902,0.7382628466839437,0.747082666838534,0.7398830178851313
214.jpg,4,0.5855335535274612,36,0.6304171815793825,0.6620329845066474,0.5711198552050659,0.568870796897643,0.5665956414511146,0.565642136603978,0.5668324600134256,0.5673983232632737,0.5619080931082502,0.5588880256055433,0.5601311241557736
215.jpg,2,0.6550286584778836,38,0.532754334069516,0.5717967160510826,0.6373984232706739,0.6398820989470873,0.6370345832893513,0.6359193106361357,0.6349332235537921,0.6343066731593684,0.6424800521893772,0.6434584155207286,0.643563113167663
216.jpg,7,0.7598259792183385,33,0.6098446419283673,0.6267241617233461,0.7607382186054283,0.7598314007212799,0.7600622151097678,0.7714808761638464,0.771305232229775,0.7737206673600484,0.7868319392334211,0.7735317288364428,0.7861750056323062
217.jpg,7,0.7749999985098839,40,0.6330081842248653,0.6630925875184434,0.7657724545828677,0.7682945880547538,0.76957596416018,0.7844503860863485,0.7783986232897184,0.7889861366039481,0.7665988943613069,0.7681954951859743,0.7654313097754434
218.jpg,1,0.5872230036627679,42,0.818828321096423,0.7128853061898236,0.6407350917032624,0.6424551494866808,0.650035661358143,0.6215989007367463,0.6189937891850256,0.6231120625449567,0.6354743709303632,0.642241167705395,0.6373869102766133
219.jpg,9,0.7117845910351451,41,0.6805652226139505,0.6844889856360925,0.7439064356046814,0.7461621105725258,0.7481713771777657,0.7255841359412308,0.7275688399735057,0.7357066673594954,0.7447548361082609,0.7426070664112261,0.738472660763382
220.jpg,0,0.3057265216862229,37,0.4050894442531886,0.348361703483799,0.3291352866343088,0.32295587670207293,0.32150194587231296,0.31942732200773977,0.31696288895873975,0.31068199713167804,0.3183402901739057,0.3135724958806635,0.3091369267414782
221.jpg,5,0.8925608686498694,37,0.7343002637637183,0.7008979539502442,0.8501161266409526,0.8468619451026904,0.8489804227213971,0.8318580021059173,0.8349453064104982,0.8328387567812026,0.8272354571816631,0.8294209231256904,0.8270186784883552
222.jpg,6,0.2612761274342322,36,0.5414270487674311,0.5758110428699196,0.31697537010475174,0.3153238943948459,0.3142122274348669,0.3340888840610904,0.3348709732643028,0.33252004381797756,0.33964916550153623,0.3426021365467211,0.3415385715466005
223.jpg,9,0.41891891492933436,37,0.4510586689235367,0.43151908056925375,0.43248389373684126,0.4348180370294287,0.4278972115430942,0.4237285321692513,0.4199668995476121,0.42180053276683666,0.4266470475472572,0.42540859028187744,0.4237191205118918
224.jpg,3,0.41776677552196717,36,0.506808281395181,0.5082321906261352,0.42612228978091604,0.42468051207390317,0.42569386679934723,0.4271831790864668,0.42134372820327026,0.41764986434021,0.4135958743109245,0.41741960627573443,0.41409524860966584
225.jpg,6,0.558644331800632,39,0.5834054927551449,0.6110085033847501,0.5900641522006888,0.5908479126460988,0.5899220080614533,0.6072360435293279,0.6056076294283416,0.6096306580118059,0.5858210084447693,0.5861636540050164,0.582039943481266
226.jpg,1,0.47990681362502713,34,0.6394032351726711,0.6671467737388108,0.4808166239158193,0.48057844148503925,0.48002486733916333,0.4964892954860788,0.4971268790430627,0.4959744974852608,0.49944446526468933,0.4985938802242055,0.4998218058558471
227.jpg,5,0.4770713922641191,38,0.529064357955058,0.5814115353557232,0.5181680420042623,0.5171633935757939,0.511215623369786,0.5318239431018403,0.5272900166528421,0.5302467559876264,0.528111848410326,0.5289593175350695,0.5296730117250747
228.jpg,3,0.7382061691845164,34,0.563143278826131,0.6113875065814512,0.7262266087976312,0.7228993616403503,0.7262714158073423,0.7574486628369584,0.7595105259294562,0.7672470437586169,0.7296100210083074,0.733643377792047,0.7308851355449182
229.jpg,9,0.21795557857163855,37,0.3495777816551754,0.2825734683583705,0.15611857331839168,0.15645705810751837,0.16050413813346565,0.13819973180792544,0.13564037554782377,0.13835962012284508,0.1983561159989214,0.199471760594875,0.20047838690241
230.jpg,0,0.6391639179653592,36,0.5535973026146277,0.6110726030022068,0.6254063024841707,0.6299226337405492,0.629589462690285,0.6371936302498826,0.6381869423318461,0.6437450477722207,0.6467865782157545,0.6473453811731431,0.645888750634112
231.jpg,5,0.6427392760912577,36,0.7529862365451971,0.7008979539502442,0.7022840001183964,0.7022470016215608,0.7033290640916682,0.6908567733087814,0.692973426605889,0.6919803718906341,0.7137138225266818,0.713436062299633,0.7086900489923911
232.jpg,7,0.3322183591489856,37,0.4785777847803983,0.4735641667727813,0.311930733436775,0.3051846259621645,0.3091571617702788,0.2926513216290943,0.29196500222224986,0.2902079438957431,0.2915548524597207,0.2943064066016494,0.2924006562536825
233.jpg,4,0.573550209403038,35,0.43721800517584236,0.4218029097022081,0.5350271024549456,0.5338943973592288,0.5290849457878058,0.5595263482879546,0.5637123596461867,0.5583109027389982,0.5582121608533549,0.5551654839817917,0.5514510184974006
234.jpg,4,0.4598749315268115,38,0.4005772095073423,0.3383172649725063,0.4500740485816647,0.44515709526987735,0.4458547586653672,0.429217859458283,0.4260612558472464,0.4270484179871882,0.46005490889746675,0.4612028064308568,0.4592583992628778
235.jpg,9,0.5441530596565556,37,0.6852608422706229,0.6844889856360925,0.6622634057645167,0.6553985451841533,0.6555704887285363,0.644689411132324,0.6459100098100538,0.644706959357827,0.6619694069516772,0.6611959257654594,0.6630305712955024
236.jpg,2,0.3465346536215614,34,0.46714795807307735,0.4650403166006965,0.3165027493104166,0.3161352355578264,0.3171589996760724,0.3234423837209974,0.32586095105383706,0.32481136865548377,0.3033182862730808,0.30165855064793134,0.30399629150406154
237.jpg,3,0.6705799145357949,35,0.5562434814563864,0.6113875065814512,0.6542315948106013,0.6565967805614348,0.6561634189983134,0.6598416335629183,0.6587399366256839,0.6560895677638044,0.6589506060429666,0.6574782819791337,0.6583732572724165
238.jpg,4,0.5678925020354134,35,0.5294885280933466,0.5594202533035253,0.6327976121199417,0.6324086101693083,0.6316657395009392,0.6187756093696732,0.617810002253932,0.6260820402174199,0.6273729884856106,0.6242069509086519,0.6283469013385633
239.jpg,2,0.6889438877503077,36,0.6650950963208873,0.6880349718140343,0.7112750293225927,0.7078565388929107,0.7085020793693839,0.7152643572072165,0.7173903786447937,0.7170744595974274,0.7184903159344362,0.7172769223555435,0.7222309549657089
240.jpg,4,0.4764516929516921,37,0.4864632104059371,0.4819867688687479,0.40854285583200706,0.4063636889617558,0.40732710183632376,0.4302690756584508,0.42739761976195534,0.4353266745593417,0.43400891741798264,0.43594911729650393,0.43433731446054247
241.jpg,6,0.5896440994095158,37,0.5259021539153619,0.5601463447358398,0.6318513068629592,0.6249924253954602,0.6265745244779682,0.6456708444903737,0.6426000636423159,0.6407461747420649,0.6388184110516555,0.636305938875624,0.6381331522092228
242.jpg,6,0.6632325351238251,37,0.557485440238456,0.6068352934455585,0.661627640789664,0.6640884875801609,0.6598712964395608,0.6558626838478084,0.6564905661974566,0.6592935471724384,0.6472245122128825,0.6483221546910419,0.6446131203120659
243.jpg,5,0.7758132914702097,42,0.8691115488677845,0.7510843469082793,0.7702812998210973,0.7740371240898918,0.7770788438198045,0.7842278604218986,0.7824865120671682,0.7851697479877257,0.7770300897660591,0.7804810401223505,0.7780580101615516
244.jpg,0,0.8407105338924071,34,0.7591336272069716,0.6982169110948755,0.8135506874827907,0.813059370757174,0.8171058673826507,0.8152556116126476,0.8158261203235921,0.8173589938775723,0.8145857657241629,0.815880686092622,0.814451468415615
245.jpg,4,0.5586031598819269,37,0.5723371371199215,0.6133925127562337,0.6632211502102219,0.6631529743542075,0.6635064576789246,0.6735685383466191,0.6684277838453286,0.6668070143210844,0.67230440449489,0.6684718512873152,0.6716367497629435
246.jpg,6,0.5631522592660543,37,0.47556938304740126,0.46087073365564113,0.5966361763815584,0.5944759266740771,0.592934771056379,0.5952523011862272,0.5958089362625408,0.5952149822231395,0.5834141633204633,0.5833508341149165,0.5846145280415928
247.jpg,8,0.7196949349867331,37,0.718526983325217,0.6864042550519871,0.7623376752504887,0.759890162555242,0.7587220733372813,0.7663168877325264,0.7671899838693954,0.7691018893268291,0.773072306341019,0.7722657071968828,0.7660450466565506
248.jpg,6,0.7348734868897332,36,0.5333477929612482,0.5758110428699196,0.7054977821656901,0.703865399392509,0.7066518878700905,0.7053842507558931,0.7042402069326817,0.7047910397593421,0.7212419027232768,0.7190240446547673,0.7179030402189337
249.jpg,7,0.7411182277342853,34,0.6284332195652814,0.6625099997279872,0.7655805904181446,0.7646095198567714,0.7678250036444517,0.7717158439881946,0.770599922481695,0.7746102722869206,0.7642285120394133,0.7722449035715764,0.7658813657338306
250.jpg,4,0.86903689846848,33,0.7084780221944713,0.6802152775218324,0.7884915359698066,0.7901639279263327,0.7925670537604077,0.7879691315415142,0.7817370965415481,0.7895067620088656,0.7700162860894814,0.7706680617098733,0.7709576892891583
251.jpg,4,0.5918591784106361,36,0.6299418347868941,0.6620329845066474,0.6336254289103203,0.6329964838786986,0.633903246985758,0.6229438722699193,0.6186526982688477,0.6169129565149435,0.6411306203562095,0.6377143764745076,0.6402655427298815
252.jpg,6,0.6722172191648772,33,0.6718346442123542,0.6873348088313098,0.6737038529334404,0.6701747807074384,0.6700874143096756,0.6748037031231948,0.6761356507625517,0.6748271716366964,0.676566448853734,0.6753872347820679,0.6814645468965506
253.jpg,9,0.40127298097525327,35,0.4409426252170183,0.4174444332512572,0.37897967690181694,0.38551423552459557,0.37286190460141144,0.36879345614759707,0.36840577164843274,0.361608310328225,0.3746940626323939,0.3748295403761004,0.37376633709813556
254.jpg,0,0.649317633864042,37,0.5028341477017503,0.49760422881041677,0.6644096546212919,0.6588360152357814,0.653576735860852,0.6834804460840229,0.6825957886432584,0.6916309801158023,0.6803842331887833,0.6855900471884142,0.6954250683261283
255.jpg,9,0.4362259741653414,34,0.5508327206290603,0.6144281379742957,0.5164587357209901,0.5176320154599529,0.5256892535732409,0.4999706730893811,0.5056488833258734,0.5058825431847732,0.5088400748308058,0.5103460513353456,0.5169101226791539
256.jpg,4,0.7320042743876174,37,0.6935056868870766,0.6802152775218324,0.6961342445998968,0.6974584014659447,0.6918375659185494,0.7143937097876705,0.7144341013489508,0.7085221580409764,0.7153648344807791,0.7166552113416225,0.7174415655326888
257.jpg,8,0.5743912236916052,37,0.6248380219435412,0.6764893170884495,0.5309247948515198,0.527745307541987,0.5302908521355856,0.541837853666433,0.5404855778729566,0.5371232634309818,0.5252069551770809,0.5271972614465883,0.514647846081216
258.jpg,8,0.5792079201766422,35,0.5651031347012674,0.6071927342815009,0.5678961122429838,0.5688611982428857,0.5615321268021883,0.5876032594766059,0.5892457511877357,0.5906489605528115,0.5525852868463736,0.55423635827349,0.5570064664975907
259.jpg,3,0.46672167228017414,36,0.5166153049075806,0.5082321906261352,0.4905710691050228,0.492555263228364,0.49167742582400686,0.44288144752108316,0.44235905666828723,0.4406462516914089,0.4679501719718957,0.4693889613700964,0.4654662109081253
260.jpg,6,0.7424473151182517,39,0.5421028967664285,0.5758110428699196,0.717461850147257,0.7152706810488879,0.7160368473796527,0.7131688941159625,0.7121221923772022,0.7120190381439082,0.7015137348028181,0.7033105768873349,0.7036353308811447
261.jpg,2,0.6597186025036009,38,0.5950368072371015,0.61495891956917,0.7008852624105325,0.6939506850181714,0.7004004113686015,0.7016865249992991,0.7018324553364281,0.700634396209479,0.697521448097159,0.6984742097307964,0.7044458376420839
262.jpg,5,0.3960396038258777,34,0.6686896057478693,0.68933366150909,0.27953609885045916,0.2795814376437754,0.27366767140999626,0.2765472308364517,0.2764142914297626,0.2751032369251401,0.2747307512021625,0.27662868368602617,0.2761627714181596
263.jpg,9,0.8248074716991849,36,0.7300483374315763,0.6844889856360925,0.8168423989988083,0.818024396585384,0.8171299188851457,0.7988154270666882,0.8008164640681896,0.7994255079925157,0.8267331458609328,0.8286443890289195,0.831512251468736
264.jpg,1,0.6607454822343939,34,0.7515663920924769,0.7128853061898236,0.7110057949702999,0.7074464319187878,0.7024743488682375,0.7329168082423325,0.733260853315999,0.7268130377514589,0.7155372950912742,0.7164403547641032,0.7186585918464217
265.jpg,2,0.4425742547826043,35,0.5844329818809231,0.6093735033361544,0.564410897617355,0.5607485355850063,0.5645759346247129,0.5528032471790372,0.5549103240794625,0.5580177027996965,0.5347512246063144,0.5349264343496938,0.5339899327571044
266.jpg,7,0.7767066171294764,38,0.6457170311641778,0.6744417801380486,0.7194035072361541,0.7252864594854498,0.7286724842752367,0.7272484493383123,0.7318896639808105,0.7375352323629033,0.7333640288172345,0.733262247055609,0.7281304267304872
267.jpg,4,0.6641914182239108,36,0.6768443512963992,0.6802152775218324,0.594700613546402,0.5989294852871453,0.5976100245890116,0.5953225281394702,0.5982755814870463,0.5989553860487435,0.6176673711695142,0.6209421503685822,0.6155620144473538
268.jpg,0,0.29077644602052477,38,0.3508329697072594,0.28020792192597854,0.2859956050180081,0.28710163744100625,0.2858121546335805,0.30167992883211237,0.30264637779569736,0.30695855072353273,0.3026487571606892,0.30380767416595433,0.2991219775175178
269.jpg,8,0.6610917795348812,37,0.6596016042107942,0.6864042550519871,0.720882769729381,0.7209227575943683,0.7185013908186276,0.7025235590505331,0.7038419780585274,0.7001885525094318,0.7123243387124465,0.7100560664056033,0.7155425821867385
270.jpg,4,0.4207920767366886,36,0.5832412144790706,0.6133925127562337,0.46536189238586295,0.46680502596325607,0.46651230170380886,0.49177919806129555,0.49620514020827616,0.49682996146993985,0.4555499268747342,0.4556089128048537,0.46189009277362425
271.jpg,6,0.8017196435677377,38,0.6032643499564084,0.6199759164462515,0.8155497414360712,0.8138464252881581,0.8209383932000919,0.8165807969406168,0.816429781605239,0.815139886193459,0.8034454079570226,0.8030168403167819,0.8050256965945973
272.jpg,4,0.43094694239493364,39,0.4873060775635943,0.5131409807504901,0.4660115374746375,0.47104029109326556,0.4707482973688409,0.47166839922868886,0.4729329906548575,0.47738647584867694,0.4898005361262372,0.4945452677614611,0.4832693249545855
273.jpg,0,0.8569856898652183,36,0.8019998176947398,0.6982169110948755,0.8805413187533798,0.8807679021670183,0.8821243306504851,0.8971125247830543,0.9007974464261401,0.9020304172304705,0.8646432006661369,0.865858514344909,0.8626781579386793
274.jpg,5,0.46729672429236496,33,0.4696911951511182,0.4652255077299444,0.561817372174306,0.562715894098899,0.5582855968572833,0.5437202473757088,0.5440898443580989,0.5451103505715911,0.5506149546671809,0.551283776563034,0.5519698731335474
275.jpg,1,0.5906321345231472,39,0.5924345653353276,0.6192836001504388,0.6181179695409876,0.6143151577362662,0.6218784138346589,0.6107559688496704,0.6123989209821687,0.6180448735778286,0.6145405397707828,0.617330202589733,0.6218716040535454
276.jpg,5,0.36189387984669363,39,0.2876949932339484,0.2610963764153021,0.34635992042281166,0.3435728770696961,0.33963532067119406,0.3335755809498528,0.33640057091317116,0.3295199501662217,0.33809081627886334,0.3328136540887001,0.338592662397199
277.jpg,1,0.4942678483693223,38,0.5969717148245526,0.6192836001504388,0.5045752391502079,0.503377589005277,0.5035814338531509,0.5154797770550374,0.5173318513324074,0.5153622961425081,0.4950854370295913,0.500270739688608,0.5007671894700962
278.jpg,8,0.4827439857380731,35,0.5273740736663493,0.5261108560498732,0.4625821210673823,0.46333559405318236,0.4577317872414848,0.4580689539622269,0.4586060864232885,0.462469249481017,0.4657805045473671,0.46613531218919707,0.46325716971156256
279.jpg,7,0.254222483620705,34,0.5802170484818401,0.6119117537433963,0.2678319213174347,0.27632474897838977,0.2736106947283419,0.27123008651143216,0.275492029068477,0.2882152068873771,0.2756429724039867,0.27728598417479744,0.2769185896511175
280.jpg,3,0.7149557016397777,38,0.5451833363276262,0.6036205029004861,0.7157722763381639,0.7171948471811267,0.7177463488359508,0.7365918297084604,0.7346285107603139,0.7350084082736708,0.7293616867497803,0.7300710188472892,0.7258082214214672
281.jpg,4,0.43234322803457165,36,0.4564729152083167,0.45544693268756864,0.4443129310726189,0.4373789351656481,0.43394073286664286,0.4253813163431898,0.4293075171524059,0.4233683409316949,0.38919784440486954,0.3884723717658652,0.40237808334444014
282.jpg,6,0.30084865667990274,35,0.4292429490241879,0.4197048543352793,0.26742505920978876,0.26132796395138924,0.26301906233898403,0.2389342181639993,0.23990448633092865,0.2369373360173606,0.23813851017112544,0.23413694061123755,0.23565075580976966
283.jpg,0,0.4052716085964159,37,0.33533226518998305,0.28020792192597854,0.3849832614575888,0.37775809248459447,0.3756651230546572,0.3851864343349335,0.3858319002646277,0.38799485788255816,0.3809972608644869,0.3823169537838086,0.38485784291971614
284.jpg,4,0.6826472117712623,38,0.6559052904482314,0.6802152775218324,0.6103006619804642,0.6142138657154328,0.6157696739005913,0.6112749652316939,0.6099784183819191,0.6097407329194179,0.6181118811222028,0.6174068395674783,0.6137367808775519
285.jpg,7,0.1959813624921748,34,0.38621779139680645,0.3039549591892731,0.23027656276480585,0.2304612011838602,0.2325922333748215,0.25027188930139505,0.25528045923696535,0.2572741364123062,0.2588530761201391,0.25194925812493196,0.259040962031698
286.jpg,3,0.6914191378487481,36,0.7056121665703805,0.6990744417130732,0.7204269927811338,0.7164981823940675,0.7190310438534576,0.7108936840787566,0.7058098712191493,0.7012307346509562,0.7023696798557906,0.7045367184504003,0.7101666233329251
287.jpg,7,0.22972972983041326,37,0.4153384920126941,0.3715750961573932,0.22414816077900235,0.22591820609038948,0.22529626884186083,0.21325004740206066,0.21305079311812886,0.21431514483735847,0.1884770532807421,0.19597787606548644,0.18843232919081948
288.jpg,6,0.5754615994724067,37,0.5646421780970197,0.6110085033847501,0.5678817529041047,0.5698109098560988,0.5737319850545005,0.5477337885262156,0.5476069940151341,0.5466791050006434,0.5643546657176632,0.5612956986840423,0.5673642336631924
289.jpg,2,0.6645311537910911,34,0.6801728400959175,0.6880349718140343,0.6111153790078541,0.6074988279257519,0.610457613822225,0.6302201365934527,0.631227820027173,0.6261781242715235,0.6561877875016406,0.6588627004051553,0.6500723258451031
290.jpg,8,0.26718528998483504,35,0.4075308070172774,0.3569495722257974,0.32497795094610027,0.3286285056580105,0.3256939407330012,0.3216664934329013,0.3200654252747373,0.3241551852391038,0.31821030938801365,0.3194919488453377,0.31844224299452073
291.jpg,0,0.5946782152168453,32,0.5991324309537867,0.6115599682410792,0.608195613701466,0.6095375106248134,0.6048618038658667,0.5953762215007273,0.5938252167280642,0.5958754766725245,0.601901371236234,0.5961160955343493,0.5934993488644271
292.jpg,6,0.707370733221372,36,0.565529725615399,0.6110085033847501,0.6907883192965104,0.6979332580601603,0.6980091269959421,0.7001867397823915,0.702121059539783,0.7050419582508696,0.680937112689844,0.6797129287588393,0.6823196736093862
293.jpg,7,0.51834594940438,34,0.5946713843984277,0.6267241617233461,0.5313855424735782,0.5325785186261237,0.5297388895540756,0.531587860672274,0.5330189813180328,0.5352551935200834,0.5393534208601709,0.534397458542039,0.5369968524096441
294.jpg,2,0.5696069571104917,33,0.591366757050769,0.61495891956917,0.6374752428623105,0.6349467857295419,0.638056380002044,0.6109352009185393,0.60935313528843,0.6129546008063862,0.6274027985003936,0.625521318813423,0.6323152164101431
295.jpg,3,0.6115164129357589,38,0.5761373061028494,0.6113875065814512,0.6433089820719202,0.6416336961801781,0.6397563520049179,0.6484845326717459,0.6467304279936259,0.644253140989114,0.654048440002233,0.6559745934590502,0.6539960081796354
296.jpg,1,0.7730588850222135,38,0.6336123426412053,0.6671467737388108,0.7741862679142442,0.7749838792741429,0.7747390964226393,0.7668989256680968,0.7651879070711827,0.76525293956094,0.7555975622435835,0.7538328576172213,0.7497656258997872
297.jpg,8,0.8578845611432704,41,0.7450216681532918,0.7058198975538993,0.8036076226430628,0.802148731143318,0.8011355025280968,0.8167662872363354,0.8160188040981426,0.8192988847286412,0.8098492218701383,0.8092972337954526,0.8077620935123553
298.jpg,2,0.43631254821210297,37,0.673657715110481,0.6880349718140343,0.34449639342365757,0.3428533211963739,0.34480670555662446,0.33925585208036585,0.33932564985952757,0.3379897958947983,0.36871388820027473,0.372688793685721,0.3717424608621847
299.jpg,1,0.24726420161804477,38,0.38720287388316355,0.3290161469257639,0.3349591124229952,0.33272918387040745,0.33147405588105827,0.30389718737318555,0.30018574449666585,0.30072382413726756,0.29936570580478583,0.30262498236255286,0.3011607611917584
300.jpg,5,0.42480599440986644,37,0.40601602495968603,0.3438950318010692,0.4371132392822781,0.43610910160040256,0.43734436053411396,0.452771441482952,0.4513399841712947,0.4516526449631014,0.45743683393714835,0.46188885208850217,0.45905791748352903
301.jpg,5,0.7266523950808758,37,0.6412956442741852,0.6541632690150905,0.6606429451942605,0.6692629235104368,0.665895897752633,0.6751058478665753,0.6778452754391824,0.679346309600505,0.6682134400545778,0.6663614719345169,0.66695381254176
302.jpg,1,0.41654879599809647,35,0.5024241261761107,0.5064654782754869,0.3892335436747723,0.3900882358466167,0.3805517844113403,0.38425293501671576,0.38255367013278285,0.3821747169955997,0.3906076672500384,0.3919221053672678,0.3944394611414341
303.jpg,4,0.752602185194309,39,0.691596431703381,0.6802152775218324,0.7476263238419307,0.7526485893449242,0.7578573282031372,0.7403225865430958,0.7404178948255098,0.7430174167217873,0.7462473765839877,0.7470151183862321,0.7461465214790144
304.jpg,8,0.6779820840983164,42,0.5659006382597482,0.6071927342815009,0.6944434673164451,0.6988705396068313,0.6979862384333446,0.6998735883627132,0.6948239563282846,0.6910021026501187,0.6967323016320994,0.6948194548441797,0.6938383756680224
305.jpg,5,0.533097591144698,35,0.5517297320878196,0.6134488435143731,0.517853722937147,0.5146924122390931,0.5048882935761674,0.49724320875349465,0.4978988720967928,0.4967301380025155,0.5106600858903602,0.5074169728790369,0.5096811070028217
306.jpg,7,0.5166753522659603,38,0.4490742721703112,0.4244233581200724,0.5186203604492156,0.5170634547429529,0.5157815564308658,0.5259345716531254,0.5215966958587299,0.5244887595749866,0.5095575611795651,0.512135726059606,0.508320689864327
307.jpg,9,0.5741074080720092,33,0.585645735441537,0.6182401308167138,0.6745408383566904,0.6721973982746768,0.6682374555403948,0.6684452906131717,0.6726433913824489,0.6621445395193313,0.6801689938586744,0.6791114934593694,0.6749069738600999
308.jpg,4,0.7823051565732712,39,0.7001885996158241,0.6802152775218324,0.7381923159703525,0.7418409789957185,0.7447241099325541,0.7518587217257493,0.7460294051963627,0.7439489844840455,0.7427230707578988,0.7452736923969832,0.737517501924192
309.jpg,2,0.2854785472930719,36,0.4966829052544469,0.5171144978812048,0.40210373825423346,0.4048571771382994,0.40313343765047194,0.4059234185217593,0.4061973337616881,0.4087425557286196,0.3574734836735073,0.3545767315041104,0.34963531329517
310.jpg,8,0.32432814656889863,35,0.32243861787569805,0.2763620076485371,0.2645884696480561,0.2603804196777325,0.26577956310682294,0.26979761836690186,0.2657053820913947,0.2628761585072406,0.27056515633528544,0.27033694133012165,0.27318375682361573
311.jpg,1,0.5535818259505665,34,0.5245668200369245,0.530581559659783,0.5627625684138011,0.5621798135853369,0.5643967140209216,0.5633587269970854,0.5651424750211296,0.5704489913930433,0.5617603492070731,0.561055939692089,0.5601447118150789
312.jpg,6,0.6806261748880953,37,0.7534061834034814,0.7052579867870741,0.7156519593910631,0.6953903928351635,0.6924238414572118,0.7039073290681428,0.7033999287780084,0.6969136272984214,0.6705407350654409,0.6721544698906101,0.6817728004488466
313.jpg,7,0.6254125382655706,39,0.5143934920810204,0.5102404401483163,0.6187456687140334,0.6200830846678829,0.6197011634953772,0.6355388646290007,0.6342337493836676,0.6329313872194764,0.6388238101206253,0.6307551922354956,0.6343295658066649
314.jpg,3,0.45518498871426444,38,0.48667749865935217,0.5028550271461609,0.404693503203278,0.40285186745048834,0.4025044361645398,0.40218213723528207,0.39877391903180726,0.3944203724768268,0.4152873640873522,0.41521483381241964,0.41528489826651016
315.jpg,1,0.6230551617486136,35,0.6041018305888051,0.6192836001504388,0.6306606989932231,0.6290605593593037,0.6282264842601523,0.6227907965018228,0.6220182569574463,0.6261556905307748,0.638920530261569,0.6396766180309068,0.6385194516501309
316.jpg,6,0.792661610771628,34,0.555857339548333,0.6068352934455585,0.8227383407693574,0.8182898261401177,0.8215306395462529,0.8181445107738702,0.8154853871197424,0.8123364050923588,0.8091965799884011,0.8084139486926979,0.8102281507990514
317.jpg,9,0.5213252092019106,39,0.6995765168666643,0.6844889856360925,0.5213349526607465,0.5225711187994155,0.5262698410956193,0.5219794139563528,0.5242580295752822,0.5305093064509411,0.5245774927070869,0.5225371942111875,0.5205255127625104
318.jpg,6,0.5030464552916013,39,0.5552265875972116,0.6068352934455585,0.5070766463628813,0.5034316599745907,0.5009216367931455,0.4515150551202688,0.45117500824855233,0.4534768076843726,0.4971887866386263,0.49493829844802756,0.4925662936677384
319.jpg,0,0.4967888625892433,37,0.7271127283025999,0.6982169110948755,0.4957588119870203,0.49926327211301763,0.4985038746989412,0.47481999490099297,0.4722326434748255,0.4752101623461356,0.4904996301173496,0.4941390251774579,0.4936388870799622
320.jpg,3,0.6162790697674418,43,0.6341892367196342,0.6731821471332334,0.6627289079053494,0.6594129545957204,0.6607395568838669,0.6376534706460228,0.6388714229870932,0.6410141907479736,0.660785551280598,0.6603594488133362,0.6574218062412149
321.jpg,2,0.24491923054876297,38,0.2708287652682191,0.26387134121512484,0.24448536427517667,0.24244650071253204,0.24175083998988142,0.2588582333264196,0.26071761507491265,0.25631351551425374,0.24619085562903975,0.24424385341356541,0.25253211839774137
322.jpg,9,0.20505471670951106,38,0.45574320970871013,0.4466463808231352,0.18100779419442975,0.1788448662038098,0.17333080831663228,0.14465711425906191,0.14477629126772018,0.13392814634323047,0.16752794033203056,0.16307752694520622,0.15771296892805986
323.jpg,7,0.626512649986479,36,0.5907487781776555,0.619797241434211,0.6595908703674985,0.6632851868912715,0.6614909454487894,0.6353332614761915,0.63651293325972,0.6396443107879428,0.6785517755329862,0.6769809364094633,0.6774111539069748
324.jpg,4,0.8363861307501793,40,0.6252113276065152,0.6620329845066474,0.7776415549874878,0.7815412307418745,0.7821789853281651,0.8023472007051232,0.8027191692657711,0.8025426017688042,0.784510282754989,0.7878127745326482,0.794367481507155
325.jpg,1,0.7909925129355454,41,0.5978994544529974,0.6192836001504388,0.7544607597592614,0.7526343200137053,0.7468240730256501,0.7456076793185674,0.7432009475042616,0.7411459786270201,0.7480446363135214,0.7464038469097047,0.7464247017033131
326.jpg,5,0.5127670621793521,38,0.4117422079059866,0.3438950318010692,0.48302232271189277,0.4791647998067548,0.46708159659056064,0.47721456531390816,0.476323003909507,0.47317857826383736,0.49496543111429747,0.4965312512592201,0.49922580847335757
327.jpg,4,0.5135233009733805,41,0.616797897213796,0.6249172548023157,0.4210578202845635,0.4209969368036147,0.4184679113248019,0.4315599129640929,0.42941787801297204,0.4313030645997952,0.41764154395753617,0.41825228093996075,0.4187467801610428
328.jpg,3,0.3316831687066172,35,0.5494103144803583,0.6113875065814512,0.43254228770908015,0.4365444272446516,0.4346805984977361,0.438690272020514,0.440834467533755,0.44069173163161246,0.4146210108350239,0.4173152497849289,0.4137703004138164
329.jpg,9,0.6688826024532318,35,0.8205461238901994,0.6989351650749057,0.7102417407738315,0.708123308392359,0.710906601109239,0.725753582533181,0.7204717788697321,0.7268571339585732,0.6985471385810158,0.6957589387533867,0.6937611217396957
330.jpg,7,0.7743616386463767,38,0.5877673477150629,0.6119117537433963,0.7454552157632889,0.745067270795961,0.7479719483647039,0.73944816635038,0.7418762561831751,0.7461072461651301,0.7480144151769299,0.7418937091076312,0.7482412827101874
331.jpg,9,0.2133790304621634,39,0.5228610320657374,0.5299100500684013,0.3306689166504221,0.3270093486709351,0.3187489996603461,0.3332956093844102,0.32879374517890814,0.3355320970349993,0.31486959049677943,0.31422945979245454,0.31418779555585186
332.jpg,6,0.5701097125137174,37,0.6473459096314209,0.6873348088313098,0.6436738657019182,0.6429666210091123,0.6457287500583739,0.6417566958282015,0.6409011900208574,0.6380617966881881,0.6520986670307398,0.6517290479924842,0.6472311872547731
333.jpg,4,0.6572842938559396,35,0.47410528245722855,0.45544693268756864,0.6396409352223358,0.6382248487726607,0.6377055657790457,0.6449542189423004,0.6428869651398003,0.6478209220299771,0.6457528780750224,0.6445355298197768,0.6462764519797732
334.jpg,4,0.6198019720613956,40,0.5532614594508027,0.6107558985132536,0.6554028848145911,0.6564580798188406,0.6568557441976327,0.6508309407290698,0.6450947853015752,0.6412221516321587,0.6241298976487292,0.6198068839687882,0.6227299337652639
335.jpg,7,0.5968096794353591,36,0.5826011309873866,0.6119117537433963,0.5546188905927063,0.556935043923024,0.5569435718517406,0.5917169665947658,0.5938364484308003,0.5973763063075752,0.5691641597562532,0.5659637983476664,0.5680555299807555
336.jpg,0,0.7941176400465124,34,0.7968504992197271,0.6982169110948755,0.8635962672590729,0.8592579690964202,0.8553192417786724,0.8576079813206423,0.8544595075865188,0.8598949336293047,0.8375017016897905,0.841394433980464,0.8475339658242943
337.jpg,3,0.5935382960658324,38,0.5302488739137776,0.559956744568704,0.6337399825212967,0.6347592287976482,0.6336722084321265,0.6091779719145991,0.6097662548730833,0.6082318733462406,0.6350258451353825,0.6336867219341565,0.6266718105345725
338.jpg,8,0.38235293819076,34,0.3917758601189626,0.2922843844116788,0.33034783380149785,0.32683017976925877,0.3305024953354546,0.34132851024269417,0.3426373996299301,0.34116200711876105,0.34863132831787114,0.35042073193225687,0.35015694239397177
339.jpg,8,0.32425742474798525,36,0.4090473842810216,0.3569495722257974,0.33207906196157866,0.33143042255230254,0.32917137025734394,0.3464164536507275,0.34663523194073326,0.3420689501465058,0.3365280191354889,0.3348918329812759,0.3303662054893215
340.jpg,1,0.6043226213716879,41,0.5287291562687242,0.5528372691454018,0.5339397295511044,0.5325739549920748,0.532233564127014,0.5610630921291555,0.5602384691295661,0.5631488665863049,0.5138998488940337,0.5140756999062672,0.5155457942104453
341.jpg,6,0.41427826920622274,38,0.4481947977619866,0.43373218385277584,0.4426130157541164,0.4435057314700857,0.4415131163809625,0.4738208116843512,0.47433606312526666,0.47860370329664637,0.4490513459761593,0.45137181888796757,0.4500797022665446
342.jpg,5,0.32312015055150195,37,0.3672150563384491,0.2997320309834363,0.357255698119604,0.35418896458785276,0.3572265469932132,0.34614100090486544,0.35060354679516725,0.3405627825326095,0.33979053181566254,0.33086339239369933,0.3388796541826189
343.jpg,7,0.6531903147697449,36,0.7655918517075747,0.7088619953184742,0.6015652922811983,0.6013045739850196,0.6058855564096924,0.5880858332616699,0.5856982361401775,0.5788573762790867,0.6015099327720821,0.5898178222498549,0.5985236194158204
344.jpg,1,0.6167809126468805,39,0.6942145739713562,0.6825222536439789,0.6869328688143326,0.6846481524484844,0.6939475700721882,0.6943398594921192,0.694704832461813,0.6922954112072682,0.6910182799606277,0.6915625734997268,0.6915161965509605
345.jpg,7,0.7927138805389404,39,0.5682963901521332,0.6110795464047756,0.6978559715251632,0.6922218971612916,0.6906666711706217,0.7008068100779158,0.6981137469071446,0.6945632508335919,0.7227889372588152,0.7209082125577284,0.7245532436676538
346.jpg,4,0.8259298833640846,37,0.6552517504640138,0.6802152775218324,0.7791900197133278,0.7808413728441278,0.7808148224390536,0.8028068240301027,0.8030696334508359,0.8056757445831584,0.7814181871929371,0.777612303515553,0.7817000974272088
347.jpg,3,0.6867808373393239,37,0.6541812561580385,0.683372863568541,0.6748329484436789,0.6725695407892305,0.6713853718115302,0.6925780105054486,0.6936591492606544,0.6919352565699567,0.6912907571121832,0.6904794113809913,0.6870631966058101
348.jpg,5,0.7565770881516592,35,0.5995011963368895,0.6240476208925774,0.7794397567578724,0.7816162063955455,0.789454087828211,0.7487653002429857,0.7506550980141765,0.7526479357870831,0.7917176667706616,0.794595819958872,0.7908941094399343
349.jpg,4,0.5305057514358211,37,0.48128091098993264,0.45544693268756864,0.5874848697937084,0.5863274626335172,0.5819485805647294,0.5722295259753505,0.5724112734586396,0.574397875420674,0.6078882267802577,0.6096571496861868,0.6052294346187005
350.jpg,4,0.6571130752563477,38,0.6161882498596989,0.6249172548023157,0.6876944853878675,0.687137835110661,0.6877613178345025,0.6815125684412672,0.6823205260736097,0.6798613550964108,0.6337840705571381,0.6351813893539033,0.6470627124686139
351.jpg,3,0.5678580043519416,41,0.7278429072102778,0.6990744417130732,0.553959961010623,0.5580120424781846,0.5562042093168281,0.5425846978683708,0.5425495403607554,0.5436027172478993,0.5571304358376924,0.5534572693529667,0.5540852342011563
352.jpg,5,0.2975797579468538,36,0.24458855472559715,0.20778549417789682,0.21957452109037867,0.21519369114293874,0.2249659007351567,0.23162234969552054,0.22985651434967574,0.22321724277503435,0.22751727809957548,0.2262784374437079,0.22558905414868666
353.jpg,6,0.3964409955424836,37,0.5875479574289674,0.6110085033847501,0.28795437587712314,0.28692136863781725,0.2853200709781464,0.2819534894257191,0.2814156809396423,0.2778430004198688,0.270463974130418,0.26992911269436426,0.27348929812278333
354.jpg,4,0.6811298745519975,34,0.5457377579076506,0.6107558985132536,0.5946095868132075,0.5949357645108797,0.5979256051505963,0.5853221574983763,0.5877588283644282,0.5904353677783274,0.5765838699655481,0.5744511587080172,0.5776286004310429
355.jpg,8,0.5707629564053872,34,0.7161778891756628,0.6864042550519871,0.6553854787342077,0.6550198121290765,0.6582760011858848,0.6584792213696999,0.6610026543017875,0.6591884509180984,0.6492918048168244,0.6498627400954451,0.6490867020388068
356.jpg,6,0.5695674835067046,38,0.6671378389631646,0.6873348088313098,0.5431886766488772,0.5459464920140017,0.5455568484298183,0.5254548265266158,0.5252461719154593,0.5298174277609208,0.576301600063946,0.5780417746334421,0.5697815779380293
357.jpg,3,0.45988829319293684,39,0.5255867472663459,0.5338123711341842,0.30676350355490534,0.3037056908793131,0.30789778160363057,0.3159391871362339,0.3161123657551803,0.30951828563407047,0.30913479556118945,0.3091884125636285,0.3112844062782606
358.jpg,1,0.7977913129024017,39,0.5324427340929979,0.5580574129100145,0.7770666971665733,0.7809073659601062,0.7698430674788396,0.7579911047283548,0.761108864719777,0.7641604027268473,0.765280449746284,0.7627602890411326,0.761866883424338
359.jpg,2,0.4922397626010147,37,0.6980655198486714,0.6880349718140343,0.44289230657209044,0.4424510097824267,0.4442403896710047,0.4269497072933648,0.4236610700334398,0.4256842278451354,0.4359814174970311,0.43646183500001445,0.43499116812247507
360.jpg,8,0.6860343947222358,38,0.521324270894256,0.5261108560498732,0.7034922204117569,0.7005116391720863,0.7013270906669168,0.7057974128020342,0.7056912323902859,0.7061765193476122,0.7171671597166882,0.7172241419969942,0.7181282231281616
361.jpg,4,0.6551980167627335,40,0.40139528499905774,0.3383172649725063,0.5819339696238983,0.5807253011518592,0.5771280935339338,0.5839704848385132,0.5806341175290416,0.5783008147872443,0.5990235888867772,0.5996028735670836,0.5994273402440711
362.jpg,7,0.4587458713601033,36,0.5172189857713514,0.5102404401483163,0.47193354959504624,0.4688894381626035,0.46800804485366193,0.4585490017057453,0.45824579557845646,0.44695643870603763,0.45490543600474737,0.4586250597924514,0.4564938779504774
363.jpg,1,0.4921834304144508,38,0.514569365223394,0.5064654782754869,0.541528564393759,0.5410086563773874,0.5454002088297629,0.4914799736110814,0.48966792622100475,0.4880713539903111,0.495057117841851,0.4977364148755282,0.49042652447249613
364.jpg,3,0.6114568548543112,35,0.5002516905804582,0.5082321906261352,0.5983048042553278,0.58854927067302,0.5883955300150923,0.6001706001287428,0.5978748923759966,0.5962505468454062,0.5645798813687355,0.5665379174108414,0.5706910250290497
365.jpg,4,0.7251768010003227,35,0.7388430624742814,0.7050249411790184,0.7725697776018353,0.7701314423952301,0.7676159017019983,0.7657378674795596,0.7662651272752637,0.7605230884713811,0.7518514507175869,0.7446090519779074,0.7542923161327969
366.jpg,8,0.6900990051882607,35,0.6298026116445858,0.6764893170884495,0.6435421276734021,0.6445654509175758,0.6454977489237149,0.6503815280220853,0.6512230133077047,0.6516790556294169,0.6276961568188768,0.6289751318845128,0.6320736328953598
367.jpg,5,0.7460758235396409,41,0.6556614562772966,0.68933366150909,0.7631057421359222,0.7611188806458189,0.7567832068418525,0.7429101621999435,0.7460113143466206,0.7416650500132642,0.7680591523687554,0.7658372955540671,0.7696359653365031
368.jpg,8,0.691796321954046,35,0.5990821683411514,0.623607839553141,0.6676798150179537,0.674189936291672,0.6729456799258537,0.6843288453972391,0.6867696749377971,0.6800890770721892,0.643130374553295,0.6441903942912524,0.6373148227324799
369.jpg,9,0.7143564328551293,40,0.6835266295853256,0.6844889856360925,0.7596554700032945,0.760471731622416,0.7665131965405292,0.7728580925653462,0.7761647341466018,0.7877230360535017,0.7399764256265318,0.7390144389761903,0.7335785002761437
370.jpg,4,0.7120462043417825,36,0.5511524358930413,0.6107558985132536,0.6703860566720796,0.6707846002441464,0.6696293391870902,0.6812408564085997,0.6816502857915625,0.6858140702820937,0.6906076332349395,0.6904094643377385,0.6911637211587376
371.jpg,4,0.7344126330839621,37,0.6063571419468881,0.6249172548023157,0.7500337990777318,0.7531594165516355,0.7513721694501228,0.7519570843887657,0.7542502615493499,0.7511900692686676,0.7427479756002013,0.7406751961738822,0.7411618389897819
372.jpg,8,0.7772277206987948,37,0.6556384456904033,0.6864042550519871,0.7324339107888724,0.730625846405898,0.737897027851508,0.733583294853288,0.7326218031400185,0.7295746147610098,0.7467167357317497,0.7475513892055079,0.7476775215088518
373.jpg,6,0.7703520341051949,36,0.58746482856963,0.6110085033847501,0.7851535881023091,0.7811482614777574,0.7828598550006418,0.783701439108056,0.7813567487106233,0.7838544095623882,0.7893695788937785,0.7877020604297704,0.7885900757149511
374.jpg,2,0.7363861434161663,40,0.5748463417463405,0.6093735033361544,0.7173884637330847,0.7181278303600294,0.7165717391094675,0.7195541517948937,0.7207339179240505,0.7179188094972817,0.713453192729038,0.7146075571909314,0.7222206643537539
375.jpg,8,0.7266226592991087,36,0.5684635638012057,0.6071927342815009,0.6131832000619616,0.6129851326291346,0.615368350250602,0.6294622234642412,0.6296727336650892,0.62984755324581,0.6310309679459539,0.632588101541056,0.6330513731615969
376.jpg,9,0.38366336727307904,36,0.5000262961601749,0.5109932613807457,0.4792509594608838,0.4693832511070869,0.46474218646547905,0.45012363480452633,0.45162709274864254,0.4608202061282999,0.4238768507282412,0.42314529934131534,0.42652874785641054
377.jpg,2,0.6798233840916608,37,0.5767429917474621,0.6093735033361544,0.6996862611589285,0.7010330844180445,0.6986014680201061,0.6797636496712887,0.6779885435264449,0.6804200885891813,0.7501260154726362,0.7515687626225358,0.7562967098447949
378.jpg,8,0.5235148435458541,32,0.6859285752009621,0.6864042550519871,0.4812014483941802,0.48619340408528583,0.48137502203611826,0.4723004890617356,0.4736629707521371,0.47277058584262877,0.4806037547009611,0.47884395198318064,0.4731861199761515
379.jpg,5,0.710094178595194,41,0.6601726975705182,0.68933366150909,0.6427223078193116,0.6446801358175418,0.639585132913711,0.6723903615861184,0.6693517042130069,0.6760350703027774,0.6574908504188017,0.6575399008824324,0.657082126029703
380.jpg,4,0.5540540508321814,37,0.5796110415978559,0.6133925127562337,0.6056410386161172,0.5972470440787245,0.5956335927256831,0.5603896577186183,0.5620510837396026,0.5602290426392946,0.575400152249692,0.5714711431796884,0.5834196905283932
381.jpg,4,0.5259172951884787,34,0.5167816859000163,0.5131409807504901,0.509464166425104,0.5148111059750404,0.511502102741049,0.5167658905896281,0.5137353446886642,0.5093683460514032,0.5037001355252656,0.5074494884695423,0.5115350054879946
382.jpg,1,0.5720071937098647,33,0.5834310884829277,0.6137516482320498,0.5406885785679445,0.5416450973954553,0.5437036284192253,0.5339569072138111,0.5345280668715732,0.5330319878056562,0.5546684675545365,0.5541049338217214,0.5551863972359736
383.jpg,8,0.6849921784902874,38,0.5949577984579291,0.621492362239284,0.6520424844809128,0.6526621073602447,0.6488776720701819,0.677699690214346,0.6776376957428267,0.6754654491599744,0.6856409836307711,0.6894404205603697,0.6848498930176319
384.jpg,8,0.7821782171726227,40,0.5843084449317175,0.6071927342815009,0.7581604268690244,0.7609995679384809,0.7564265399739856,0.7664081169033728,0.768535672801238,0.7696887039672242,0.7672488584913928,0.7692702104024856,0.7672199452379486
385.jpg,7,0.7063975639832325,39,0.6448251141215735,0.6744417801380486,0.7151248017928258,0.7164756153124947,0.7151318095675763,0.693122010635783,0.6941881845525025,0.6937584045991896,0.6856359885237757,0.6879552635908194,0.6915375401749843
386.jpg,0,0.1922442259060012,36,0.36700200864528465,0.3077300586033339,0.25271989196995737,0.24618644275156382,0.2481149860267275,0.23371106276360337,0.23330207413145282,0.23480242380989452,0.23972470498561194,0.23432545994158233,0.2373324332396512
387.jpg,3,0.522202216314547,33,0.5015588868631908,0.5082321906261352,0.5598504098087006,0.558942825613213,0.5599748118326934,0.5517835914480015,0.5510647000910223,0.5495755984083956,0.5322270692919395,0.5323634266348002,0.5355356562297781
388.jpg,2,0.8287711108432096,34,0.59401597940961,0.61495891956917,0.7581326910733998,0.7599068656580839,0.7585475886076045,0.7730528736095591,0.7744185342213334,0.7693891799095025,0.7725068876705241,0.7740066631928204,0.7763731380673753
389.jpg,1,0.2527581347418683,35,0.41050274889742855,0.34842825152910817,0.272718918936798,0.2698974909485163,0.2774745355997994,0.27061756924684366,0.2719158906363414,0.2617421878942019,0.25736659033438536,0.25715251174895326,0.25847423867638863
390.jpg,7,0.5951595115992758,36,0.49255506822598166,0.5102404401483163,0.5474265971164873,0.5462962178430435,0.5454240444899884,0.5345002627540542,0.5399823998219211,0.5270304228432212,0.5657032145360807,0.5542459846037412,0.5581187744050505
391.jpg,4,0.5162266203098826,36,0.5976878773966461,0.6249172548023157,0.6102664111293993,0.6063043464030835,0.6089532740601049,0.5700323978799771,0.5711231021156088,0.5720056167867426,0.5597017624132006,0.5544730203518671,0.5608364067591112
392.jpg,1,0.48045857525185537,38,0.5603696210949756,0.6137516482320498,0.39219724521722754,0.39329791570017675,0.40111723997523396,0.3680441196905372,0.36810447190015116,0.3639763106210307,0.3664853752031878,0.36411343721933104,0.3634976001428713
393.jpg,8,0.5385038471884198,36,0.680841138740031,0.6864042550519871,0.5217846924148931,0.5269419245820101,0.5222313480224597,0.5070255968033526,0.5108518806933174,0.5074436560111732,0.5447956062116792,0.5458632600994098,0.5337203848498103
394.jpg,9,0.5946940779685974,39,0.6615982930866613,0.6844889856360925,0.6694633172067771,0.6703352387056141,0.6726106387072439,0.6598639404112683,0.6563045177147683,0.662632150348601,0.662248374564333,0.662697836281441,0.6622022682653725
395.jpg,3,0.41206977718199295,42,0.45955507665973705,0.4470911242131082,0.3925995680334422,0.389080253405282,0.3917532368168941,0.33262275359746873,0.33154725826248893,0.33312803426857024,0.36409553764014896,0.36382210739498233,0.355375988611798
396.jpg,9,0.20082954351312002,37,0.377538489825857,0.29912494767520204,0.2526524498448507,0.24868899191049126,0.24407845645659082,0.23738356303452407,0.2367621856013833,0.2209404394294523,0.2053532639653575,0.2056097454479714,0.20749244631748393
397.jpg,0,0.7737332512350643,34,0.8003681645876581,0.6982169110948755,0.7571278227953313,0.7569937360992964,0.7553463966303553,0.7332973215291514,0.7306966082222297,0.7306207248666141,0.748638021825081,0.7493239494027376,0.7512385284509016
398.jpg,0,0.6295615264347622,35,0.6839891476659586,0.6817370741371862,0.6825579499738366,0.675336364182422,0.6767695348427555,0.6845968204083416,0.6809223496498334,0.6894329111309088,0.6833863396198823,0.6837489593286783,0.6785272000064975
399.jpg,2,0.694925737567246,32,0.636674187758961,0.6720587125420237,0.6829084785037989,0.6842973173718127,0.6828903653608024,0.652237501793087,0.6510326055620573,0.6507379887516125,0.6675163183601611,0.6691937720050833,0.6680155961461804
400.jpg,7,0.7687411529677255,35,0.6649456279808121,0.6795031808587857,0.7767347207213748,0.7791837168739163,0.7789896665380597,0.7667868869666177,0.7667948613822744,0.7660809803701911,0.7756753074294396,0.7721381203011177,0.7762943993406823
401.jpg,1,0.4812981292165609,36,0.4129464648456518,0.34842825152910817,0.3290101248906802,0.32665915322516476,0.3328280982000459,0.3376338087200684,0.33687351387285197,0.34343369210546465,0.3332916457098291,0.3339962094003366,0.33630817213077485
402.jpg,2,0.34075907844170517,36,0.43840889533048416,0.4102223882171752,0.4283914720169129,0.426881628443735,0.42581382266179457,0.4043115094341245,0.40052862778513687,0.401698134054511,0.4446737181682516,0.4451313029256316,0.441407783386238
403.jpg,0,0.6761868519660754,39,0.48762036109211604,0.49760422881041677,0.6167473228062466,0.6204970228975543,0.6241666438041206,0.5840468491347437,0.5829481102686145,0.5802299309818958,0.6275867745195174,0.627933599036102,0.6326725574844556
404.jpg,0,0.8058603099874548,37,0.596946399064517,0.6110726030022068,0.7553029006918591,0.7589369701100357,0.7570536174299913,0.7762615016773451,0.7776594107630481,0.7736868443543047,0.7630389367889676,0.7615210294529549,0.7599500396272801
405.jpg,7,0.5132956100361687,35,0.5217104760805884,0.5332335225622868,0.4856981265169883,0.49228770030900043,0.48965015639113646,0.47994847369315774,0.48351486062793364,0.4832087741467455,0.49079000990687643,0.49201258088685923,0.48673565590742174
406.jpg,1,0.7480905226298741,35,0.7188095469108545,0.6825222536439789,0.702691776005375,0.7011555379657561,0.6951637588032868,0.7194851625386532,0.72061932419052,0.7233074130038216,0.7229685694780301,0.7254447198481826,0.7229581672078582
407.jpg,8,0.319497335033539,39,0.4950700275868547,0.5082229014711247,0.4633175835402251,0.46355271519560975,0.4564242171794953,0.4637615811046055,0.46185487444500295,0.46367702042893955,0.45205113593788304,0.4507814291832421,0.4482497183920991
408.jpg,1,0.7780527985758252,36,0.5394443021576202,0.5580574129100145,0.7850578509564824,0.7857719027349488,0.7882192778412496,0.7682261040739422,0.7656739918583854,0.7673218557505185,0.7655026989582285,0.7633849485302372,0.7590612964874154
409.jpg,4,0.5101548578494635,39,0.5619052395540187,0.6107558985132536,0.5959669151199195,0.5996925582684515,0.6009457214616134,0.6017861599159412,0.603612908042499,0.6016935104981653,0.5904711855072062,0.593306226853612,0.5927113951864829
410.jpg,3,0.8512494038967859,42,0.64174303241329,0.6731821471332334,0.7307487766076616,0.723867369446355,0.7253899141726144,0.7340052404022807,0.7343030656451909,0.7387329963743927,0.7537837512779975,0.7532266019907565,0.7518590720772165
411.jpg,6,0.4736842081735009,38,0.554792914760027,0.6068352934455585,0.5112944172886685,0.5103621540028029,0.5105072034972618,0.5032203789455582,0.5047261866531357,0.5032869892886307,0.513302013721794,0.5117820684471723,0.5099365296799654
412.jpg,1,0.7411182259812075,34,0.5521179870970752,0.6137516482320498,0.6684320963151268,0.6688341715494921,0.6697746774571647,0.6622632006038351,0.6611069991103882,0.6617735895824711,0.6672710437563247,0.6687650037509183,0.6681015322431755
413.jpg,7,0.6858910828828811,40,0.5853799223026709,0.6119117537433963,0.643288474690673,0.647621985572105,0.6470344522837852,0.6396417238946549,0.6399118188694312,0.6346317390424329,0.661595740853092,0.6606926918560584,0.6644582740605292
414.jpg,1,0.32178217796363723,38,0.3130735157347031,0.2824396654878372,0.2636429340696118,0.26273971543289154,0.27173840545135564,0.28815251314444207,0.2908029018827478,0.2836623418430445,0.26079964962242747,0.2566856959964672,0.2583118264200569
415.jpg,0,0.510422090595392,38,0.6370954002142964,0.6672095969524839,0.5334084132666985,0.5334929816262485,0.5404817675663937,0.5223713117679071,0.521255601380482,0.5263540437189179,0.5308521392580258,0.5301324742438751,0.5303556914372136
416.jpg,0,0.6980197992589738,36,0.5202849064732327,0.5301190849919707,0.7034214577690843,0.7060523222891976,0.7066895779980676,0.7064011970649721,0.7078221009009132,0.7089445364279539,0.7003515733820249,0.6953658789733923,0.6921887921035942
417.jpg,2,0.46709376731065705,34,0.4877582214185984,0.5165950685180345,0.5858869046242373,0.5869307748382843,0.5874533735896805,0.5736122462490111,0.5722590086058085,0.5760025652793156,0.5724026089328014,0.5727963718203128,0.5708516887482443
418.jpg,1,0.7164073518344334,35,0.7767517676916018,0.7128853061898236,0.6796618224964454,0.6737154001089574,0.6623555359240099,0.7030895477700156,0.704382032618391,0.7016690967422827,0.7009741556880332,0.6999190519008276,0.70370610184265
419.jpg,9,0.16958981583427105,35,0.5660293378472667,0.6182401308167138,0.19028831922241862,0.18999339488702727,0.19042522007925766,0.20639904896622918,0.20352843789526492,0.19760341932259784,0.16664006573324458,0.16727972631012478,0.17140905960776676
420.jpg,6,0.6549371080221357,37,0.5959360199069131,0.6199759164462515,0.6603400521087582,0.6665906169909864,0.6671863259071482,0.6459351232852715,0.6476812080391634,0.6515497378014022,0.6715717654325104,0.6682939897443245,0.6652752503606183
421.jpg,1,0.6119361920282245,36,0.45880751894350824,0.4392901252703159,0.6250483330867914,0.6219071763218259,0.6243448825826414,0.6304519540054402,0.6306199639918809,0.6397697766609928,0.6289081389781059,0.6317240096186538,0.6312426589350473
422.jpg,7,0.30693069434103865,36,0.5152524716591178,0.5102404401483163,0.2857475190186536,0.2882558200091081,0.285565243075722,0.2834281983514518,0.2798338225938737,0.2873974270899535,0.27781762708233604,0.28474697178258385,0.28045001939245084
423.jpg,4,0.27821782026439906,35,0.4462268809104325,0.4247363584107617,0.35908688592984284,0.35825832700085136,0.36023167842744874,0.36368017065756525,0.3726366181675155,0.37005463053196275,0.3630591586649653,0.3655580687877636,0.3657781242522293
424.jpg,9,0.7441375647720537,38,0.5492013198712731,0.6144281379742957,0.6622797610529105,0.6685289938938288,0.6644022520357133,0.6806715578110353,0.679619737008567,0.6700019939989924,0.6679163020960426,0.6688644621788059,0.6698215990651457
425.jpg,6,0.7431243078576194,36,0.8306253365588233,0.7293697884584854,0.7712014587781872,0.7682262874453217,0.7711363563389442,0.7866900981999492,0.7870205706497065,0.784648852163961,0.7732222547137578,0.7714941284027523,0.7713852217754034
426.jpg,7,0.5333507002184266,38,0.5745557865786679,0.6119117537433963,0.5689269989953937,0.5691196737626043,0.5677622772368294,0.5851934008596924,0.5827640973737188,0.5814201506128948,0.5867214482394401,0.5876650591786607,0.5894108846534518
427.jpg,4,0.21287128874765976,35,0.36554737728142606,0.3015738341638089,0.2659831152887656,0.26388669581730884,0.26642873296111946,0.2658214354586239,0.26432520000883253,0.26344715584429035,0.24043654083422894,0.23845053273541353,0.23779299907213428
428.jpg,6,0.6146864650977982,36,0.5430917004711664,0.6068352934455585,0.6333613466915742,0.6330904917597018,0.6288858706824443,0.6289796436902032,0.628075743743457,0.6368473781048807,0.6503389697750356,0.6507235929066437,0.6506073566908855
429.jpg,9,0.6734011221576381,37,0.8417852068633445,0.7662194032043586,0.629496831565703,0.6345246566876388,0.6382140880541691,0.6475914575201525,0.6436758262330714,0.66055813342106,0.6332485559085572,0.6309778092631032,0.6284958084637924
430.jpg,1,0.7223479492323739,35,0.7350303827155005,0.7079672315616035,0.6584334318444969,0.6597430921406533,0.6624703753050594,0.6574849214744848,0.6560175248825368,0.6606440550557117,0.6724642441984452,0.6738633739915494,0.6765476913894581
431.jpg,1,0.8537596931328645,37,0.7556494438104764,0.7128853061898236,0.8426032572496251,0.8394450720475528,0.8343322957899053,0.8169602617764645,0.8141022729695091,0.8084492268641938,0.8192177804703535,0.8190853830987936,0.8133980889148251
432.jpg,7,0.6386138616423858,38,0.5581875381722678,0.6110795464047756,0.6012295806083192,0.5967916624274506,0.5973173395874366,0.5890954766730379,0.5912574243774548,0.5889071946017745,0.618359774380028,0.6106724221037708,0.6164464857238284
433.jpg,9,0.7206143675706326,39,0.47450520473298385,0.4466463808231352,0.6686344701501975,0.6675372846453634,0.6724119703981634,0.673323124980452,0.671581217416486,0.6711614353559298,0.672616273349531,0.6726287293982315,0.6711846885378435
434.jpg,7,0.798332459048221,38,0.6960050179254844,0.6795031808587857,0.7556585813775583,0.7545960549340679,0.7543844484666002,0.7706825751910231,0.7682479520212535,0.7705717973015691,0.7833491555962272,0.7767703331298293,0.7850381908136486
435.jpg,8,0.7698654471299587,39,0.7016079433312848,0.6864042550519871,0.730953780812594,0.7337769670524374,0.731477755461616,0.7491939408569819,0.7516132442892252,0.750975560429779,0.7446684719476515,0.7456776686243656,0.7479560087459238
436.jpg,3,0.4460656571594116,38,0.36925633653379253,0.29399570706381173,0.44754240046775867,0.44655251721380745,0.44556016141507004,0.4596904796115834,0.45918841583514114,0.4606233314094823,0.45253901234347876,0.45189889695102387,0.45113859319180727
437.jpg,3,0.5454826662753476,32,0.4520459013198313,0.4301330067397583,0.5098909220143253,0.5086954082883711,0.5071450952782639,0.5123095757516926,0.5142031498384091,0.519159340982923,0.5094331904904098,0.5107314438430877,0.513185089706987
438.jpg,2,0.8150844433728386,34,0.576306028736154,0.6093735033361544,0.7701141576607939,0.7690159524740102,0.7690592844310824,0.7983692792257191,0.7985608324542696,0.7980545903052436,0.7643112874471214,0.7624624968541656,0.7607955992512263
439.jpg,3,0.805074255913496,32,0.5584580916595526,0.6113875065814512,0.7763372281674039,0.7738034146127133,0.7776731932537748,0.7351458714249487,0.7342381038572744,0.7355802585583041,0.7734623920131247,0.7728970742968408,0.7732763744396992
440.jpg,8,0.7591230511665344,35,0.840812629631656,0.7369995895147243,0.7365290304951311,0.7364504779596477,0.743036303149925,0.7471441699322595,0.7485724334899966,0.7514475111721357,0.7388093234940745,0.7392170844619386,0.7401635279715819
441.jpg,8,0.6881188096271621,36,0.6222441846359559,0.623607839553141,0.6624567458943449,0.6658452259482619,0.6691547780231725,0.6870935330484526,0.6932561950642754,0.686725095314658,0.6730453737381142,0.6742949482591987,0.6711459518902392
442.jpg,1,0.7758897494625401,37,0.7959830979382957,0.7128853061898236,0.711255598584876,0.7110363654046071,0.7118184404964631,0.7477943380950629,0.7514873003886168,0.7511784336567116,0.7129655401557511,0.7099182415896965,0.7132493898023824
443.jpg,1,0.44029402876780793,33,0.575391467520977,0.6137516482320498,0.3718139783171617,0.38267258737777515,0.3796682604095802,0.34401926125786947,0.3484633565187,0.335324783532263,0.365137605652082,0.3634084453739448,0.3590361202681867
444.jpg,1,0.8106435593217611,32,0.6055943842282041,0.6192836001504388,0.769275844100475,0.7709095301966118,0.7705871316583559,0.7868614722932379,0.7879742377468623,0.7918924078386401,0.772931199495551,0.7728958485182242,0.7715034255343888
445.jpg,5,0.6782178201458671,33,0.5435583813727439,0.5831379087982801,0.6561890098308492,0.6569499644361104,0.6587127562305035,0.686026895825288,0.6874903615239467,0.6872042364948513,0.6717042925419063,0.6740782875358882,0.668653491369935
446.jpg,8,0.32207338322940116,34,0.28680705522395444,0.26320970351677647,0.3558920643104519,0.3460132131067484,0.3466129579208105,0.3352753279178042,0.3365441256237604,0.33649516565101384,0.34124920820799354,0.3400311419606751,0.3372967406792131
447.jpg,3,0.23387338964720117,33,0.27153370997281223,0.24856624975772804,0.3541881583525429,0.34372223866873086,0.34634331930704565,0.3481942036802346,0.35097329891242113,0.3520481575231308,0.3516404169590936,0.34947161992105163,0.3511657401097274
448.jpg,3,0.6891610167528454,38,0.6596476496749702,0.683372863568541,0.6683491488940192,0.6692586411569151,0.6684756437840975,0.6696349875233418,0.6690865738898583,0.6690915619535979,0.6831946209761404,0.6829884378460136,0.6810816836204201
449.jpg,4,0.3379066455311009,35,0.6021998121449594,0.6249172548023157,0.3446174599981103,0.34114671748521597,0.3450710955351388,0.3414046734185293,0.34342716636698767,0.3417393016959088,0.29943569655901203,0.29626775229566715,0.3132170870310983
450.jpg,1,0.8022407512915762,38,0.6618710761342348,0.6825222536439789,0.8068632281263073,0.8074607467762394,0.810652290397519,0.8187608559856223,0.8205667989865849,0.8150174362091261,0.8153087324539097,0.8179973155571529,0.8194630644235251
451.jpg,5,0.8341584106286367,36,0.6398731010366272,0.6541632690150905,0.7891900992738483,0.7912877719727345,0.8017518336918577,0.7742360181490662,0.7751049846535284,0.7773592935284958,0.8024767775258806,0.8142211154837213,0.8053079123673634
452.jpg,2,0.8408024938482987,38,0.6514168616903309,0.6846596367941871,0.7364953828711112,0.7369904855677842,0.7340786580363416,0.7202704127293929,0.7172201884204554,0.7197301037668942,0.7511442820532852,0.7504217249794011,0.7474155076638993
453.jpg,0,0.7560113089425223,35,0.7341141314480881,0.6982169110948755,0.7458007378368238,0.7409642891932592,0.7403597131031793,0.7493589792689518,0.7479234992421161,0.7461056344835298,0.7682798356524516,0.774902409146937,0.777914589013084
454.jpg,2,0.35753575530058396,36,0.44811718852222876,0.4491275089180849,0.4582379949018229,0.4552434388463627,0.46426218204318875,0.4254855566845548,0.42678584731291236,0.42828083730113087,0.44339307395377675,0.44708958390308884,0.44539452400312696
455.jpg,8,0.8530548084072951,41,0.5482356643365871,0.6071927342815009,0.8000114612596596,0.7964283027468961,0.8025896261250524,0.8070630617305354,0.8070403422395327,0.8079966616872176,0.7820475929023839,0.7822279517285249,0.7766402619473688
456.jpg,9,0.5036775084478514,35,0.6353687939961148,0.6758125416287782,0.5488958825793323,0.5509541096799848,0.5586284286159591,0.5391391818543236,0.5412089215877184,0.5469178019673068,0.5592694092609267,0.5586199610467347,0.5562326597516125
457.jpg,2,0.7679455438628793,32,0.7191411385719999,0.6880349718140343,0.7307622935210559,0.730754139752354,0.7344577039726626,0.7325317961143717,0.7329958479302696,0.7329478645999558,0.7559939269783682,0.7550024766706451,0.7587937182734154
458.jpg,4,0.7800565719604492,35,0.5946622549801233,0.6133925127562337,0.724856219508069,0.7255280508912088,0.7214172473757686,0.7179146722763636,0.7195602519537792,0.7165697905493176,0.7258908638229411,0.721516496254925,0.7307779154577905
459.jpg,8,0.42499250097369606,33,0.4222686667757183,0.36499691714570986,0.4894633790823006,0.4845690907023207,0.4842124313481019,0.47864694158866966,0.4777407800012176,0.4758312412840091,0.4741092721409211,0.4729558285728186,0.4717232062029361
460.jpg,9,0.2992799281650646,33,0.31021366490980107,0.27258630706571413,0.33064657457152,0.33028102359446077,0.3319373834497542,0.3100343828953102,0.30969402010407227,0.3028917962503659,0.3469019539272758,0.3493414189545223,0.34993394875488854
461.jpg,7,0.29290428703340393,36,0.39546014225817194,0.33618773460112655,0.35429229627337927,0.355547161687357,0.35455123626184204,0.36868488786626186,0.36763100931213955,0.38006968892720994,0.35904927848699086,0.3563215338468946,0.3557792344823155
462.jpg,5,0.6690984866336772,38,0.44675253086962025,0.4176688666157392,0.5975270039048983,0.5971884466681426,0.5975721811934122,0.612077297340888,0.6097649463188083,0.6064314381215469,0.6018339896810969,0.6040588758095047,0.6045746036496314
463.jpg,4,0.29009901137490357,35,0.37745519546285644,0.3015738341638089,0.40272629360452683,0.4025775194033233,0.40386082170429893,0.40082621781902006,0.4026439665715432,0.4013356767470588,0.3868756750271448,0.387545117686232,0.38955212505791326
464.jpg,0,0.7640263959765434,36,0.49583626442154577,0.49760422881041677,0.6464385713745227,0.644314706546436,0.6362324908189749,0.6232482420235089,0.6233884809878762,0.6247888623239439,0.6707109657100683,0.6726408430151418,0.6782417788642745
465.jpg,0,0.3828854295159025,35,0.3978347085813073,0.348361703483799,0.46315003484455597,0.4546670336675803,0.4570935325401885,0.4604188740155313,0.460361991523747,0.4517784206057974,0.46088386838263445,0.45992224900266687,0.45662348358744137
466.jpg,2,0.3057658707531279,34,0.5259077319476035,0.5500186539522405,0.3806485595754793,0.37865830896631686,0.37748059496981523,0.3806553988367723,0.3794574256313154,0.38318520340960727,0.37600836753751116,0.3750796758739034,0.37168588685034143
467.jpg,3,0.48910891078412533,40,0.4402088017802566,0.4283099735774484,0.5571158434107452,0.5565683753872189,0.5584116834914932,0.5165062478767095,0.5134680413032893,0.5151634958362272,0.5413409759089614,0.5417745188016568,0.5406604577312877
468.jpg,8,0.5117868935423238,42,0.5617983767917825,0.6071927342815009,0.6527463230452744,0.6585235471101236,0.6524648974599514,0.6886921121497722,0.699158509391139,0.7014712971504413,0.6545164322018352,0.6564698807507838,0.6542475500206083
469.jpg,9,0.7758525775538551,36,0.7383021459376987,0.6989351650749057,0.7562257674323805,0.7579748062194264,0.7619436568349574,0.7707248717150025,0.7711198348072512,0.7714692093267166,0.7550392359886637,0.7558794366838824,0.7562849447045898
470.jpg,4,0.6462300091217725,39,0.7891754391629406,0.7050249411790184,0.7150304218336627,0.713220996332618,0.712177298150291,0.7147313351341185,0.7117601403009232,0.7087095485532044,0.704435902249823,0.7011645221285139,0.7012368116136303
471.jpg,4,0.7175305704860127,34,0.5318073158665314,0.5594202533035253,0.6098292768137664,0.6152511841008409,0.6125846610563345,0.5983882033323342,0.6001456518215442,0.6016395308260899,0.5910959758196813,0.5890933111241783,0.5954963042926091
472.jpg,7,0.3237073678497432,36,0.36232426639812965,0.30274307900902137,0.22462018560245006,0.22548427326332882,0.22592487039703896,0.2439187743749942,0.24508709893057534,0.2470719149616869,0.2261459967420292,0.23056000836114873,0.22726328556841893
473.jpg,8,0.17880023535176673,34,0.44918101057979126,0.4461194620339022,0.2054866862067627,0.20756118823237424,0.2081290146763211,0.1848192971349768,0.18232541188609336,0.18421410577722847,0.16738897028587907,0.16761467685863674,0.1658310628741304
474.jpg,1,0.6417255997657776,35,0.5260022021876556,0.5528372691454018,0.7085935184449184,0.7086126167246615,0.7116215972272658,0.716859161487737,0.7169140092133006,0.7201318875681516,0.694600222111221,0.6960765580693331,0.696111868676311
475.jpg,8,0.6164822350530064,34,0.663197673003658,0.6864042550519871,0.5825661899817348,0.5806507975865954,0.5709323662041319,0.5455831987199052,0.5460136603611324,0.5430065521406637,0.5794987292306784,0.5796317505774564,0.5816655625908216
476.jpg,6,0.6351485095918179,40,0.639617247196347,0.6871084244887822,0.6385727895899119,0.6412079409781983,0.6437241994713923,0.621985143456399,0.6239162553809506,0.6216324734633578,0.6511492212587701,0.654344816057741,0.6545167790359294
477.jpg,5,0.71177117443747,36,0.6423487882663562,0.6544176047448289,0.6610144771049118,0.6649031347690456,0.6642399767706249,0.6692256015690072,0.6662968539404311,0.6697480644180533,0.6777963369562621,0.6800570858978549,0.6784484795930025
478.jpg,3,0.6218583327837479,39,0.5872791885163939,0.6113875065814512,0.56909196282383,0.5731945777320454,0.570821848164968,0.5937256628403624,0.5931545387351479,0.5951733900351367,0.5790651386504935,0.5813518304764903,0.5787917642303091
479.jpg,5,0.7480905175209045,35,0.5985568242971295,0.6240476208925774,0.7525088999593894,0.7532765383158079,0.7534215561587541,0.762869796254737,0.7628282086540424,0.765974565246853,0.7637508234723511,0.7678386095310092,0.7629493629841758
480.jpg,2,0.7458343404095348,41,0.5315916941056609,0.5500186539522405,0.7154871373744619,0.717732537333541,0.7165575053658146,0.729241261978786,0.7286601067526152,0.7237795558293625,0.7115278941970495,0.7117982482020777,0.7082544973503251
481.jpg,5,0.816296487241178,37,0.6402512059953496,0.6541632690150905,0.814645756154674,0.8151872909826143,0.8256522414115122,0.7938697951806803,0.794871601546788,0.7976717986085403,0.8088603113209502,0.80670752643292,0.8089902948548626
482.jpg,3,0.20214521614575964,36,0.21430435457695407,0.22340006318881891,0.22000336950164245,0.211845204134181,0.2136366645198579,0.2269200852592741,0.2254732750762818,0.22078745413258105,0.21159827970138392,0.20858169722801462,0.21246696000542992
483.jpg,7,0.49907177896238863,32,0.46175804730828274,0.44953424024432875,0.5514582499525549,0.5571568075804283,0.5555870498073661,0.5732184380755242,0.5755542123808289,0.5845881687981083,0.5676510644553968,0.5641491249376858,0.5633434569775562
484.jpg,8,0.5669066887913328,33,0.5960355586921606,0.623607839553141,0.6711256734528818,0.6742862388608593,0.6713705466202066,0.6819750253716242,0.6850248220827236,0.6801918859460188,0.6750288832297546,0.6765042494617114,0.6770371492141154
485.jpg,0,0.18646864774517524,39,0.3347819929172927,0.28020792192597854,0.2700011579743159,0.271443022338492,0.2736015214622937,0.24119271721500246,0.24248253167838035,0.237286350511353,0.2701171790945186,0.267920674958263,0.2680991293772409
486.jpg,9,0.7623762355910407,36,0.5331238092703303,0.5593563875013678,0.6742081194466398,0.6780707574407443,0.6861242495124609,0.6541928042933556,0.6603615585610996,0.6681132622794819,0.6660621511089744,0.6621270458107421,0.6549348708080014
487.jpg,3,0.7819176629969948,38,0.6363984444584452,0.6731821471332334,0.7166291188849818,0.7192959595010182,0.7194891832253498,0.6989118717378531,0.6976448541326852,0.6956628034627497,0.6984333371250369,0.6994113664727949,0.6986429891299142
488.jpg,7,0.24199184548000202,34,0.4215005016971576,0.3715750961573932,0.24665472976972075,0.25181934236993747,0.25216997747653935,0.2918797831137146,0.29154123876958604,0.2971733224624186,0.2888886449092595,0.2785644563563614,0.28951034724450964
489.jpg,0,0.6386138611548656,37,0.7614050647163897,0.6982169110948755,0.6598862513293308,0.6546735381603092,0.6600238786697449,0.6596389269692111,0.6580476869527536,0.6639626649016157,0.6740386569186613,0.6716778450166763,0.6757718123554017
490.jpg,0,0.6289667448936365,39,0.5789894641104265,0.6110726030022068,0.6586047539825053,0.6591389154057152,0.6545066926813028,0.6496993281675961,0.6495061950736908,0.6446447206801739,0.6411408592993383,0.634108209194744,0.6332390602796659
491.jpg,5,0.40519801728660243,40,0.4896421674373541,0.5069053071413782,0.5319001205223107,0.5333173129898887,0.5234940169733581,0.4866338901205849,0.496206771442976,0.49803880045738386,0.4892917030754936,0.4841708972808253,0.48927542963034015
492.jpg,9,0.46708589522923166,37,0.529448922974425,0.5593563875013678,0.534133489005482,0.5360481484792078,0.5352546675111753,0.5265574509910307,0.528216253378286,0.525411374645894,0.5373483334489707,0.5376531606411497,0.5358320931118278
493.jpg,2,0.18389278088082991,41,0.49787678181132233,0.5171144978812048,0.09624187244995763,0.09558945276568925,0.09596967962750264,0.12885772902369347,0.1319050168839841,0.12301064997686473,0.13077224519391906,0.13212011340144475,0.12914597208276318
494.jpg,7,0.45764576436744797,36,0.6073260074222911,0.6267241617233461,0.5671761478818637,0.5657739014297068,0.5645344833950524,0.5461290099319471,0.5473138086050938,0.5432530030456972,0.5551580111875517,0.5511381721681925,0.5534539160870563
495.jpg,5,0.3073550201287227,35,0.45341170907120854,0.4467652254526486,0.5223602680904799,0.5247211097894511,0.5258598948403724,0.48000394868762464,0.4827157877748208,0.4851213725395614,0.5222791998646032,0.5191272841340251,0.5208537219968181
496.jpg,4,0.7453839988321871,37,0.7274487435293338,0.6816143732874629,0.7738090166296865,0.777250404885602,0.7789470916214085,0.7724227887460473,0.7701920502993711,0.7716796394103583,0.7823086721672995,0.782104716560522,0.7850456339107393
497.jpg,2,0.29673849857028795,34,0.519663207671351,0.5290720734825868,0.30563709139551626,0.3071652654971203,0.30994008462007216,0.2822650300299746,0.2796158981952523,0.2795103946809975,0.2771759118644105,0.2765757315100534,0.27391820100567804
498.jpg,7,0.2879537967706306,36,0.4249946259169743,0.3715750961573932,0.3628704546213895,0.3641181557700133,0.36393274803481745,0.3438798086624345,0.3442647962811555,0.3474700309730418,0.3610000306286874,0.36277253619590144,0.36174458792375097
499.jpg,3,0.8829274741378991,37,0.6747390836920337,0.683372863568541,0.7113904666546048,0.7094964450506189,0.7087081007072057,0.7064145139101323,0.7046622214636967,0.7049209268540422,0.7019523607059827,0.7031649762575378,0.7037090069304466
500.jpg,1,0.1689858185630795,37,0.2556518325432896,0.2592571973633469,0.28312038952769325,0.28090759271439614,0.27869946010984636,0.25012486963221114,0.251760289635659,0.24942696751503213,0.24374278728193413,0.246810454574922,0.24378258364283656
501.jpg,8,0.43833097623927253,35,0.523127257175553,0.5261108560498732,0.44192177105284736,0.44136124271315363,0.446627463636295,0.4557525811419846,0.4552458578394799,0.4546256070177738,0.46119016967472964,0.46417365505497593,0.465889855615
502.jpg,2,0.717300672280161,38,0.6029046862749032,0.6207370900597142,0.732509348805535,0.7299027373737638,0.7307960564944772,0.739166695419858,0.7377662399582859,0.7384007157904197,0.7315680077910982,0.7349630019421811,0.7330324959532087
503.jpg,2,0.34350935311522335,36,0.5129806725108617,0.5171144978812048,0.321686801928447,0.3200197918049238,0.32137784759284294,0.32551975679414624,0.3247366746152805,0.32712526879283405,0.2901341293474979,0.2910629145346479,0.2885348682164469
504.jpg,4,0.6866627786965931,34,0.6465880281624454,0.6769861717652493,0.7144893262346244,0.722348107960787,0.7214233953902965,0.7070071812846922,0.7105377554003578,0.7116477302900968,0.7151148853104043,0.7167033551040682,0.7113128080264304
505.jpg,2,0.845403105872018,35,0.5673320449739412,0.6093735033361544,0.801322100721231,0.8065778202685756,0.8055633446284607,0.8077678703482676,0.8106601071520623,0.8107537022839051,0.809588547057363,0.8057882691075764,0.8074253253495766
506.jpg,5,0.8055555489328172,36,0.8425624867661485,0.7435513284023818,0.9354792855149421,0.9321408580438661,0.9373742389842487,0.9129925027864898,0.9159174051574153,0.917358614705087,0.9354722087387651,0.9333558063033015,0.9383679618022045
507.jpg,1,0.7731508384732639,34,0.5415361741865967,0.5580574129100145,0.7497959566443492,0.7494199804423144,0.7487200260966325,0.765302656427702,0.7654252198673628,0.7677377653201541,0.7548181816183739,0.7539883674665983,0.7517883495216306
508.jpg,7,0.5099009927865621,37,0.5747699784187509,0.6119117537433963,0.5349997170311712,0.5349733049438057,0.5330054769117182,0.5531295708279594,0.5527837532997073,0.5529363697132873,0.5076429298032565,0.518772458819484,0.5070224772583921
509.jpg,5,0.31776826393261953,37,0.5230742830732809,0.5438911000871274,0.37276416259215517,0.3763950033119313,0.3715198711425932,0.34181026604754394,0.34314760024325497,0.34295579746326504,0.3463771111186366,0.3397589918031416,0.34336913134148905
510.jpg,3,0.48573092524619665,34,0.4666583668535348,0.45576866791070547,0.5914215423936395,0.5950251543130295,0.5962570081199389,0.591007713464614,0.5905243469625822,0.5874239354832759,0.5865540994312082,0.5853790842262669,0.5874225248776811
511.jpg,9,0.44370579634393964,35,0.6482279662857653,0.6844889856360925,0.46411852397042486,0.46307707728872777,0.453436854555449,0.4350366744081717,0.4386656303589437,0.43429144407957243,0.4491484363927395,0.45064468602145596,0.4500400578863623
512.jpg,8,0.6725172517877637,33,0.42750761090590667,0.36499691714570986,0.586857368732533,0.5841868194913502,0.5912770403473755,0.5778213223641392,0.5786809193460196,0.5771259374369766,0.6127565775627124,0.6105620984090179,0.6203835953989292
513.jpg,0,0.22037203890751256,33,0.3683744138968158,0.3077300586033339,0.326217317434696,0.3258742060447537,0.3290253572000833,0.32537278688982785,0.32562947534709263,0.3255709484915165,0.33775296740379707,0.33807206367911846,0.343409555289063
514.jpg,7,0.49143698006062897,37,0.6102136398516318,0.6267241617233461,0.4937302128562991,0.4972690048281344,0.4944184326759034,0.5226708116107077,0.5247100770287096,0.5244837873202434,0.513430964549194,0.512051161774256,0.5156563971814295
515.jpg,9,0.261573456731197,37,0.37632951412846627,0.29912494767520204,0.3431061815966395,0.34460432875332314,0.3584437172050955,0.3542824981343837,0.35142771729952427,0.37653136120353675,0.35143346283397736,0.3536342407605876,0.35839646057864316
516.jpg,9,0.5812923406299791,38,0.464924984491582,0.4466463808231352,0.5430566726543247,0.5391104964150276,0.5390248330463846,0.5464017939511846,0.5470962207831591,0.5477554825151295,0.5445275219050388,0.5451061177443091,0.5464001922583204
517.jpg,4,0.25189283542225466,34,0.43695880608162474,0.4218029097022081,0.266799207910036,0.27429331067338325,0.27430909298011874,0.2698165233850734,0.2700802654863223,0.2775168343492252,0.2657643160896183,0.272673204012162,0.26593426032485457
518.jpg,5,0.41460395969916136,40,0.6691134651658822,0.68933366150909,0.5651692128874812,0.5695648408215679,0.5572375410984295,0.5704404574684818,0.5734169295955769,0.572823422353003,0.5510828886335848,0.5537904861104284,0.5535108258833743
519.jpg,2,0.8110561039712694,36,0.6348020879235998,0.6720587125420237,0.7341070881436964,0.736520505053692,0.7331203572957918,0.723109588903357,0.7183532107102104,0.7195047938526802,0.7231530275912124,0.7193314991758359,0.7222058379016414
520.jpg,7,0.7186704346111843,35,0.6506579458025492,0.6744417801380486,0.6946904612387208,0.6969732196576353,0.6970916510386251,0.6984930498196856,0.6979240840731974,0.7050151014847438,0.6918899310707923,0.6969738506801677,0.6928615577987427
521.jpg,2,0.5250618800055236,32,0.46633909996946826,0.4650403166006965,0.5671305911695556,0.5658457951071583,0.566091501475129,0.5780006943984682,0.57857498637358,0.5781006620087539,0.600125074293291,0.5985841591379621,0.598906696097126
522.jpg,7,0.6151343694755009,35,0.5660850572738649,0.6110795464047756,0.6333558567703181,0.6356605393124138,0.6345700826813395,0.6455611936097787,0.6468448218337988,0.649816757821517,0.6563711664400406,0.6583305272005912,0.6556216909462915
523.jpg,6,0.4990717845503241,32,0.5193986913352269,0.5243285448324714,0.5379429275642607,0.5401217227494884,0.5422777666399862,0.5001956433521086,0.5006211653915811,0.5045924882311992,0.5340078460326095,0.531521247398578,0.5372736631231368
524.jpg,6,0.37898789797650856,36,0.49596519439593517,0.49455131021060894,0.4811215944870631,0.4861897073263086,0.48410870584944765,0.48275726098492,0.4835952335375493,0.48669282415847637,0.4880291597394199,0.488655751271064,0.48425947582885676
525.jpg,2,0.5282178210094571,40,0.6759938230584555,0.6880349718140343,0.5841496078893295,0.5844014325658144,0.5838740724294547,0.5527919630683586,0.5530303450260649,0.555704945354482,0.5703709180278059,0.5713517202619243,0.5677522546509599
526.jpg,0,0.41972170210116216,37,0.5571804765864504,0.6110726030022068,0.3871645719938898,0.3936659973336225,0.3952118617958933,0.39466176322932733,0.3964844781857032,0.39497610757661983,0.37048106794130553,0.37114287790062284,0.3731329936721
527.jpg,1,0.6826472133398056,38,0.49946652165750005,0.5064654782754869,0.6901848327003072,0.6900047958525467,0.6915631853728877,0.7166600011435924,0.718092986016613,0.7238074359297235,0.7005404249213387,0.7021124755640822,0.7006723637499453
528.jpg,8,0.38002329784007194,34,0.3525452775510518,0.2922843844116788,0.3366268468052695,0.33534102107181274,0.34086880928959523,0.33058205518268524,0.3323617244947422,0.3305130716032823,0.3151125999908976,0.31417205862298814,0.3087280407211561
529.jpg,7,0.541254126570291,36,0.5369940986968227,0.5984963221067072,0.5841654949696047,0.5864167082456604,0.5856815844261231,0.5747544435002356,0.5745881049249056,0.5740714606270219,0.6114723771835371,0.6125374129441723,0.613512892944905
530.jpg,9,0.664416433283777,33,0.577055720114994,0.6182401308167138,0.6517519764861821,0.652785156881265,0.6514502402810036,0.6339614356096527,0.6331336057610422,0.6286254032232345,0.6620166828854932,0.6591111692441987,0.6517033872568143
531.jpg,9,0.6537565483766443,34,0.4875558691615644,0.49443548599506965,0.6119412836931969,0.6119172631493501,0.6022604228792869,0.6168802253269339,0.6134145670221118,0.6049028870536148,0.6057529273679132,0.6052087252063691,0.6058687608350393
532.jpg,2,0.7806223409516471,35,0.7346367840507764,0.7037289287209212,0.7413398939971836,0.739563687744936,0.7452198666113397,0.7513589810541558,0.7507432836605595,0.7529561729789661,0.769348841274901,0.773089119326958,0.7761196235203166
533.jpg,2,0.7446958933557782,35,0.6212978999966454,0.6207370900597142,0.7586890958374515,0.7551126671842345,0.7569147799575313,0.7764943157091516,0.7775392878645533,0.7751411853940731,0.7741565115218714,0.7741994869798403,0.7746758152426283
534.jpg,7,0.7799036583384952,37,0.6069690537957493,0.6267241617233461,0.7178101733171253,0.7165122214026769,0.7180278521068619,0.7370854009670343,0.7318381423685436,0.7321789272766033,0.7245536099297245,0.725877750084651,0.7232761973754382
535.jpg,5,0.3975113681391687,37,0.5308568445450863,0.5814115353557232,0.5770313563058669,0.5699161263718169,0.5588583005082488,0.5757888757882896,0.5794931710304164,0.5816117965236508,0.5353650491695897,0.5408508813670521,0.5379718544039656
536.jpg,1,0.3774024466436137,34,0.39538026050282926,0.34842825152910817,0.421042657861156,0.4236497643334082,0.42399040820243616,0.4145862126741219,0.4151004513857434,0.4134291023867298,0.395323223587102,0.3959840012199334,0.38636417441980897
537.jpg,7,0.32913719742958036,35,0.33508409836399455,0.2761884213790207,0.24834766266048935,0.25438878027195666,0.2514496670564819,0.2606054517367189,0.26135138857622486,0.26734445648465516,0.2618820514567095,0.2539913952027486,0.254490564900261
538.jpg,5,0.8242574168576134,36,0.6580418753031403,0.68933366150909,0.7842546259172927,0.788708866651272,0.7898604308840511,0.7844696791036587,0.7857917148637698,0.7909657549849225,0.7810337609241931,0.7794044762759613,0.779665338577357
539.jpg,5,0.7483983670963961,34,0.5788938330508833,0.6134488435143731,0.7363055229952324,0.7315399801027704,0.7319052665337769,0.7490220078148428,0.7524660021201022,0.7494119954526208,0.7324864547092872,0.730011031172589,0.7283702729828203
540.jpg,3,0.48242574287578466,40,0.5124113372511769,0.5082321906261352,0.4657399642647191,0.4659249849958116,0.4682352436617096,0.4798864363409128,0.4832402237781025,0.4786324247172558,0.42785704831612703,0.43013529039194737,0.4308925922904338
541.jpg,9,0.48045188876298756,39,0.48840520007038585,0.49443548599506965,0.43391401271473995,0.42769377347637233,0.42645164607010344,0.42603642063388913,0.42654665021698246,0.419184357713532,0.44198263774837837,0.4388871777938298,0.4392878685677521
542.jpg,6,0.6683168293851794,33,0.7574863137811163,0.7052579867870741,0.712220421656358,0.7042152666620308,0.7070749110338843,0.7019896089925269,0.7036766804227235,0.702873844046357,0.7277121733999994,0.7268438401543701,0.728970522435102
543.jpg,3,0.5096181013754436,35,0.6036055858668459,0.6221001984184584,0.6177786276956762,0.6182054189427939,0.6198334213270639,0.6357866838472395,0.6343086587734607,0.6297495160256055,0.59013941827109,0.5912300737479543,0.5901977423960805
544.jpg,4,0.3245324569806043,36,0.5527111933324942,0.6107558985132536,0.4510404893308749,0.45121121098039535,0.4515186880654157,0.4289069203536481,0.4290172218732916,0.4258976048327199,0.43808664047280227,0.43301874779456845,0.43303768256609343
545.jpg,1,0.7769862340717781,41,0.6599329878540716,0.6825222536439789,0.733747853570195,0.737923730986232,0.7340803171150322,0.7261196789628444,0.726519040360783,0.7262261600064046,0.74364719703385,0.7439870010844964,0.7427174417109598
546.jpg,7,0.36408641062338243,33,0.5596196787931764,0.6110795464047756,0.5175738157534435,0.5187850808350668,0.5186948899354377,0.5110083953174123,0.5148021315298938,0.510690414937531,0.5224618392563154,0.5240378967249506,0.52204151758341
547.jpg,8,0.6498899865481589,36,0.8279994524765006,0.7143848809723352,0.6471689210285168,0.6474444661122194,0.6525164287258733,0.644931294014977,0.6453912514142215,0.6428734590658443,0.6240701495594831,0.6198815374581367,0.6129567014353507
548.jpg,3,0.28960396042869735,36,0.3875972528149888,0.29399570706381173,0.27266246945839195,0.2709886404636188,0.27040479699300746,0.2594304907417557,0.25882817864242996,0.2572220467984702,0.2704029577898248,0.2715925554374439,0.27434434515557415
549.jpg,0,0.815731566813257,36,0.5543060665991217,0.6110726030022068,0.8296449072966482,0.8236319569021462,0.8269043662413234,0.8032412916231777,0.8007050655369703,0.8034736034142433,0.8268891877371121,0.8253662992850547,0.8265703723264806
550.jpg,8,0.5206755934392705,34,0.5494227161711247,0.6071927342815009,0.5926925907718747,0.5936192033279812,0.5852212810955961,0.5884010509510369,0.5877677559106567,0.591730367192832,0.6124092410100822,0.6116543092788966,0.6092591035044553
551.jpg,8,0.5556202657959041,34,0.6408728253652942,0.6764893170884495,0.5496234639925084,0.545631262280496,0.5397129559786977,0.5458682876111373,0.546181919758029,0.5475262099068848,0.5503668169064835,0.549227147295239,0.5491521418500498
552.jpg,3,0.4068142078159487,34,0.7244556621050826,0.6990744417130732,0.336714867779879,0.3383617445708832,0.33477084271943125,0.3475238187532701,0.35173860421683945,0.3585466618201121,0.37348685532644876,0.3745450870598193,0.37259054748594106
553.jpg,9,0.6683168332827719,38,0.6691551667163586,0.6844889856360925,0.6941113600933256,0.6973915674643272,0.6960624619585358,0.6865948008124543,0.6859645057554637,0.6985156714054022,0.6702272200792897,0.6690575402117704,0.668118584079807
554.jpg,6,0.693519348447973,33,0.5049456796539712,0.49455131021060894,0.6419629321619336,0.6385929925637466,0.6394118082165346,0.6576142828813276,0.6567515035922741,0.6574887538914133,0.6549315377550385,0.653021006711055,0.6549506222542725
555.jpg,6,0.6120226298059736,35,0.46457207213014867,0.46087073365564113,0.5249281716513806,0.5214657373378871,0.5220425515835476,0.5641950516384225,0.5621333797226489,0.5671384236857713,0.5627608896070558,0.570349899611618,0.572372304214433
556.jpg,1,0.7815958016058978,34,0.5783391992538796,0.6137516482320498,0.7160065003836265,0.7207524638910119,0.7210632388091217,0.7252727150352001,0.7269566219862904,0.7231373996103196,0.724128506970112,0.7243870678324463,0.7230812268917165
557.jpg,4,0.7798840810612935,41,0.6260811637420931,0.6620329845066474,0.7282654912593035,0.7330066329858018,0.7328526715676407,0.7376782522977892,0.7358792884195442,0.7387279383013292,0.7363670062797609,0.7336923900510272,0.7355222886758189
558.jpg,9,0.6776520499161311,35,0.6326745109264358,0.6758125416287782,0.6457546417912117,0.6532623485070606,0.6507361103735252,0.6499584166679406,0.6551355151075327,0.6525441482341106,0.6054821189023964,0.6066657590147743,0.6041055529544077
559.jpg,3,0.25889751165350144,37,0.4896389495368334,0.5082321906261352,0.21195353535954137,0.20817107092066495,0.20725874431519437,0.24332475356670952,0.2450269189223086,0.23918615044895658,0.24665243846117474,0.24942402452258353,0.24877576887352854
560.jpg,6,0.742149932043893,35,0.6229688532150521,0.6514081826491657,0.6897931927797836,0.6939863016742941,0.695436476642093,0.7088064738673105,0.7071759747607356,0.7056607838928668,0.6921459498217493,0.6936149443443844,0.6906468319477891
561.jpg,0,0.7333804786205291,35,0.6088916974360978,0.6217847039539695,0.7501180828771845,0.7482620997597307,0.753636007814635,0.7488002239266129,0.7482749727290345,0.7523671121817923,0.7700136414287329,0.7723408897595387,0.7739960576984366
562.jpg,6,0.6696919637421767,36,0.5068998499607995,0.49455131021060894,0.6900296765518928,0.6944449512331403,0.6956596766067343,0.6825276761360817,0.6837417062049471,0.6852909771324242,0.7014369942318984,0.7024741721587127,0.7003741118683667
563.jpg,4,0.18316831850018855,37,0.29917033913575486,0.27862217042921605,0.2696651578156156,0.27378140403357926,0.27946989129435384,0.25712528042610616,0.25606815457068355,0.26018129433742687,0.2850419215635509,0.29006949426539314,0.2819087287645694
564.jpg,9,0.7422992289066315,36,0.5594021046349009,0.6144281379742957,0.7099718282749343,0.707927358472434,0.7102127420970832,0.72021875388499,0.7171178022830573,0.72374620124381,0.7149516697577059,0.7154295795029393,0.7176228455783317
565.jpg,9,0.8490806204932076,35,0.7710359273866875,0.6989351650749057,0.7719471383512481,0.7667969838855477,0.7681866533997479,0.7695600272044273,0.7680319028051578,0.76674525126273,0.767710344948672,0.7680098206697681,0.771142968440568
566.jpg,1,0.5960978403249207,34,0.8246029436800126,0.7128853061898236,0.5939293631165664,0.5934267485760123,0.593387685631219,0.5871443085885261,0.5869770233789556,0.5867584031828822,0.6103867808448247,0.60928297145702,0.6077757511809339
567.jpg,0,0.7484248370835276,33,0.695070025788276,0.6817370741371862,0.7277621385260937,0.730747778340883,0.7231832708525023,0.7337957762631588,0.7344207084144763,0.7296255304787116,0.7356077216100565,0.7388752601859043,0.7368529323716644
568.jpg,5,0.7691038327339368,39,0.6004201932008482,0.6240476208925774,0.7292725057906353,0.7301484353091147,0.7337767665470978,0.7345952391897297,0.7361893951100944,0.74226320905814,0.7302325380472691,0.7294017029224595,0.7282697985724695
569.jpg,0,0.842959291405148,36,0.6411143530630525,0.6749935448070845,0.7216012412839288,0.7287063995642991,0.7376940999900474,0.7555629426257693,0.7605112894903215,0.7600484630624404,0.7095854882680578,0.7138113439213852,0.7176519084678797
570.jpg,0,0.8224511597607587,37,0.6198884898877481,0.6217847039539695,0.7948638589570393,0.7909897741850971,0.79005713730312,0.8069434939253634,0.8062360305616953,0.8104891627938908,0.770502883231377,0.7661937812760093,0.7622603038139362
571.jpg,1,0.6840419260894551,34,0.7180838467899399,0.6825222536439789,0.6629085846861692,0.6628878040879279,0.6563122542036007,0.654635773202501,0.6541381537394968,0.652615877406962,0.6842911765035666,0.6825984897516137,0.6767106394754092
572.jpg,0,0.2766776695045539,36,0.3282273193407317,0.28020792192597854,0.3181359679388145,0.3164628563456552,0.31769183622959585,0.31053539810785136,0.3075148417153327,0.30438162482036935,0.3112472461181914,0.30713443438682025,0.30660475200857285
573.jpg,3,0.2359735990046627,36,0.6427714015079027,0.6809004523363469,0.4021418040162901,0.4084629510413297,0.4038973623014987,0.41570341294044194,0.4196071197628438,0.41911635355365157,0.38617980871190616,0.3846884130945721,0.3926963036841417
574.jpg,6,0.7907764394032327,38,0.6436659634595798,0.6873348088313098,0.7423427875772048,0.7447843898278228,0.7404885232209164,0.7610521935002865,0.7608536216846263,0.7605404295467428,0.7436720194346955,0.743773721453145,0.739380503613632
575.jpg,5,0.7547254652687998,33,0.6652379882675399,0.68933366150909,0.7324020709761774,0.7332290548888736,0.7348964932430802,0.7327182420234757,0.7310815696792304,0.7307611581493068,0.7635091870305789,0.7725410944216387,0.7671441905619836
576.jpg,8,0.34695898422173094,35,0.6003519016472247,0.623607839553141,0.3166611847930926,0.3107514393930255,0.31102514716231927,0.31244791246535075,0.3093350776903035,0.30823132066017905,0.3217818637122106,0.3213129185302772,0.3306281335831802
577.jpg,6,0.7852035181389915,36,0.5848237708698281,0.6110085033847501,0.722187695232142,0.7220761417794375,0.72647563409781,0.734307930809003,0.7328625537961301,0.7381666537366225,0.7267305941817693,0.725620291519213,0.7255888540860834
578.jpg,8,0.7368209780873479,37,0.7265514377205985,0.6864042550519871,0.7130656165549564,0.7110534974285057,0.7194407287568043,0.7022024257572759,0.6997351297757922,0.6964665617423619,0.6894193505151692,0.688956800360137,0.6850221468364078
579.jpg,3,0.27227722749261085,38,0.40931691032230233,0.35583977441868664,0.36827629356534747,0.37643927640961417,0.3746118276635375,0.406668235047866,0.41071053506755795,0.41671857765071885,0.39831776062505264,0.4032188277172271,0.4013789548359212
580.jpg,9,0.663613860309124,40,0.5327016304070783,0.5593563875013678,0.5545668906571093,0.5542079294154029,0.5489120692765943,0.5734824700548039,0.5694799532789323,0.571079666609769,0.5810499808615914,0.5818890539026751,0.5893828385769446
581.jpg,3,0.5438854658120388,37,0.5422250368876855,0.5793888652335367,0.5191648980742756,0.5209568580157631,0.5202153088834419,0.5294596542685728,0.5296114500964065,0.5323455481508981,0.5419861672584502,0.5450721959393604,0.5405162300090623
582.jpg,4,0.6099812662279284,37,0.5988539269300831,0.6249172548023157,0.6377623431735912,0.6386030342169624,0.6390092015708904,0.6518554864051048,0.6507925242920152,0.6531794631197994,0.6576041037277719,0.6578736607550084,0.6582498836293813
583.jpg,1,0.5435643545218877,35,0.593384518731616,0.6192836001504388,0.5634141780002169,0.5684463470213352,0.5673774606230437,0.5648053137445376,0.5641250960642388,0.5651833343255255,0.5687516210813253,0.5697103207326222,0.57478969704974
584.jpg,4,0.4394939499648495,36,0.5430361591010814,0.5917656741814163,0.3666796119148249,0.36041200337892476,0.35697553207307153,0.37170207102371744,0.3673743654221363,0.3672323010581129,0.36284347367879183,0.3664616946099386,0.36209883850343394
585.jpg,4,0.7219471881786982,36,0.6858134416030109,0.6802152775218324,0.7319255970066156,0.7328258507622302,0.7278902353878333,0.7115921292011907,0.710940356841414,0.7075624781189187,0.731923416574809,0.7278686847716889,0.7362814986336406
586.jpg,6,0.34186704478093555,35,0.452353117672795,0.459378569248923,0.37696154338916626,0.38471627357149196,0.3833237025606477,0.3820944320784302,0.38315475042220803,0.3859666032066485,0.3681349562360899,0.36950046802583436,0.363239658781803
587.jpg,1,0.7908062185559954,35,0.6885875898311901,0.6825222536439789,0.7345315503344634,0.735233477351932,0.7344773987685664,0.7601427556419995,0.7614162064872116,0.7703948679428487,0.7476456651308004,0.748587216075198,0.7504805992966154
588.jpg,7,0.5008027803631047,37,0.5184184502437373,0.5102404401483163,0.5409833863185088,0.5382542445806897,0.5382238480932491,0.5403594367556631,0.5420152094081827,0.5406608004145841,0.5555051533233367,0.5589980839363629,0.5570477948233392
589.jpg,7,0.6050104968475573,33,0.594179043044645,0.6267241617233461,0.6958293331163582,0.6970546464094235,0.6978980118149889,0.6752863748228045,0.6775984033386813,0.6812072482696983,0.7050044451123652,0.695094378398858,0.7016934616677634
590.jpg,6,0.3573722229590891,37,0.32677583746327,0.2713065741444931,0.31602019148009897,0.3164371474976949,0.31651052010383685,0.3166418651364535,0.31528211943180673,0.3224416928132698,0.3412850799263182,0.3422768303138824,0.3459987742671028
591.jpg,1,0.3939551829458459,38,0.3756779077094099,0.2934313756324378,0.36443062319263986,0.36563927483215075,0.36444293993234506,0.33931392014213757,0.33841974357063526,0.33424444133137055,0.36750158141735667,0.3680801138678495,0.36537155873841765
592.jpg,2,0.7493249286304821,33,0.5300319103017919,0.5500186539522405,0.6995151953998341,0.7014940029374908,0.6991015613702757,0.7068359437333196,0.7067929146549561,0.7036959052975205,0.7067145647364408,0.7052047851059622,0.7015641961200959
593.jpg,6,0.2116925998679584,42,0.34284094641787766,0.3009976694419241,0.3061646110288586,0.3024564790893398,0.3052652246918113,0.30980251130769143,0.30937946190026866,0.306426156071702,0.28806805194737817,0.28433125772094037,0.2817248927578515
594.jpg,9,0.3130460096084896,34,0.5346261042455837,0.577841453086931,0.33576896442296267,0.3339420835085788,0.3243064371237634,0.314649473973876,0.31610937297318886,0.30807080353113614,0.28432136640356287,0.2850992345754772,0.2811469140305849
595.jpg,2,0.4925742532230086,36,0.5374494035750548,0.5717967160510826,0.47185423485270106,0.48035448747437304,0.4739503078229653,0.4696085653096993,0.47071864042223555,0.47020971206239776,0.47562791944398775,0.47521347461489327,0.47097520246954294
596.jpg,2,0.5374037350217501,36,0.6392351891969394,0.6720587125420237,0.5799516780745194,0.5799886184653131,0.5808609258104173,0.5875738818132153,0.5907300626987774,0.5923148258770651,0.5908912813208651,0.5895429047996752,0.592650843438991
597.jpg,1,0.5209020887398057,36,0.558414809524735,0.6137516482320498,0.5041561389479583,0.4996821381009112,0.4898001312938393,0.5010824444937433,0.4999426344477598,0.5009843263433417,0.4973457173500704,0.4953271371071097,0.4964670516128959
598.jpg,8,0.16742828322383455,39,0.3303012106607405,0.2763620076485371,0.24705992413240296,0.24391449767414253,0.2509463085903777,0.23442368840807198,0.23246156320891137,0.23418176491418619,0.2535909568192037,0.2547756265326486,0.25378412859818145
599.jpg,4,0.47264199923282785,38,0.5863310181146083,0.6133925127562337,0.5494072708193614,0.5502554924973274,0.5531163915660182,0.5309929568076877,0.5378781395196021,0.5452473942507696,0.506062176231663,0.4979462660694496,0.5096243418433417
600.jpg,5,0.5361252302253569,37,0.5202157917781998,0.5438911000871274,0.5441342979479242,0.5411612925068752,0.5378432443586543,0.554193074135983,0.5534136140137876,0.551715404907278,0.5282624099272578,0.528388099765545,0.5260893545850389
601.jpg,2,0.5842853494179554,39,0.5673237118892218,0.6093735033361544,0.6441308750338357,0.6424758586577648,0.642212034875022,0.6582056758229594,0.6625408899760504,0.6613273986692696,0.644072983448839,0.6403073308574276,0.6429784075571707
602.jpg,3,0.5054005366383176,33,0.38973027580182495,0.29399570706381173,0.46662419157089136,0.46727822945201114,0.4669007033439217,0.45646244392176494,0.45558536697629504,0.45606796233738045,0.47502335103873217,0.47347882675096414,0.475639533198707
603.jpg,4,0.32702388004947675,34,0.474015121947556,0.45544693268756864,0.3892139917179931,0.38925235749188414,0.3883879348645699,0.4109926753227082,0.4120046342581142,0.40698742347835426,0.41162555247425864,0.41169971503557745,0.4030269498423883
604.jpg,0,0.9236581435329035,38,0.6577007893593071,0.677340367832739,0.8292951275384388,0.8265684012897772,0.8202903441529805,0.8346471759323087,0.8356250457213679,0.8353760901880213,0.8356903523279642,0.8387647611876798,0.838250657957504
605.jpg,8,0.7916001254512418,31,0.6370545219819682,0.6764893170884495,0.6999589642834374,0.6932143103398736,0.7017585532275047,0.7090859335500475,0.7085400709854512,0.7030818690126062,0.7120266394771182,0.7119452307518208,0.7186805008028083
606.jpg,1,0.27274870232767645,42,0.5095183271637818,0.5064654782754869,0.33399784384341236,0.33452315481731776,0.3372884675241524,0.3334453487351012,0.33773356510142294,0.33177928843334137,0.3032817024082385,0.30534045868380866,0.30577554591678113
607.jpg,7,0.3721607415115132,34,0.4667219690114142,0.45216379623677105,0.4522620087949873,0.4528443623014194,0.45414975307915695,0.42151092314954597,0.425226772312264,0.416015488795745,0.44369541084245906,0.44665899081803295,0.4444022448471338
608.jpg,6,0.6102136538216942,38,0.4766418589373545,0.46087073365564113,0.5407728668992954,0.5348969687682029,0.5360411122515442,0.5714679580889643,0.5744825233216859,0.5696619171624849,0.5576514444227656,0.5539276336732935,0.5562183887772356
609.jpg,2,0.7090209010574553,36,0.45505630285414067,0.4491275089180849,0.6320066261267483,0.6328745778846941,0.6324559917562493,0.6236699358398443,0.6235535023969963,0.6192891039139102,0.6373229529907571,0.6389552621601741,0.6398494421549472
610.jpg,0,0.896039594922747,35,0.651727186876669,0.677340367832739,0.7266759874766158,0.7294216047222714,0.7248260106489375,0.7567471791632376,0.7578497961221731,0.7596109945688139,0.7527514330670759,0.7576928504038356,0.7632354494318478
611.jpg,8,0.6833097585609981,35,0.613215147860461,0.623607839553141,0.7082496824764529,0.7073200882395667,0.7078432387469553,0.6901079200315615,0.6897999857923677,0.6905093880081425,0.6786808912015981,0.6788522616222257,0.680040885495989
612.jpg,1,0.7310231007062472,39,0.7285909589799826,0.6825222536439789,0.7407907763021524,0.7424599083203232,0.7514277324763905,0.7240561126187585,0.7258937560724502,0.7206974855009917,0.7107276350227625,0.7099954729584845,0.7087388227002266
613.jpg,8,0.6657113079961977,38,0.6853453031866968,0.6864042550519871,0.6773530172768507,0.6760988797510487,0.6793138640860029,0.6620727284443301,0.6628463942970383,0.6665581024465074,0.693880855260707,0.6940356648211327,0.6873991596665847
614.jpg,7,0.23182461083467518,35,0.5117244759272935,0.5102404401483163,0.42364565512044505,0.4242107937482009,0.42403125264127584,0.3824706303725414,0.38507108175232135,0.38034414485782,0.37992442521856046,0.38199468055557584,0.3803522334872878
615.jpg,7,0.29207920948309557,35,0.596565337767957,0.6267241617233461,0.423306215478998,0.4190589306018049,0.41915652768978273,0.39970036253993746,0.3939965366586258,0.3855020112600194,0.42326316829745864,0.4228434815731253,0.42594311513740746
616.jpg,3,0.4818035822261024,37,0.5329042351672714,0.5793888652335367,0.4286841756443212,0.43341423975816035,0.4326904319857965,0.4493831092624768,0.4540282806913791,0.45818685786345276,0.43419262510043494,0.43866921890887395,0.4367878186433852
617.jpg,6,0.5456545609566901,36,0.6455687894709352,0.6873348088313098,0.6062625904700312,0.6087913633729078,0.6054162516711323,0.5821803336781243,0.5818362633229243,0.5787783315762013,0.6358557509552976,0.6348064781116366,0.6296630308863662
618.jpg,9,0.24605298283937815,37,0.4500794936407479,0.43151908056925375,0.19053641157418738,0.1884089042951847,0.17366053520830638,0.16681304594715335,0.1632916726191001,0.16335555084282338,0.1946249171136636,0.19284536658734963,0.19375467064674168
619.jpg,3,0.5396039589411683,36,0.7333064994493956,0.707528610214322,0.5661769696148393,0.5652064096755504,0.5667039447790673,0.5554241887455673,0.5550783319004978,0.5555177220957469,0.4797337578262506,0.4832513065020266,0.48350761428718714
620.jpg,4,0.29288199064447673,37,0.6383687249263921,0.6769861717652493,0.28045467209257885,0.28270805470743854,0.2854785883799491,0.28602447325107766,0.2818378004745716,0.28228486404489517,0.2715002354950652,0.2691894456434205,0.272961308660269
621.jpg,0,0.8627824278978201,39,0.5583071756863699,0.6110726030022068,0.7078342804640578,0.7058137682935812,0.6974472877410581,0.7277988913650205,0.7272369895344384,0.7265340314546291,0.721672913179459,0.7192101105827422,0.7157639431772213
622.jpg,1,0.7794279423024919,36,0.5976221097687636,0.6192836001504388,0.711547534088515,0.7097882069402197,0.7142545781900095,0.7065864163477596,0.7056784567554465,0.7056845175413118,0.7255562310024879,0.7249926027258233,0.7257898756810692
623.jpg,1,0.5978450783911873,34,0.606727135274163,0.6192836001504388,0.6208497954118788,0.6201217177471456,0.613626198485927,0.6249848668974557,0.6247123957892291,0.6320029258318244,0.6460261726686217,0.6450648139117924,0.645954785044727
624.jpg,3,0.6299822284625127,39,0.6528651057908649,0.683372863568541,0.6231891474007047,0.6205465214719457,0.6229883092555726,0.6418449369029993,0.6418617210553397,0.6414203997215123,0.6382173062691661,0.6406522791304247,0.6393494898125595
625.jpg,4,0.23829274909017054,37,0.45310352492094064,0.45544693268756864,0.36597798129650866,0.3623083790141521,0.3565395229160141,0.35843872247553843,0.35624078698603356,0.35415740716540256,0.35010802853808876,0.34728743363698944,0.35362954469711155
626.jpg,7,0.28634705656747284,38,0.5385747037099853,0.5984963221067072,0.34854262326083074,0.3522947968894591,0.3505130640190192,0.3342035586593516,0.3341172039942658,0.3335029811279621,0.33442130047340907,0.3407437052144231,0.33622868054635435
627.jpg,9,0.30438854565491547,37,0.4119689635153333,0.35575693524954777,0.3662600039228712,0.364565754598031,0.36918241569653104,0.3783170863858458,0.37764201037662465,0.38034752969545665,0.3660793669596931,0.36827173117271805,0.3796845212017004
628.jpg,8,0.7981298118829727,36,0.8413998531500055,0.7369995895147243,0.7756805337887653,0.7753674823465292,0.7807078347971352,0.7648837118269445,0.7654397033354357,0.7670632539927673,0.7951435844089192,0.7957858139451879,0.7939760505737397
629.jpg,0,0.7598259774121371,33,0.7304752262759396,0.6982169110948755,0.7479383467623941,0.7439321860448984,0.7452825094935479,0.7369528996970438,0.7377064847542563,0.7364730966564041,0.7728211604918562,0.7780893006194769,0.7773463220664318
630.jpg,0,0.567892502461161,35,0.5438217567553792,0.6110726030022068,0.6449583884814876,0.6444863287300457,0.6484252480656787,0.6342868415427905,0.6338357126414902,0.6384617931614661,0.6304857744587357,0.6317369861104078,0.6334958060002287
631.jpg,0,0.20511105242562858,37,0.5100984652291263,0.5107766046223048,0.2426264194557901,0.24352498245697818,0.23980373987101855,0.2372458984738266,0.23922584518367918,0.23326616448762383,0.2760448233408733,0.2803171061787011,0.27737031332981343
632.jpg,6,0.6718112984124351,34,0.7340501989989578,0.7052579867870741,0.7019393122448017,0.699143497867947,0.6995697944417496,0.7200402934460585,0.7194656159468313,0.7209380461687858,0.7043128484334427,0.7063032656658356,0.7061631410467346
633.jpg,3,0.531628154632118,36,0.43426914238122877,0.41088331509144826,0.495649945777881,0.4973261494926374,0.4968404845465679,0.48807197978044714,0.48812576408026914,0.4846250469890031,0.5090719593895832,0.5063779681512116,0.5059514654910828
634.jpg,2,0.8025013004478655,38,0.7113671190093918,0.6880349718140343,0.7484092678273113,0.7468296293394827,0.7464761483365637,0.7445759760098765,0.7449319038384992,0.7470634914768194,0.7605350206385898,0.75572737264473,0.7591991291907929
635.jpg,6,0.49086062610149384,39,0.6122510587654109,0.6199759164462515,0.5553964178825122,0.559674667309549,0.5563987495007909,0.5507859181165009,0.5518022437325331,0.5481398632264634,0.5410558837731195,0.5368307325958602,0.5291173114002865
636.jpg,9,0.15453572491989345,37,0.3980298720713974,0.35575693524954777,0.29875986353487166,0.30169249226742556,0.30170500442702497,0.2985207430334331,0.2991052022568332,0.30089615441075557,0.2819827451571435,0.28010348700740595,0.277792307335281
637.jpg,3,0.7821782148546643,36,0.6789990268818974,0.683372863568541,0.6880586480123336,0.692760987012403,0.6921778692581138,0.6791340662917091,0.6785072926341164,0.6799085076045847,0.6870531906997526,0.6850243053041613,0.6838157922879525
638.jpg,6,0.06958195797374679,36,0.46005747862314295,0.46087073365564113,0.1924183748786919,0.19453387175396675,0.19302731017623587,0.1840682983842824,0.1806986168287968,0.1803952679632692,0.1784937265759755,0.1771203823645735,0.17248731496571448
639.jpg,9,0.601760175699989,36,0.6698340307223833,0.6844889856360925,0.6006911354685679,0.6028184536988836,0.5964928837797322,0.601644500864152,0.5999862701173286,0.5976329502563319,0.5954453556932923,0.5948368509898614,0.5949212210731872
640.jpg,4,0.639951835612993,37,0.5258384130137795,0.5281748898984256,0.6238423664176775,0.6219033169282233,0.6219928935939614,0.6425696593873181,0.6444303856265297,0.6413638722191177,0.6407915816328539,0.6414109093060952,0.641277433301883
641.jpg,9,0.6177415026200784,37,0.7093501495847228,0.6844889856360925,0.6477594402264746,0.6469532418494939,0.6448104820256564,0.6422893038639856,0.6420184794945576,0.6424599502091629,0.6270280905737906,0.6249829098031635,0.6209696508375224
642.jpg,0,0.8658288839535836,39,0.5951533210245618,0.6110726030022068,0.7778015025479889,0.7764058103963174,0.7797126741992431,0.7718860390787711,0.7686642872625177,0.7742998346456107,0.7525500132351196,0.7526138826266622,0.757779578937989
643.jpg,4,0.5115983033153627,35,0.5211910890478679,0.5281748898984256,0.5212090832163684,0.5213909918208406,0.5201379007249852,0.5403647945800637,0.538887733755935,0.5378338431249432,0.5420384324336709,0.5411188311663946,0.5377249818926297
644.jpg,3,0.6883726800099398,39,0.5664530385860808,0.6113875065814512,0.7142288569730915,0.7080411953625738,0.7113463323732176,0.7213790594781003,0.7195403683499452,0.7181422305999706,0.7130035599353461,0.7093818841855655,0.713060194868038
645.jpg,2,0.7536400679279777,34,0.5187293532969499,0.5290720734825868,0.6948441775494776,0.692870584919687,0.6921699437177822,0.7064850856972099,0.7077503996802605,0.7042824696010948,0.6969733931784038,0.6993229461690443,0.6961434575032089
646.jpg,9,0.636688668694761,36,0.4501930397637546,0.43151908056925375,0.6037680307706036,0.6005514101295915,0.5992799670766362,0.5985576779186442,0.5978232314765205,0.5947913953898574,0.6191704841064644,0.6211181233492663,0.6244604000689975
647.jpg,3,0.20832218553216472,37,0.38244000031394887,0.29399570706381173,0.10611318798285369,0.10507155588818107,0.10507205030855749,0.10123036444886746,0.10171004133762496,0.10232314567344647,0.15631363218885314,0.15614648567976508,0.14943099422286715
648.jpg,5,0.1925192529775409,36,0.35717741832711614,0.2997320309834363,0.190639902403479,0.19278492249655643,0.20269753387462786,0.2102255161555575,0.20712776922460036,0.21268291419172697,0.18641771848298805,0.19172559638300196,0.1864159245726933
649.jpg,9,0.6398139758543535,33,0.5497523090804859,0.6144281379742957,0.6390963765497766,0.6378020451261276,0.6360164118308208,0.6536846095401573,0.6481594179321414,0.651199967023299,0.6341193763806054,0.6334846115508804,0.6324080657679683
650.jpg,8,0.3944837353458362,35,0.5367201811303295,0.580402399271331,0.39756024215954117,0.39670281190322376,0.40722451898539846,0.3807545259082993,0.3805788183672235,0.3737479787840666,0.39199537880664437,0.39274870939750145,0.38327187578770244
651.jpg,9,0.77420241634051,36,0.6577365923975697,0.6844889856360925,0.826639192718064,0.8255747302429959,0.8342067141360339,0.8376316607365535,0.8390535355576821,0.8455164637647511,0.8248817556083621,0.8263631708014161,0.8229360744641002
652.jpg,2,0.6718921909729639,36,0.5696539816880215,0.6093735033361544,0.6800134253268961,0.6796102001962312,0.6802622445729322,0.6814498812642658,0.6807819152268032,0.6805571718017522,0.6778584219957969,0.6758758407031085,0.6718037720275263
653.jpg,2,0.5393210698451315,35,0.5505203708940182,0.6093735033361544,0.5855841667196778,0.5861406818005168,0.588058291294082,0.5795251779066297,0.5753410143715415,0.5733330208344316,0.5733420510311797,0.5747318391619703,0.5765824793576357
654.jpg,6,0.23210749691352248,35,0.5099951527912585,0.49455131021060894,0.3320081857054181,0.32996946103795755,0.32545683424608385,0.3117088443235621,0.31380578375850876,0.3186706602140153,0.3347271935793119,0.3346213035298061,0.33365045175959224
655.jpg,3,0.7772277196248373,33,0.567529079426348,0.6113875065814512,0.7476823915694755,0.750257253992718,0.7500487238347707,0.7284309394375637,0.7256211400820524,0.725292497231219,0.7802641826463976,0.783949911329248,0.7710233716081274
656.jpg,0,0.31161359399305405,37,0.40629768689884793,0.348361703483799,0.28744392860406204,0.289059938806795,0.27952352790796475,0.2610977230235335,0.25956716294627474,0.2597299937131444,0.25691447947682355,0.2511787378299296,0.24642382766366785
657.jpg,1,0.8810380950118556,33,0.5497592979971966,0.6137516482320498,0.7400936999706246,0.7368721150320724,0.7449155140133248,0.7769311800064503,0.7764318766360022,0.776178097975202,0.7410380785758295,0.7456344707298797,0.7467157199393829
658.jpg,8,0.6246359909282011,34,0.5568240833971637,0.6071927342815009,0.6694388639715522,0.6641831277695962,0.6708952566486335,0.6674569082796104,0.6674690954485013,0.666845151299187,0.6622824674531159,0.660940956047113,0.6611853987925541
659.jpg,6,0.7853814766687506,34,0.5113220039786491,0.49455131021060894,0.6831991952469968,0.6735469357476265,0.6719439136256962,0.6903394169972807,0.6884552710791237,0.6816211040251547,0.7083936675438642,0.7069715083985241,0.7112796638335073
660.jpg,0,0.31857891604030397,34,0.5569531030665248,0.6110726030022068,0.28131992313133564,0.2833654456703172,0.2820889000451777,0.28632155701430034,0.28192685055662475,0.28956254621050537,0.2945107011192272,0.29542854989668454,0.2976029710013292
661.jpg,8,0.7811360061168671,38,0.46458747483310253,0.4461194620339022,0.745879599141829,0.7423946844882114,0.7457635796532399,0.7108217057688924,0.7153192702684836,0.7164211527621812,0.7404336887413416,0.739825569513459,0.7326633584531894
662.jpg,6,0.5849084869930239,33,0.4770726669653641,0.46087073365564113,0.5952752499367282,0.6000462789345071,0.6044253585398007,0.5838786068949288,0.5838801199168099,0.5890330768505112,0.5877785573634271,0.5888802301482868,0.5849924741051322
663.jpg,5,0.311589985866757,34,0.5833457666720081,0.6134488435143731,0.39516831766935867,0.39395685817254317,0.4015144200521998,0.36454794262466456,0.3655651861119192,0.3685238151126796,0.39389993847676436,0.3947387600037527,0.39244637890144907
664.jpg,2,0.4997394465302166,38,0.41533293708479413,0.3491939344554165,0.5773675929992595,0.5730107097429032,0.5770001689039626,0.6143321043583457,0.6171557820333664,0.6162266707108185,0.5944885823055558,0.5939864025038982,0.5970572271991151
665.jpg,5,0.5174017413095995,33,0.6221049379763794,0.6341066374195059,0.6238955873108104,0.6264414640728988,0.6297709941391093,0.6249310852781826,0.624274405573313,0.6260148199741588,0.6439432057284272,0.6454320133567981,0.6438777888997874
666.jpg,3,0.7778101300492006,34,0.594413843017144,0.6113875065814512,0.7404505500969086,0.7425304063565885,0.7442561155723421,0.7557530034159121,0.7564766147576387,0.7535448980314422,0.7520681012926264,0.753209560018653,0.7533922514555673
667.jpg,5,0.5472418648856027,35,0.6520840016678476,0.68933366150909,0.5809073223462985,0.5794923309810902,0.5824485325951321,0.5825233493334877,0.5802575444949244,0.5769494656927552,0.5792554600016407,0.5800202670436584,0.5811734092321886
668.jpg,1,0.6977592487084238,38,0.7766051366752915,0.7128853061898236,0.7112055808468238,0.7081207061898319,0.699753455169854,0.712304073053521,0.71223284268712,0.7159221283711071,0.7113154489230515,0.7129374640734465,0.7129664664409083
669.jpg,6,0.6105164553265314,37,0.6541925072001575,0.6873348088313098,0.5020895691143612,0.5046638520319856,0.5015820785692784,0.5065182069311792,0.506403176177638,0.5067308926492182,0.5039432350054377,0.5002645883548356,0.49933635679829474
670.jpg,5,0.5869681545206018,37,0.5976441093967707,0.6240476208925774,0.47234984988498263,0.4741304794116067,0.4790868726821366,0.4669749473742233,0.46143186207700243,0.46467876509230477,0.4780463401668405,0.4781674020052409,0.4801158242901147
671.jpg,1,0.36771176986965454,36,0.585293065644697,0.6137516482320498,0.488013609314013,0.49118629940102165,0.4836003688067958,0.4673662307723849,0.4663708911622435,0.4664289170772187,0.46891301690269444,0.4706064979219748,0.46992173186920955
672.jpg,7,0.21521625843046135,38,0.41195807578601773,0.356674883980004,0.3238215998280798,0.32409843765677593,0.324483499964357,0.3555764212540594,0.35677272397399473,0.361711524501161,0.3228093536226422,0.32345600060145663,0.32438916676496177
673.jpg,6,0.26485148364736233,32,0.39813709796808994,0.3552960435563762,0.24419884589411334,0.24950689982265944,0.24719234357847147,0.27039249300902524,0.2690240359875436,0.26835922701439396,0.30319139584065213,0.30327555432789055,0.3063628753645917
674.jpg,2,0.360583354970692,37,0.4422092809496744,0.4102223882171752,0.3485047674378161,0.3507558088127295,0.3503830375624506,0.3494255067211498,0.3484096057345972,0.34489960596043423,0.37784164899247324,0.37681929568335026,0.3737734033700535
675.jpg,2,0.39537061778576793,37,0.7073863994490267,0.6880349718140343,0.46086731420499283,0.4616065651943745,0.45939867772824255,0.45453668264529157,0.4524433906206849,0.4540522969060282,0.45405271859457363,0.4531588447371778,0.45351846624028036
676.jpg,1,0.76393954691134,38,0.6401488823504249,0.6671467737388108,0.7467392247486906,0.7502166968701202,0.7491592611571691,0.7485414684616607,0.7487724731000059,0.7436484096306175,0.7338575310013042,0.7335354611842935,0.7332132846581708
677.jpg,0,0.3067968935781234,37,0.4387407252021786,0.4209304574392233,0.34042224997215553,0.3420255012671166,0.33469448343016706,0.35752998827559557,0.3573661825736047,0.3576805136496291,0.35181889838470526,0.3584911865583773,0.35887419346148863
678.jpg,8,0.236458938651006,34,0.47926671227778656,0.45783864344292496,0.3590926984815507,0.3638517819529953,0.3657117990078863,0.38840465392518353,0.39233780605702595,0.3940565612357655,0.3795004150066959,0.3817125508672594,0.3852035412585317
679.jpg,4,0.4997087881407317,34,0.4663962124896894,0.45544693268756864,0.4823616452759842,0.47788285160493604,0.47071956666945625,0.4664833632378683,0.4675755583801807,0.46190835433554966,0.4812239120266654,0.480338460276038,0.4849924481993767
680.jpg,6,0.7903398420359637,37,0.6224047327738806,0.6514081826491657,0.8153536186694803,0.8099250086740493,0.8077420192893474,0.7947480386577629,0.7928546040343416,0.7931953698340259,0.7745251544064875,0.7753694265414008,0.775319514501925
681.jpg,0,0.2594327030929963,37,0.3888341197286942,0.3179275855357634,0.31935734789165027,0.321092032730032,0.3228351600637045,0.3164767472436596,0.31595147276827,0.32916924920436424,0.3170293096275232,0.3141430990456494,0.31393022782549546
682.jpg,3,0.8604579120874405,32,0.5880655972398304,0.6113875065814512,0.762559984934972,0.7566785810049635,0.7613468592897579,0.7699102603951533,0.7704408206765775,0.7752369669696021,0.7264555539354758,0.7275129330361305,0.7279226693272521
683.jpg,2,0.3894389412469334,36,0.6185326631349735,0.6207370900597142,0.36462717782061904,0.3771674294548725,0.36913857986218596,0.36843439759889296,0.3701810312413687,0.37051923756028626,0.35173792994717606,0.3535108643022494,0.3622046919114622
684.jpg,4,0.7449192232207248,38,0.5500991117388765,0.6107558985132536,0.715761560913149,0.7167243458526075,0.7155429253147089,0.7279779555006867,0.7262714144405973,0.7244628397547539,0.7179946304077465,0.7161618807823962,0.7207837647693026
685.jpg,0,0.8285565360596305,38,0.7255252201726183,0.6982169110948755,0.8073349241435601,0.8106862567664955,0.8132669430860149,0.774692194414055,0.775257544263641,0.7778110661694236,0.7497483464066093,0.748832825735253,0.7539643151593178
686.jpg,5,0.1797736924939922,35,0.31538420699682834,0.28178723940562805,0.24492991988821466,0.24855888075296553,0.24621735097906383,0.22846001159437473,0.22906305645775182,0.2305026200942552,0.25605778205043267,0.2684775693578407,0.2603737290347207
687.jpg,4,0.7769671694228524,38,0.8532216153508168,0.7549241304775545,0.7729710862435097,0.7738997508629972,0.7683813494800751,0.7890795272717548,0.7857749032198078,0.7841228803047311,0.7622088345555652,0.7630536357601017,0.7746334243170907
688.jpg,8,0.8126628414580697,38,0.4825307546894916,0.45783864344292496,0.6722328038514619,0.6761548643154077,0.6716662064940591,0.6760068545770308,0.6752215990347328,0.6709866376619572,0.6746143276197843,0.6743852895356286,0.6733505188520956
689.jpg,9,0.6420084855386189,35,0.45505646739406386,0.4466463808231352,0.571800506104054,0.5719574350119216,0.5576434153874013,0.5935863423213407,0.5943130193384313,0.5817052997558215,0.584708297492007,0.5857093863509941,0.5862371621360671
690.jpg,9,0.7057800365460886,37,0.8065402145412678,0.6989351650749057,0.7057429538026142,0.7011330079947742,0.6992441653064088,0.7208348043077502,0.7190565952820142,0.7194205461919785,0.6877042130334194,0.6884531383041719,0.6893167194218208
691.jpg,2,0.5512022577492254,35,0.5612082755780547,0.6093735033361544,0.634398300519357,0.6312839967940731,0.6349329669829398,0.6419398481757416,0.6422813128530808,0.640647059759101,0.6222446017878721,0.6252774235522602,0.6225890273327275
692.jpg,5,0.20523338170189942,35,0.41095681406315676,0.3438950318010692,0.1945342980938557,0.20286762997094604,0.20273887498833526,0.23219002203335665,0.23133183722213196,0.23246769018769198,0.19711104293720674,0.19453952862206678,0.19846984619382327
693.jpg,3,0.7206506328923362,35,0.8717048804159471,0.7648750115527476,0.7088525260053334,0.7138784646074963,0.7130367922862293,0.7432961594688532,0.7453290698028318,0.7465587087333732,0.7264163245748376,0.7286039629486523,0.7309226266630515
694.jpg,0,0.7555005467600293,36,0.585635849732436,0.6110726030022068,0.7027279614561387,0.7008046311440109,0.696241555606784,0.7063162379315239,0.7028948544953877,0.7026448191130547,0.7113936813535944,0.7138095755041061,0.7122757413128837
695.jpg,9,0.23031588930947086,42,0.28165996629706835,0.27052195683460284,0.2758311093918533,0.27609125170740345,0.27870570107918846,0.28758690827814337,0.29110523263828825,0.2987496692810419,0.31065043820795357,0.31048196037820935,0.31720970385601194
696.jpg,2,0.751332822518471,39,0.6436780207189038,0.6800839041896777,0.7876477155585659,0.7858068353483155,0.7877361868739968,0.784919182231865,0.7886823537892487,0.7902179818176174,0.8023183269870959,0.8060647824068957,0.8083984284064434
697.jpg,6,0.6790914342683905,34,0.6345022292008656,0.671796353521072,0.7012760972291923,0.6989437460991843,0.701449702817833,0.689619435852653,0.6897042552305843,0.6869302332769647,0.7228248337107288,0.7224882635499217,0.7258951329787571
698.jpg,0,0.8249999940395355,40,0.5973195536716105,0.6110726030022068,0.7169361561245513,0.7220945074789893,0.7138115117334473,0.7102271165603431,0.7115842755936538,0.7131661912366641,0.6965780372216213,0.7007536079555623,0.7046794143609003
699.jpg,5,0.7715700176500139,42,0.6352569460048592,0.6541632690150905,0.7528765960493505,0.7508231753554178,0.7544677945836349,0.7193220794770304,0.7194248911304959,0.7187792094820025,0.7435993414303026,0.7432054765179124,0.7441848160396334
700.jpg,7,0.8311881124973297,40,0.8738621644201341,0.7729330014264715,0.7985326795839407,0.7996952180043371,0.8006396490425077,0.8102562068980392,0.806417756650193,0.8069772845694201,0.7696250365104329,0.7723922970056148,0.7705502564766238
701.jpg,9,0.7542146089914683,37,0.5815235089342197,0.6182401308167138,0.7191010964125442,0.7192478918665812,0.7128508756512961,0.6983163698494568,0.7005483490459424,0.6930996794737372,0.6919570587616014,0.6940539081096593,0.6934683805954298
702.jpg,3,0.6434143384297689,33,0.46798031986760863,0.45576866791070547,0.6035848367013681,0.6012633292643531,0.5985946675117992,0.6200095996821924,0.6196485866386756,0.6197580100560053,0.6217476669782517,0.6223257066645708,0.6283888923333849
703.jpg,3,0.22429550511953542,39,0.622964016291126,0.6379961598449211,0.2700862500768856,0.269259327471161,0.2686305896395735,0.27501481275416384,0.2724777843584531,0.2750431410574093,0.2763405863500621,0.27902625206783405,0.27596359731200704
704.jpg,5,0.35278790973519025,38,0.4826519248076225,0.4652255077299444,0.2757356662254536,0.27626079189943353,0.2740144734259411,0.2837093644519821,0.28659331061220467,0.28270429761234067,0.26095429421203353,0.26293084379576204,0.26645499261920647
705.jpg,9,0.40984887884635673,38,0.60058261467238,0.621339197716895,0.3264594945101772,0.3232971422776635,0.32193244439972996,0.32041426902348613,0.3177191597978412,0.31796073181500323,0.312200613176175,0.30985772934726374,0.3054341121329113
706.jpg,4,0.5550901232621609,39,0.49848108181102924,0.5131409807504901,0.5576020928305747,0.5530626936502796,0.5524019914967759,0.5750576632294601,0.5736392384723058,0.573824293875013,0.556770891420103,0.5557216507097422,0.5536380853543262
707.jpg,2,0.5786421505468232,35,0.5786699801648079,0.6093735033361544,0.49836941236663973,0.5018755297830959,0.4995583728057228,0.5126560884226947,0.5124740410083592,0.5109833421812683,0.5075533687999727,0.5074876597678009,0.5086343140846986
708.jpg,6,0.6872187256813049,33,0.5462198745172455,0.6068352934455585,0.6807062452750168,0.6805153384239275,0.6768394011765104,0.6892212014984576,0.6874550092785362,0.6876061290372613,0.6682230433681798,0.6672910379664623,0.6645178588830548
709.jpg,4,0.7711771180232366,36,0.6096448335506917,0.6249172548023157,0.7435022528121569,0.7418465384547753,0.7435757356287445,0.73773319180878,0.73360678442147,0.7343531963866419,0.7450686462355965,0.7475587382855836,0.747614849818208
710.jpg,1,0.36364922008610195,35,0.594122559834666,0.6192836001504388,0.35940835051387465,0.35788698444748074,0.36624504733334323,0.35564818884714533,0.35630774001946325,0.3597252687361465,0.3049736212939553,0.3045769168770278,0.30562359250592386
711.jpg,7,0.6113861348066065,36,0.4388966939585349,0.4072239456415551,0.536713027566876,0.5359451693973589,0.5367143663632201,0.5243887771127996,0.5258579548641044,0.5222296188370998,0.576822355713287,0.5758948941079509,0.5782284425547922
712.jpg,2,0.17873892846125128,38,0.18126911189113326,0.20214521614575964,0.26006246703124986,0.2519177463583041,0.2564186078369417,0.2608178495153001,0.26555720326716875,0.26715073290169983,0.2538745985427443,0.25213361616124896,0.251358226084324
713.jpg,8,0.5472418644598552,35,0.6077738266983099,0.623607839553141,0.44698548373816926,0.444762359468293,0.4474385051502823,0.4790178892277656,0.4797091434544313,0.4812008608459897,0.47710692915214303,0.47904468062700956,0.4813910199563734
714.jpg,0,0.7563553613585394,37,0.5930935154153282,0.6110726030022068,0.7102834032463925,0.7112191058014427,0.7093238137633054,0.7319141785267156,0.7315443477688339,0.7377136671968992,0.7141765250321794,0.713221025123216,0.7133989754102594
715.jpg,0,0.8501823858210915,38,0.6319677875752001,0.6672095969524839,0.7488451777051556,0.7512904859712419,0.7555239419496644,0.756731086691971,0.7547419900643202,0.7543420430766905,0.746824057822955,0.747525743601921,0.7531101585857147
716.jpg,9,0.3083058303454891,36,0.3602232477010553,0.29912494767520204,0.2657493018254833,0.2611509677915535,0.2565111621739241,0.2595869564202191,0.25850736411088415,0.2510671547562185,0.2558273168567392,0.25710273163033204,0.2547780197279127
717.jpg,8,0.7958648748257581,34,0.5460158193839166,0.6071927342815009,0.7087105151206707,0.7155410863603211,0.7084048279225862,0.7302125902824026,0.7293917914207172,0.7242761980744649,0.7156700516714278,0.7169566227537216,0.7136707049207872
718.jpg,3,0.16562942060242805,35,0.4655561640793984,0.45576866791070547,0.25317697363425884,0.24844686219850787,0.25119717021469623,0.23775967008426646,0.2425154502266766,0.24081795231897873,0.26628384812014494,0.26684995343978096,0.2545337221008758
719.jpg,0,0.6694169441858927,36,0.5092245608984038,0.49760422881041677,0.6331348880779353,0.6394913369454018,0.6392736918846658,0.6384321815204964,0.6365537780526872,0.6344377802296574,0.6349063409096353,0.6326971237731271,0.6346193531823923
720.jpg,4,0.5214992914881025,35,0.5903817091139332,0.6133925127562337,0.5188267427853113,0.5179663887656514,0.5219284656862443,0.565041098274089,0.5577840767212826,0.5587074781644343,0.512478728749375,0.5114043133744391,0.5153290035747895
721.jpg,2,0.7849284882346789,36,0.798605434456928,0.7061994332396303,0.8097046039166573,0.8023904370834563,0.8062202077840455,0.8174469856502109,0.8189726281154508,0.8238684604123,0.8047735401094098,0.8017347261845158,0.8025579806372434
722.jpg,8,0.6677667688992288,36,0.8247161027157255,0.7065647201584568,0.6881214032385059,0.6908170459066797,0.6951758401646676,0.6966996698331068,0.6959210445928327,0.6975203387470994,0.6935737005589162,0.6933673094530219,0.6979326610851382
723.jpg,7,0.7100210027261213,33,0.6621249028487753,0.6795031808587857,0.7754757189217492,0.774784907183933,0.775934988799162,0.7826004163161135,0.775986808326862,0.7774943549277676,0.7810905386553486,0.785315876267504,0.7848124058560163
724.jpg,4,0.5208174662712293,39,0.5954743428638967,0.6249172548023157,0.4588099277576332,0.4581742455429895,0.4630194494410525,0.43154471713301645,0.4352022848378874,0.43317801519896,0.44952367581845476,0.4448619608698492,0.4447000117875974
725.jpg,8,0.3289328946395674,36,0.5730549114329212,0.6071927342815009,0.3135477540065065,0.3134212445549519,0.31855373590805913,0.31678990790716677,0.31615871279978586,0.31864717597057307,0.3066185730669223,0.304718432280535,0.3012558111601203
726.jpg,2,0.16171617394623658,36,0.32510958095409304,0.28506354993151717,0.20772085495536546,0.2001641826040001,0.20391147455806946,0.25491036879971685,0.256100187893626,0.25589953411344224,0.21986161211044705,0.22246349883240588,0.22164228532927718
727.jpg,1,0.4845660995034611,34,0.3975391768061819,0.34842825152910817,0.48244137049574043,0.4785527072303951,0.4778276566172535,0.45629759878497644,0.4540623123232811,0.4497919271386424,0.48131502299628875,0.48141000574847587,0.47610694587994096
728.jpg,1,0.26383226693553086,34,0.4147180757953769,0.34842825152910817,0.31372970274629386,0.31663021776736483,0.3184287010795649,0.2811929067781978,0.27900834993833107,0.27234911936656786,0.31041672965306766,0.30925462591103836,0.30950428679185277
729.jpg,1,0.8299359311075771,34,0.44725812266226217,0.42553468495896385,0.7235407404155775,0.7212006014653967,0.7265356947331516,0.7410530429209069,0.741178156659501,0.7462064455321488,0.7389217820588325,0.7407417442176201,0.7418631729712918
730.jpg,5,0.3850385028248032,36,0.4473418483052844,0.4176688666157392,0.2294414781783533,0.2308878175095298,0.23625016584756076,0.21998795073680927,0.22070940354343305,0.21995267288809317,0.2355957453534579,0.23948659439832146,0.23575702993251077
731.jpg,5,0.6315417264189039,35,0.5629850322876486,0.6134488435143731,0.6350986837664744,0.6357172289369026,0.6322109439431048,0.6272441528748179,0.629040649848305,0.626788836372357,0.6342688578642042,0.6318835488106795,0.635808405129865
732.jpg,7,0.6512376248836518,40,0.7261692954018915,0.684738586280588,0.6197751286368554,0.6206585515205194,0.6247035600313843,0.6110783930058142,0.6074934595400961,0.6048574380714793,0.6214009800766922,0.6188039970302949,0.6182308033237942
733.jpg,3,0.7079207897186279,36,0.6789357980398121,0.683372863568541,0.666030716756243,0.6648171448280906,0.664013769639971,0.6799560452182296,0.6763643369499762,0.6744744781484373,0.651292456616055,0.6531509359545198,0.6577126734276112
734.jpg,5,0.6594862188841846,37,0.4875474046303253,0.5069053071413782,0.5674634858204222,0.5663713324426681,0.561629199587947,0.5749807414169487,0.5711686044332177,0.567301857705875,0.5607591884688832,0.5622859795195052,0.5645579216726534
735.jpg,8,0.8221629812167242,39,0.7022769979975066,0.6864042550519871,0.752832494617256,0.7499059498108485,0.7569570755878725,0.7423797786688491,0.741460801972347,0.7491110051209948,0.762761053888349,0.7606945385733653,0.7660659736231508
736.jpg,5,0.37998799641023984,33,0.5270396365689543,0.5438911000871274,0.3431407903484489,0.34616388890516975,0.3432207189112082,0.354053483275657,0.3544987309144657,0.3591854400088502,0.34129134887880774,0.3423922453446353,0.3396076046112763
737.jpg,5,0.6861936185095046,36,0.4566250571132641,0.4467652254526486,0.57828738481704,0.5775501482208425,0.5772522345712279,0.5894051092139775,0.5885508664504077,0.5873533041540758,0.5971281240537721,0.6071453313480253,0.6021289122113677
738.jpg,4,0.7901751689421825,39,0.5886062101638516,0.6133925127562337,0.6979161360973145,0.6991843440501608,0.7006058428912496,0.733213358016464,0.7307281207619418,0.7300239469350238,0.705860315326849,0.7045632131680197,0.7145731070368342
739.jpg,6,0.45622720441928033,38,0.5946135647198083,0.6199759164462515,0.4878722909651932,0.48845333864785545,0.4836403576677258,0.49197292554358846,0.4907488997765562,0.4933379086668195,0.4659877079469442,0.4643025485932296,0.4627234268473128
740.jpg,1,0.7523483099081577,39,0.5891654643533493,0.6137516482320498,0.737338792133259,0.7385581498061838,0.741349449425366,0.7555443856199119,0.7586961304146123,0.7535563738388764,0.727991505951351,0.7289741448410201,0.7256519054816759
741.jpg,0,0.7887342749415217,37,0.5918828284187774,0.6110726030022068,0.718627860139962,0.7227184270848481,0.7225265028587577,0.7483704014695665,0.7501125219618472,0.7459081090603071,0.7354716668215702,0.7343293688547425,0.7285976961319791
742.jpg,5,0.7296479642391205,36,0.6386980275934816,0.6541632690150905,0.7485725451469749,0.750316653007021,0.7518148544805652,0.747711481634672,0.7471461940674693,0.7484206049051769,0.7543722289488555,0.7500215588647985,0.7524153669764126
743.jpg,4,0.27664531400317655,34,0.4911297343047537,0.5131409807504901,0.37289963540316645,0.37147082279037835,0.3697813468429659,0.3870172011840859,0.38871506956107227,0.3866038240180544,0.3487009521974589,0.3468340583658443,0.3522454532032976
744.jpg,2,0.7419052687851159,37,0.7477286589296047,0.7037289287209212,0.7107774907808055,0.7066359374530727,0.7101821289674028,0.7270206590548296,0.7310966855609888,0.7285260701781634,0.7116282497602273,0.7116838405132175,0.7114039162382946
745.jpg,8,0.7178217800039994,38,0.49605450231327336,0.5082229014711247,0.65556263632082,0.6559943757018011,0.6513285790265959,0.6606943405975728,0.6606010839409396,0.6584401629509078,0.6769881765634607,0.6766602312812778,0.6781991814884736
746.jpg,3,0.1589982540565817,34,0.28421229335855747,0.26764989573565817,0.2733708354343324,0.2671598960869316,0.2677410009104224,0.26186082094957563,0.26048277736524683,0.25666909482622724,0.2747747013955891,0.27718579091225204,0.2792702734648634
747.jpg,2,0.523479489343507,35,0.7843891420267901,0.7061994332396303,0.5227109652862172,0.5243325684487434,0.5220446635489853,0.5091193771796806,0.5066908311562219,0.5059150319777981,0.5215649703627632,0.5266726153359311,0.5234833044332505
748.jpg,9,0.7852035197946761,36,0.7025627897496258,0.6844889856360925,0.7673018448887912,0.7661246871920275,0.7727375191932697,0.7728516636188494,0.7706318347186139,0.7806940880770026,0.7730003837909205,0.7725982849980833,0.7744518713452098
749.jpg,3,0.20617355699377024,34,0.23790076817394934,0.24856624975772804,0.21419867088164346,0.21343960820687424,0.2143822755151339,0.21892267313100644,0.2190329051450579,0.21735073312274444,0.21861197427319834,0.21871885761645818,0.21577506963705112
750.jpg,2,0.22798332543798575,38,0.4807317344439093,0.47192064726662886,0.20150203205168865,0.20559779374647502,0.20150013447816723,0.17690470230088923,0.17531438280503064,0.1763643475704078,0.21455625463467068,0.2157650078916825,0.21487686942008283
751.jpg,1,0.7265579437508303,34,0.6384048245322429,0.6671467737388108,0.7341110080981065,0.7313554801612991,0.7417446062603843,0.7327865587957255,0.7332015687715646,0.7287557389155871,0.7526779943042652,0.7520805590100446,0.7550886233707899
752.jpg,5,0.7796360689240533,37,0.6350764508459923,0.6541632690150905,0.7265966612140153,0.7251922342669399,0.7201669380578584,0.7329026255772114,0.7379246265616665,0.731261067506386,0.7186691535148886,0.7159553387927142,0.7144418715089635
753.jpg,0,0.2629950487462338,32,0.3893440113246571,0.31828561477162187,0.2833668029309506,0.2871750649996232,0.2833186688905274,0.2720191934466736,0.2713706952567367,0.27634994713885225,0.28523829490396985,0.2886448266929527,0.2901142271556917
754.jpg,4,0.2669459252785414,39,0.29424516047071536,0.27862217042921605,0.23155318767390998,0.22916663172719015,0.2328783210319102,0.24472058591139612,0.24412653083790686,0.24948096857635982,0.21666014065009753,0.2118944472277276,0.2210277064805674
755.jpg,7,0.7172717245088683,36,0.6177491909664188,0.6267241617233461,0.6426088049506153,0.6438637385081648,0.6425152006619723,0.646498958114158,0.6465122274536322,0.639884989428392,0.6396340369020341,0.6413239246647903,0.6374904577336336
756.jpg,0,0.3329207899951143,32,0.46587253122744476,0.45588041265696166,0.31863269898159796,0.31666208183122857,0.32319431133353815,0.3300471207679096,0.3327995362076221,0.34213652552842666,0.32961042955129427,0.3314482412331433,0.33210881844016504
757.jpg,5,0.6381188102066517,40,0.6348368458721501,0.6541632690150905,0.4747048079078057,0.47272967113766584,0.46505414402705997,0.4840060575650986,0.48612663970981673,0.48654796813899465,0.4832429730914301,0.4870113236416993,0.48603822584607426
758.jpg,2,0.7306930646300316,40,0.48874980860150524,0.5165950685180345,0.6955436985418548,0.6957880747461662,0.6961160809501774,0.6911683096461376,0.6889980800281337,0.6898985683043525,0.697835973308666,0.6936965239857416,0.6919983864737342
759.jpg,0,0.559697149650139,34,0.4499640112074337,0.44262240733590735,0.34686197143341224,0.3495652472942293,0.34870709151782003,0.3770039907562032,0.3770753846877687,0.36617197534197204,0.37563752401163936,0.381221162137755,0.38006045267287825
760.jpg,8,0.6538461538461539,39,0.7507116839775583,0.7058198975538993,0.708943414905223,0.7037621256663833,0.7131259823729194,0.6802455666930628,0.6783493596130866,0.6784197565389428,0.7006637181158755,0.6982383288018172,0.7016468154483076
761.jpg,1,0.7390797856976005,34,0.9230315949102793,0.8462344922323046,0.7741023417984336,0.7743023532986244,0.7742632069083915,0.7997858090568075,0.8020838901028473,0.8066471292156809,0.7812526269071371,0.7860452317238759,0.7797594382765944
762.jpg,9,0.8864386298439719,33,0.7049004316358976,0.6844889856360925,0.8627021314089673,0.8583147360628416,0.8654784161825284,0.8359802457510717,0.8362937975176085,0.8469467070859564,0.8483095788866408,0.8501623938400042,0.8498564844636609
763.jpg,2,0.5888338809212049,36,0.6331588734751143,0.6720587125420237,0.47572587365158203,0.4792145607258351,0.47592375091022626,0.4858498876143344,0.4871823409091705,0.4834160867745276,0.48350949667019294,0.4833360488564964,0.49316314874929873
764.jpg,9,0.4895638171079996,37,0.5065552474724883,0.5109932613807457,0.43689825349231637,0.43735959799724616,0.43911683261971224,0.4275720980873078,0.42991833071330354,0.4348028748043055,0.4267027593809793,0.42648387282150746,0.4268335203682624
765.jpg,7,0.36348635082443553,33,0.3422435232982731,0.2761884213790207,0.31109576159281926,0.3056495610545298,0.3031438912905091,0.2974277777892685,0.29463161661260845,0.29478591849348934,0.2884688346442219,0.28995550654056523,0.28938261237197815
766.jpg,9,0.23907979181967676,34,0.32575111745474306,0.28062829220538327,0.23887124251251268,0.2414281432091454,0.2422990171360902,0.2265171939817328,0.2278084629465506,0.22915075359559228,0.25646193283091706,0.2572204583345349,0.26034466953322744
767.jpg,0,0.58153755699887,34,0.5210686631430774,0.5301190849919707,0.553808458936603,0.5549535434060204,0.5555293046297142,0.5718832377493432,0.5735688630084921,0.5722548562505131,0.5639025166880739,0.5671629119156856,0.5639209441907694
768.jpg,5,0.62046204176214,36,0.4987834632251122,0.5069053071413782,0.6309868653727387,0.6339886913210346,0.6362176965965937,0.6419518781511264,0.6411978423412404,0.6469157792246862,0.6377878865074631,0.6370273446836504,0.6341215927660332
769.jpg,0,0.6551155136390165,33,0.7399087096714341,0.6982169110948755,0.7093346936886986,0.6975759660180471,0.705056368436733,0.6906991106260726,0.6884870900037606,0.6918890294177412,0.68333478925795,0.6811795379734475,0.6837303582919594
770.jpg,2,0.7617072503308993,37,0.5706805977659766,0.6093735033361544,0.7914036912211007,0.7865239691561241,0.7907763787308226,0.7982282758323658,0.7970790553505706,0.7942561320609348,0.7845794548193019,0.7829344930808662,0.7843917522090871
771.jpg,6,0.696272569544175,34,0.5592621652528487,0.6068352934455585,0.7010201352175434,0.7040490627768731,0.7083754497074095,0.7223973741096084,0.7225500500099751,0.7253059195828953,0.6868567980643323,0.6860832047308498,0.6846212331068341
772.jpg,0,0.7073856012241261,37,0.6341052746557649,0.6672095969524839,0.670142799261402,0.6648630709519184,0.6672844108365329,0.6576916461956507,0.656129919184143,0.6540546263120113,0.6718160694076813,0.670102421142909,0.6749766084039737
773.jpg,2,0.3800880087720644,36,0.30095870467830144,0.26387134121512484,0.3585925734883521,0.35736405809010974,0.3551983448538689,0.35677797771441605,0.3585627031652691,0.35514983127558697,0.33004254635391617,0.33188279270692356,0.3318836715702846
774.jpg,0,0.6718921884894371,36,0.6305590103824037,0.6672095969524839,0.581480792208599,0.5788051784983921,0.574291215288889,0.5704738769557764,0.5724945650017602,0.5660329774970794,0.5831024419727981,0.5827006978381714,0.5754996556475686
775.jpg,8,0.408965896608101,36,0.5614288861503814,0.6071927342815009,0.3654206027777763,0.36739188733696404,0.3633286911510254,0.3714786292556455,0.37068354720288954,0.3788563658765359,0.38744713673417946,0.38857828852612575,0.3986954950945283
776.jpg,9,0.7359264510018485,35,0.6190313976895221,0.621339197716895,0.7138626939177983,0.7187958788505011,0.7205601336116181,0.7232234876800915,0.7191302406019697,0.7275208349409279,0.7140086987342564,0.7134076449237758,0.7103529318562152
777.jpg,9,0.36496149593343336,36,0.4969932458197735,0.5109932613807457,0.27505066673933504,0.27778048289637847,0.2800597859424113,0.29535717602858347,0.29208054329587235,0.29192676594217665,0.2881451909198083,0.2912208604544183,0.2931363538468349
778.jpg,5,0.3030803097127419,36,0.37451539054147076,0.2997320309834363,0.1450206937550096,0.14144519482625018,0.13693217446717004,0.15388585704789903,0.15296517370974627,0.16073226993454454,0.18986377135281998,0.19406389122445236,0.18503615933416695
779.jpg,4,0.27800938376764717,38,0.43062431275386726,0.4218029097022081,0.2570858644648032,0.2535617962599723,0.2567224277213347,0.2559245715528287,0.2563466360681719,0.25886374904894965,0.28338717905348976,0.28198262069646607,0.2791903129067923
780.jpg,1,0.3940011657747057,34,0.35858388445449285,0.2934313756324378,0.3369096934823786,0.3374810228445452,0.3370480996635752,0.3174373768635527,0.31802876027601357,0.3089334004687809,0.3150163311691873,0.31598222347687727,0.31266273124486454
781.jpg,5,0.898905674093648,38,0.753883221804416,0.7008979539502442,0.832377553816978,0.8281613923154083,0.829831697871754,0.8271558575856716,0.8287856810532824,0.8273087630391727,0.8119717075225101,0.8139596850101173,0.8120205482646835
782.jpg,9,0.37015558523791176,35,0.3434757854307159,0.2821162288226186,0.2394616443497627,0.23847248452336478,0.23545371060416403,0.2584290675953316,0.25653826982057704,0.2716917657981091,0.2185094376156178,0.21612241506832508,0.20958659957135609
783.jpg,2,0.7709020831518703,36,0.7281085357043745,0.6882642115424149,0.6346347496568724,0.6361415465718765,0.6290066983584324,0.6537073298766005,0.6528266716563035,0.6541193039357833,0.5925126039967346,0.5983640863072002,0.6064799112469308
784.jpg,6,0.7774692046933058,41,0.4943991810356917,0.49455131021060894,0.659309932724643,0.6556595717780915,0.6575027633700833,0.6568615088130196,0.6573426047691097,0.6574758755069005,0.6927229620337991,0.6948861100287153,0.6998939143740541
785.jpg,2,0.8102310191501271,33,0.6044680627859567,0.6207370900597142,0.7513754383943199,0.7527934450044871,0.753839320589279,0.7429058109491224,0.7398853562830849,0.7385280898784683,0.7439215468159441,0.7465749186037188,0.7453064725711986
786.jpg,5,0.5812923351400777,38,0.6351295260187695,0.6541632690150905,0.5777029859088193,0.5831716657788886,0.5815771273384216,0.580754934412981,0.5757617451934887,0.5766575864310671,0.590047918399223,0.5912066063898833,0.5936849893622445
787.jpg,4,0.5337649087111155,39,0.4426156605403071,0.4218029097022081,0.5921298853368141,0.5859494287095832,0.5920330491392186,0.5706983897418741,0.5730115379886267,0.5719697994802178,0.5897809637696633,0.5882853473621206,0.5869289151034572
788.jpg,6,0.2602918193504018,38,0.29398355227505424,0.2713065741444931,0.35900506908246,0.35725863546930625,0.36049696402589304,0.3726438838264558,0.37274920726823135,0.3734227828856038,0.34735091413301167,0.3452143727975242,0.34418840615441354
789.jpg,4,0.5977071327598471,38,0.8181153792681857,0.7050249411790184,0.5936181467067104,0.5965470741906016,0.5858846021961855,0.5888986874623032,0.5892437571466739,0.5863508020620141,0.6011843546670159,0.6032347274398169,0.6060150027212847
790.jpg,7,0.8243877001498875,38,0.5650595222782321,0.6110795464047756,0.7449164576876852,0.7506403644118826,0.751770866587651,0.7420069555504527,0.744233442336021,0.7500912925100797,0.7474616421183611,0.7493977773193701,0.7495988304492212
791.jpg,2,0.7850902694113114,34,0.657658691436195,0.6880349718140343,0.7110753858021975,0.7102713891206681,0.7075336798425774,0.7174182135643277,0.7186829397806315,0.7165816694965169,0.7226458202105817,0.7219992950129634,0.7237427721788315
792.jpg,1,0.720497722561295,37,0.5717623120887805,0.6137516482320498,0.6536713348698195,0.653747677174534,0.662495222301869,0.6627357124136579,0.6649919379369112,0.6739029901152419,0.6726162794163614,0.6707942908924798,0.6733133085065679
793.jpg,3,0.3514851471286659,38,0.44344577833986293,0.4283099735774484,0.26988832984811084,0.2737931211958055,0.27220925984378663,0.2660208197731973,0.26620584160071536,0.2666121778955634,0.2726689989518336,0.2685387366398696,0.264277485012396
794.jpg,8,0.5337649140602503,39,0.6211675748396224,0.623607839553141,0.4563775114824282,0.4573282217163494,0.45900635716084903,0.4375224515793468,0.44116819975091026,0.4456374509889335,0.4838264779775959,0.4844820274339873,0.48612089512464973
795.jpg,7,0.7213162464254043,34,0.7457929451510268,0.7083709494157039,0.7413295683195834,0.7385495506855204,0.7434754706781728,0.7391560339071227,0.7417267787264881,0.7396386268406133,0.7412381038574449,0.7446486227292897,0.7429416739002128
796.jpg,2,0.6011506512358382,37,0.5903071080262015,0.61495891956917,0.5226622268431689,0.5189616739471534,0.5250465776739908,0.5354910188601778,0.535536916525284,0.5321500855955824,0.5324282425996848,0.5329671806506375,0.5389582839849724
797.jpg,1,0.769059405848384,40,0.5065359903095447,0.5064654782754869,0.7132763516146512,0.7111261505998412,0.7063843932412922,0.7201512456733395,0.7181222166310018,0.7212760486694156,0.7086151484705456,0.7091911047795387,0.7081472964490083
798.jpg,0,0.6754675416482819,36,0.5597945143168186,0.6110726030022068,0.6700711509306834,0.6677040571850519,0.6715941953472592,0.663613829748284,0.6623493396148498,0.6608178015624109,0.6743196103334727,0.6701926550476303,0.6658856263153585
799.jpg,7,0.4070272881810258,41,0.5930460434260098,0.6267241617233461,0.4531899458219548,0.44922286501939196,0.45041934188394617,0.4765701161836554,0.47892765546276517,0.47517644211606813,0.4655360314816454,0.4626865245739916,0.4660906519009149
800.jpg,4,0.3947666204401425,35,0.46486160341945726,0.45544693268756864,0.29748220388970553,0.29524014631900647,0.29689188372537256,0.2739500148516353,0.27661243381021156,0.28216021043965056,0.2755654048209958,0.2753840719716996,0.2810478690007415
801.jpg,5,0.7315308466935769,39,0.6271448040333196,0.6541632690150905,0.649171473532721,0.6500734341469159,0.6476375223016694,0.6867929117544697,0.6839796906961779,0.6821002025427413,0.6735328454922404,0.6712541184674183,0.6731917983053655
802.jpg,4,0.26952695450745523,36,0.5354322434052514,0.5917656741814163,0.20299305934061718,0.19674732407671247,0.19584111841386637,0.18673408041404893,0.1867531728975727,0.17796106777178283,0.19016300948811501,0.1820714774695185,0.19264846247344597
803.jpg,6,0.20064065256156027,34,0.3386022142771221,0.3009976694419241,0.09244781846211808,0.08759577605756197,0.08712305065070608,0.1270204321798043,0.12811345597209256,0.13313110132401784,0.1318157930667087,0.13355875697536695,0.14098946378550126
804.jpg,7,0.7564597878514266,41,0.5781643561975466,0.6119117537433963,0.6623607307653672,0.6631561149887372,0.6622869470985701,0.6507532070520936,0.6477698962244025,0.6478877376909669,0.679670006216027,0.6742111477636173,0.6792230598242353
805.jpg,2,0.30339462437799997,35,0.3502614253704397,0.2872156435204327,0.27264237449865836,0.2691241230498962,0.2714500239360397,0.27774606114888634,0.27717688195947576,0.27283498868127326,0.2498014545715695,0.2503508664550584,0.251062743061977
806.jpg,1,0.5192808736311761,38,0.5325853354008558,0.5580574129100145,0.5451531008438941,0.543104271492949,0.5420042190319393,0.557595121481402,0.5579810449545164,0.5614221951259335,0.5459141788287648,0.5463131230540689,0.5448885139972162
807.jpg,7,0.40581365942190856,39,0.534599692508371,0.5943737762291367,0.48775956047975993,0.48762634286516543,0.48827079919776417,0.4535295535496139,0.4573205768252724,0.44885293050577235,0.4363209907652022,0.4461472694146635,0.4324487007374219
808.jpg,7,0.3583396795826654,39,0.48135446219870665,0.4735641667727813,0.35838300845387683,0.35914793372128784,0.35782885091412503,0.37034479355799077,0.3699268285639214,0.37041027717753844,0.3481895233949083,0.3498536757061079,0.349184055150475
809.jpg,6,0.35335830784075567,37,0.4803912520350591,0.46087073365564113,0.36796132577008533,0.3723608657036638,0.3718662639436007,0.35879555925461254,0.360245212490674,0.3612605440373545,0.3726753022410434,0.369602314554347,0.36264322782456526
810.jpg,2,0.6763446548500577,37,0.5483430905428227,0.6093735033361544,0.6368351824325419,0.6418710434662764,0.6382586978574758,0.6707682915387085,0.672235537962024,0.670452957288059,0.6611608693434394,0.6615072222275873,0.6620317294608737
811.jpg,9,0.6420084834098816,35,0.5224745025489974,0.5299100500684013,0.6329127020363902,0.6324761961757404,0.6320598730672503,0.649475756410903,0.6491782544214812,0.6493032428712597,0.6226631673235639,0.6212163031941773,0.6193644511109551
812.jpg,0,0.6533239041055952,35,0.5532631109607443,0.6110726030022068,0.5405456778487088,0.5447245691787825,0.5413045502303937,0.5547796353352815,0.5563157154626277,0.5578652251578665,0.5710178758326716,0.5747672237737521,0.5763340574663103
813.jpg,0,0.7983324637538508,38,0.648979100943412,0.677340367832739,0.7275733125706265,0.7302726721536318,0.7321903348422933,0.7435693587816229,0.7421898948958756,0.7498810420950076,0.7341845311865648,0.7380103321514175,0.7391220914317558
814.jpg,4,0.6021216469151633,35,0.6937449437829418,0.6802152775218324,0.6257621492232741,0.6225896998515783,0.621734278405017,0.6406059269681421,0.6355195370162054,0.6298845686071284,0.6052497666958129,0.6016398319150178,0.6116003965036518
815.jpg,8,0.29235423488232,36,0.3798568233057166,0.2922843844116788,0.25995332695282214,0.2599257454105304,0.26001804259596567,0.2595184382836687,0.2580363292535102,0.25703499137733715,0.2447154612442338,0.2454137820480576,0.2454507070727155
816.jpg,3,0.8152683628232855,38,0.5783339581143159,0.6113875065814512,0.7523586080866655,0.7561717763548481,0.7579034255809591,0.7360773224435911,0.7368267860676108,0.7361498156263033,0.7353369004360262,0.7332765329794624,0.7262660818224953
817.jpg,5,0.596664933389739,38,0.805721985430887,0.7008979539502442,0.7207621350655486,0.7199821046832211,0.7273199363190563,0.716612479092433,0.7139415711429293,0.7118702276414679,0.7179578522570587,0.7140987694604863,0.7222865404853791
818.jpg,9,0.4448755659364365,37,0.44493032960462425,0.4174444332512572,0.46423316574684925,0.4666291316453652,0.4624872663854608,0.4544476678330923,0.45604911604899306,0.44549152394006597,0.4508390930726803,0.45105024934975346,0.4537700612247585
819.jpg,7,0.33810543148098765,37,0.4849881036189263,0.4735641667727813,0.3715561198520189,0.3729761602899764,0.36991094065799723,0.3290136975928195,0.3276609040536842,0.3263547308703663,0.40101900198598284,0.3974520410049973,0.4011371674140108
820.jpg,3,0.37326733026919623,35,0.43158036588524057,0.41088331509144826,0.3895709928676565,0.38625356444997716,0.38762748753661813,0.39154005279251963,0.39135022999435587,0.39213401867055436,0.3821902547041071,0.37976070035502885,0.38417818276316057
821.jpg,9,0.7107496457440513,35,0.4890514675744894,0.49443548599506965,0.7068336297112262,0.7043164741019938,0.7069847681672246,0.731884221945578,0.7286638675015739,0.7366878679242961,0.6968378726903387,0.6986794198869073,0.6990281059161116
822.jpg,7,0.6545654576685693,36,0.8735447849113951,0.7729330014264715,0.66889871640393,0.6694653989392454,0.6684362048530297,0.689691811596886,0.6898126521549602,0.6927667401608961,0.6755419766500717,0.6786094194602955,0.6799346828005608
823.jpg,2,0.5500707162278039,35,0.529831217686572,0.5500186539522405,0.5213432357610451,0.519458436350958,0.5194270372228093,0.510638696666488,0.50839234604073,0.5102260092410351,0.5054808035232319,0.5068144653558521,0.5100207158378399
824.jpg,0,0.2889674700796604,35,0.28238728267136926,0.2666118514499235,0.35920937193834995,0.35532860155415974,0.3528529198793584,0.33073675338642716,0.3305413614926847,0.3282274401866932,0.3368414498791249,0.33215631641469007,0.33157281022001045
825.jpg,4,0.622306343387155,34,0.6128351894121647,0.6249172548023157,0.6859110848588343,0.6895543373849291,0.6872498204145489,0.686249412384233,0.6932866813179227,0.7006505469403794,0.7077173756364387,0.7027779760504758,0.7053356742759193
826.jpg,0,0.6954142772837689,38,0.530436686821698,0.5601993001898571,0.600193150829111,0.6028389769898749,0.6030968684810569,0.5978939419108681,0.5994530716174988,0.5949708766320766,0.5952911381340709,0.5912632549590549,0.5919851088765193
827.jpg,6,0.811589975567425,34,0.6297901120405682,0.671796353521072,0.7451983596226983,0.7504279155455978,0.7480229457898964,0.7766945502095086,0.7766610844231379,0.7696731040393145,0.7663699936312403,0.7672102852711955,0.764094918429616
828.jpg,4,0.7688668847084046,45,0.538526748055289,0.5917656741814163,0.679506315973943,0.6807841364552165,0.678306822380743,0.6858065279177935,0.6864642545980285,0.6881575356560299,0.7143402075408762,0.7165926975975532,0.71278219173116
829.jpg,0,0.7760275999704996,33,0.5334046176741347,0.5689440561681921,0.7106184612075452,0.7106191828832858,0.7080592405799928,0.7288850003656092,0.730362265669423,0.7228755075890017,0.7010064177365402,0.6982993462004956,0.7005236367961117
830.jpg,5,0.3825082511175424,30,0.3589941918787788,0.2997320309834363,0.3558261214602966,0.3572616489696695,0.3559118596052627,0.3547408660844083,0.35537312542418587,0.35412631924178845,0.37037515448444447,0.36930644008051766,0.36956595833128547
831.jpg,7,0.85539342698298,38,0.6884393806490883,0.6795031808587857,0.803207943272298,0.8014194613443728,0.8027585073514398,0.8101955307594015,0.8124533011146899,0.8126181932997837,0.7874625150932673,0.7908113312834082,0.7876009960285086
832.jpg,3,0.6343323487687755,37,0.6113554209846572,0.6379961598449211,0.61104976255413,0.614032233437644,0.610895276765266,0.6238055828339863,0.6263561266901219,0.6266543897180862,0.5836899579665482,0.5856529131303829,0.5924664183053213
833.jpg,5,0.6178459263429409,41,0.6474444500314909,0.68933366150909,0.574576924828792,0.5780363580513158,0.5810817228488856,0.5844194220036601,0.5817103509173818,0.5844883400477262,0.5894184862966266,0.5880673383257348,0.589413218885624
834.jpg,8,0.1674917505717733,36,0.421327858670383,0.36499691714570986,0.1700953304693651,0.16903173177113523,0.16898440372526824,0.1987426326827711,0.19917619330979486,0.20110278478960714,0.16047782353692136,0.16231343925184522,0.16999728930428062
835.jpg,0,0.25615275876064386,35,0.38029653982194545,0.3077300586033339,0.2646646271412797,0.26564138162900386,0.27376099342541615,0.29231248658864356,0.29662346066199735,0.30228327315354164,0.30761661785672234,0.31338503005697843,0.31404664247790093
836.jpg,9,0.8243876977970725,38,0.6622424432953228,0.6844889856360925,0.7889339369954421,0.7916068805706269,0.7931476623343228,0.773003739511833,0.7723865543426423,0.7720264746073722,0.7698081190251196,0.7656087964708695,0.7563282825846132
837.jpg,2,0.768701864613427,36,0.5349031222567904,0.5717967160510826,0.6865401927318615,0.6819829338143035,0.6860518726279388,0.6683915453836349,0.6672136646566871,0.669608951069919,0.6863585508547375,0.6845283053450091,0.684527407342868
838.jpg,2,0.43737048083959623,43,0.4639850783842825,0.4650403166006965,0.3490122786292119,0.3480873395977425,0.35019443504458614,0.32607035827668573,0.3254340827434145,0.3266662436768387,0.31490750912940224,0.3137906364101797,0.31008648582080706
839.jpg,6,0.7601760162247552,36,0.5184607626899764,0.5243285448324714,0.6160418975846572,0.6182535181129372,0.6175499220623981,0.6155840551099198,0.6152903634484037,0.6128961920657209,0.6257763199388595,0.629956259161583,0.6295734442178775
840.jpg,7,0.4966128143040757,38,0.526461533274296,0.5332335225622868,0.5094119164909607,0.5008295581942884,0.5028656282105672,0.45751651009729205,0.45839007451030805,0.43975118487323284,0.46362145271535915,0.4663330448240977,0.45852590656393427
841.jpg,7,0.5813486713009912,37,0.4870820414744454,0.47466851209581773,0.5848516529452166,0.5865118908213675,0.5870981481529742,0.5993826722482537,0.6034359003262804,0.5956811984960392,0.5828145158578057,0.5859888106313584,0.5830435483786762
842.jpg,7,0.5483734037194933,35,0.5964902206847238,0.6267241617233461,0.48149942277780966,0.48194464653191155,0.4808072926695078,0.48626413323008943,0.4869324560703596,0.47961918585142227,0.48314054452957583,0.47919447577842644,0.48270056689219615
843.jpg,5,0.6987814146738786,39,0.6975905459856078,0.68933366150909,0.7275071098305497,0.725999189308836,0.726496195559303,0.7278515567295853,0.7299836198282736,0.7323305973973799,0.7076807505860783,0.6996455200295448,0.7041335635493586
844.jpg,8,0.3334833490097839,33,0.6324925355261701,0.6764893170884495,0.27269371256869096,0.27534001316068196,0.2700153166521634,0.24090247554085797,0.24024608329391045,0.24177006938929224,0.29852822362649045,0.2986377619176847,0.295908632061564
845.jpg,8,0.26980197988450527,32,0.6023945291445706,0.623607839553141,0.09535090455653694,0.09756469929397477,0.09033527308256073,0.1265218592816626,0.12442909993850537,0.12541828815685707,0.07886821653302994,0.08242144612295116,0.09024986888457281
846.jpg,6,0.7155586983476366,35,0.628803679212389,0.6514081826491657,0.7472390904126409,0.7451831199630664,0.7448969711398753,0.7205699372100897,0.7196237358467987,0.7229000294961374,0.7333868729344297,0.7314851042760706,0.7357686687834639
847.jpg,0,0.7654015409449736,36,0.5351142455746547,0.5689440561681921,0.6647941495062563,0.6624036798595723,0.6656551350637975,0.6720395970806989,0.6734251570638022,0.6771167703303083,0.6487531188160109,0.6513713298118338,0.6536257820197217
848.jpg,9,0.766760960647038,35,0.7360199476483507,0.6989351650749057,0.7790029816498025,0.7765951286987449,0.7748054961079371,0.7345921061079902,0.7371644459339003,0.7343895214256493,0.7678222256972853,0.7683178005521965,0.7644915693465937
849.jpg,8,0.5347949032272611,35,0.3915970420543885,0.2922843844116788,0.570278899687193,0.574358216248951,0.5753630206790934,0.5897169459734143,0.5862360808598853,0.5842817719327917,0.5825695354423304,0.5810440532298695,0.5800030824941307
850.jpg,6,0.25049505076770273,35,0.3833558186699859,0.3009976694419241,0.20648313983018562,0.2056993460713783,0.20870871776730537,0.2026461455967037,0.20115811538462264,0.19813021319910296,0.20872238967077103,0.210875436887503,0.20944396956240943
851.jpg,8,0.5621905997395515,32,0.504976498345219,0.5082229014711247,0.5349715484009108,0.5425744375275159,0.5413567578115765,0.5433469796629374,0.5448936875147952,0.5462103587309385,0.5152230099834411,0.5171538607612521,0.5164326547279213
852.jpg,5,0.2654015400265861,36,0.38713560809229175,0.2997320309834363,0.23409094380377665,0.23262080138587515,0.23287866602478857,0.23090346646879084,0.23225163128418785,0.22772027739550904,0.23581253621000114,0.2285111570177097,0.23456852601759745
853.jpg,4,0.7120462076531516,36,0.552421264448756,0.6107558985132536,0.6490161326134434,0.6474959597269944,0.6481315039584153,0.6465498180976136,0.6405085805274612,0.636289126428029,0.6448426610232448,0.6425561509150577,0.6449924434450028
854.jpg,8,0.7699475814314449,34,0.60391605829318,0.623607839553141,0.7421771523346493,0.7424185217532374,0.7446221670308226,0.7473676084232075,0.7496616470808376,0.7492551604565469,0.7518621722356791,0.7534601978479247,0.7538925046262304
855.jpg,2,0.7532569044514706,38,0.6121665855989806,0.6207370900597142,0.7212357741865396,0.7213679705638802,0.721661774308773,0.7313439593365803,0.7305752787855491,0.7302525601575405,0.7445030657769764,0.7444920255386343,0.7439748819126473
856.jpg,5,0.8325082461039225,36,0.6321868465185936,0.6541632690150905,0.7722729707720263,0.7744509311311276,0.7738960712679186,0.7741518230242094,0.7769741124869503,0.7779923076567135,0.774339082916532,0.7745936986977005,0.7693101928693911
857.jpg,6,0.5215346509590745,40,0.48716924236338,0.49455131021060894,0.4362552997087573,0.43781604665546614,0.43879568396646773,0.4500910790266369,0.44847743485282243,0.44888907056095173,0.39242829378217237,0.38952936154918216,0.38881278236117434
858.jpg,0,0.3488796252365175,38,0.6012377503766196,0.6217847039539695,0.31213630090050626,0.31287173180153427,0.31843459558326015,0.3223364089028093,0.3189941894115323,0.325332183761544,0.3190853555504936,0.3247183455444044,0.32994853787698336
859.jpg,3,0.7209484090930537,38,0.7208024456760205,0.6990744417130732,0.6782043840098295,0.6785524026336971,0.6778364505675845,0.6686479622683487,0.6686119019954838,0.6687877765630145,0.6929617220265609,0.6918430677286308,0.6942951702812749
860.jpg,8,0.6145685970783233,35,0.6501880710821857,0.6864042550519871,0.5835287829164821,0.5891135887453485,0.5853226568959744,0.6098923692400002,0.6119977908477194,0.6097080347794112,0.5934017215353126,0.5954990131277306,0.5933711868431757
861.jpg,5,0.3003746341989451,37,0.46104048609551695,0.4467652254526486,0.32442749441462687,0.3274272065118079,0.33753456397425113,0.3377493097011705,0.34003647459538894,0.3393506530470354,0.3073520849924961,0.30062412787064335,0.30455226916615
862.jpg,2,0.3527879087916134,38,0.4636603874724883,0.4650403166006965,0.3321201781681824,0.33122215556687906,0.3306218668996359,0.33192639110523664,0.33099869033687296,0.33100955723748887,0.31061380526642396,0.3107853134439611,0.3123400377535269
863.jpg,4,0.2813295624085835,35,0.40314564589265545,0.3383172649725063,0.3216579409756756,0.3235271683509561,0.32105144905001887,0.3302034106212993,0.3315517879668628,0.33475239707780957,0.33614021770231306,0.3404834892954831,0.3415161965831
864.jpg,8,0.7462871316820383,32,0.5766353242665649,0.6071927342815009,0.6824252315687361,0.6800777257454611,0.6714895719813452,0.656099258942479,0.6510742691356189,0.6461734222813158,0.6718696521619145,0.67057121068582,0.6714525050339702
865.jpg,1,0.7376237598861136,41,0.6636259637938826,0.6825222536439789,0.7362812411046783,0.7365349938106929,0.7360546561041484,0.7366910948662504,0.7366056021894811,0.7324380275215295,0.762917867949425,0.7605512774309829,0.7596903277455735
866.jpg,0,0.6370906333128611,39,0.5615802104170814,0.6110726030022068,0.643968288154182,0.6466034573885487,0.6402783878487686,0.6459128435166253,0.6451454880909279,0.6358327626315331,0.6539333109083609,0.6529100297763906,0.6475322975111921
867.jpg,7,0.7417925933473989,38,0.6256797950137069,0.6475436906377631,0.7321123128123148,0.7340542945620381,0.7339937529263332,0.7154405357168808,0.7145885486195737,0.7108065493805353,0.7034819779609414,0.7151695003880727,0.7073596744689573
868.jpg,3,0.5088306025073335,37,0.5516707455849091,0.6113875065814512,0.4817602366486933,0.482777674330466,0.48014336935176766,0.4799556210076283,0.47884012434998635,0.48482759418594956,0.513289913137774,0.5143331062683392,0.5038219261437697
869.jpg,1,0.5285028435967185,33,0.5517510821424876,0.6137516482320498,0.47179797954511704,0.4738636640012072,0.4751517699279646,0.4638561844935377,0.4643964692431075,0.465170878126241,0.49692465531269436,0.4985534228117132,0.5035830978963554
870.jpg,9,0.4673267312347889,40,0.49213336342834385,0.5109932613807457,0.3715350592580603,0.37096101277219207,0.37689346695136366,0.402726825189233,0.40124276279299237,0.4053756235616761,0.38157070015434885,0.37984582790005716,0.38298468425729854
871.jpg,0,0.7840020844810888,38,0.8242516727132345,0.7016233416223848,0.7498573397550876,0.7478680070261843,0.7425121606516203,0.7688417004231464,0.769452193782661,0.7788853388687895,0.7665708248277204,0.7668537839977716,0.7729720253275867
872.jpg,2,0.2943640512127716,39,0.27369155410969104,0.26387134121512484,0.3257850690130347,0.31753481957580343,0.3193419065315231,0.30035231042236993,0.2996710723745798,0.30434094386044847,0.30530276268361983,0.3052086126938186,0.3058665883820433
873.jpg,1,0.29885357249479155,38,0.5096569491345428,0.5064654782754869,0.34680424525936604,0.34464185423699706,0.34163746258418726,0.35079419010145785,0.3472948958618051,0.3470874066124551,0.32643082770394016,0.3295741485587682,0.3251800096748317
874.jpg,9,0.7076457606421577,36,0.527940571549419,0.5299100500684013,0.7417097832306095,0.7429185811669151,0.744237012610097,0.7409750739022851,0.743819963081176,0.7514462001117486,0.7508201659917935,0.7529960469885519,0.752301481020422
875.jpg,2,0.5291529082589679,36,0.37870109584766254,0.2921573418062544,0.5188250428483545,0.5150563430672627,0.518500887923733,0.5169105584409316,0.5153415674204662,0.5067990691912176,0.5322482734684444,0.5335322467305488,0.5337521810649318
876.jpg,1,0.831373754888773,32,0.8318245338261339,0.7128853061898236,0.8778306165457337,0.8789078997095519,0.8820499655670375,0.8742411890225483,0.8727771414784764,0.8770651128409719,0.8682179958525775,0.8670390182303582,0.8649903830915906
877.jpg,0,0.4646039571613073,40,0.5470109991375308,0.6110726030022068,0.37306112740832886,0.3741238187772226,0.3689069513766939,0.36298758064658243,0.3640294856308697,0.3538902841127528,0.369092451689783,0.36897282489134814,0.36238160885645276
878.jpg,0,0.7122366107427157,39,0.5591120515479169,0.6110726030022068,0.6293958049363223,0.6344901928003784,0.635993524538738,0.6179870266938422,0.6187070329443718,0.6164155019787092,0.6344532167174274,0.6383453599405211,0.6383351384762526
879.jpg,2,0.7319660510335649,35,0.5443836777320099,0.6093735033361544,0.7584761822303442,0.760345893892083,0.7592524347554238,0.7662168588651556,0.7655673101140352,0.7622066883305568,0.7670806743960681,0.7656168659544991,0.7754122990457969
880.jpg,3,0.6692827772803422,41,0.5123111415465116,0.5082321906261352,0.698530656999395,0.7009763375547025,0.7029409388341746,0.7195760664157668,0.7196215732209182,0.7208965416502097,0.683053976454777,0.6833150715846051,0.6875917500684603
881.jpg,3,0.346661592905338,39,0.3180447761788431,0.27708345227184744,0.28728626644430166,0.28342733692570976,0.28409844444801435,0.2958533202070379,0.29739483181124887,0.29551289848702755,0.3043194662678805,0.3041566993159269,0.30498726566059153
882.jpg,3,0.6294554464519024,40,0.8079148823570995,0.707528610214322,0.6537270145918371,0.6568068266424141,0.6561340178090269,0.6576983661848423,0.6545550093043971,0.6518917687568642,0.6582813550985817,0.6617186466823254,0.6592752489434349
883.jpg,3,0.5584158387035132,40,0.49626377147545214,0.5082321906261352,0.4991553148064665,0.5021226116229661,0.5008089842766938,0.5012434461456271,0.5030153097534237,0.5035748462442788,0.48936626714412246,0.4903920983287818,0.4949993542792238
884.jpg,8,0.34506288311771444,37,0.3848996427838224,0.2922843844116788,0.416463897808535,0.41674020009995916,0.4187596045030313,0.38291969888014377,0.3808811283274012,0.38069495946045967,0.40093622343218543,0.3962033622281852,0.40234665685798043
885.jpg,8,0.5743988611868449,35,0.6028070861785866,0.623607839553141,0.5457699205713469,0.538615027530457,0.5338805778070103,0.5298236005582465,0.5291493706024942,0.525853513245031,0.5533858510352582,0.5525797251138918,0.5593040782877367
886.jpg,7,0.5421499260834285,35,0.46549998907821616,0.45086590400151316,0.41171166753806343,0.41586722370707296,0.4146107012639926,0.4258217471740542,0.42718568571075777,0.4270271635551032,0.40648803758767493,0.40645419875419914,0.40548076426255714
887.jpg,9,0.5997524797916413,40,0.5245334985072141,0.5299100500684013,0.55146154559141,0.5506560410609252,0.5491076663228885,0.5307605521829227,0.5327013017126087,0.5287033371732959,0.5697731344007964,0.5696613194638146,0.5705641161268653
888.jpg,4,0.4111449592746794,39,0.5406193922888453,0.5917656741814163,0.3284475204506532,0.3291856191277662,0.3348474580665474,0.2716968618486777,0.2745388234372099,0.2862908290018542,0.3282536100308453,0.3273178154075432,0.32271019913731025
889.jpg,2,0.6365294409425635,38,0.5576748979608641,0.6093735033361544,0.655910560433344,0.6573988645362077,0.6577350787510634,0.6626201256175307,0.6612520560402582,0.661326573988953,0.6494886937924107,0.6495231405391583,0.6496069160143971
890.jpg,2,0.6736687164048891,37,0.7758118031174823,0.7061994332396303,0.7257298151855794,0.7234837380896468,0.7232136696577592,0.7161575317255255,0.7148786704190027,0.7172255848973785,0.7117999057410986,0.7107419072645282,0.7044690105680133
891.jpg,8,0.7766776664389504,36,0.6137907169427138,0.623607839553141,0.7820341542604239,0.7849262065555069,0.7786000569565743,0.76979729502972,0.7692281874924851,0.765506636353217,0.7827661199574127,0.7818298252418068,0.7804261177620628
892.jpg,1,0.3436151300437557,39,0.4369551655766872,0.42485262559865417,0.40908514742031193,0.4144953296837728,0.41679586656030726,0.41940590263692856,0.42099325588978936,0.4220894259510427,0.4003644074602615,0.4002175966141174,0.39992315886716207
893.jpg,9,0.3749999986961484,40,0.4591098079403723,0.4466463808231352,0.45591685280175376,0.4641294788371987,0.4659008185985373,0.44457104029365624,0.44971071786798844,0.45104493818731745,0.4579538047286533,0.45503794379399165,0.45403318077396876
894.jpg,9,0.6196605320487704,35,0.617740142906466,0.621339197716895,0.5896471776231815,0.5869694454587839,0.5817434477315131,0.6010410936862904,0.5963030234668069,0.5896343679721711,0.615099759242071,0.615770845688429,0.6232233835679477
895.jpg,3,0.3690869059258451,36,0.5178115505797551,0.5082321906261352,0.49039160032178325,0.49141948655416345,0.49188520819096754,0.46609793917610387,0.46838247433043556,0.4697666707498226,0.47555343647841664,0.4739090837801071,0.4701412825089855
896.jpg,8,0.7817974044726446,39,0.7403341339094992,0.7058198975538993,0.7644735164111078,0.7609612800298673,0.7644249894497044,0.7797752643323541,0.7789048241280501,0.7818102784663364,0.7865511823794435,0.7859617708736611,0.7938173188498947
897.jpg,5,0.30148514901520684,40,0.23550023518205565,0.20519228123185249,0.2495288097706388,0.2397854833746796,0.2451423769213194,0.23841535664014774,0.23778250494509434,0.2375985525640582,0.23797935019898117,0.23688080152674662,0.23452808575524597
898.jpg,6,0.7642149908202035,35,0.6077703984291507,0.6199759164462515,0.7139646285481472,0.7135254700991057,0.714232726026759,0.7021147637577135,0.7018951166624383,0.7019308435341071,0.7213030400192681,0.7219207482687084,0.7276587614097056
899.jpg,1,0.27708628002021995,35,0.34808065085883544,0.2929024385996826,0.2543914466486991,0.24989953462381265,0.250394455359187,0.23433162296044885,0.23142955074357008,0.22836352013252414,0.24893524479546078,0.2447779713853857,0.23997011864798282
900.jpg,5,0.5234794848731585,35,0.5221326315689381,0.5438911000871274,0.4624582045402216,0.46577592632910525,0.460982420671649,0.4566074669934801,0.4564900062965094,0.46496715657900245,0.4406301587423442,0.4405059478227621,0.43978755195595043
901.jpg,8,0.2943422948808542,35,0.31611411054118765,0.2763620076485371,0.38749264644320197,0.3811080216088048,0.38624634078814674,0.36587025885267094,0.3657218763499116,0.3661178870662818,0.35760054461097807,0.3562151731253369,0.3486487473652759
902.jpg,5,0.8341584073172675,36,0.575655505547269,0.6134488435143731,0.7637803078184617,0.7634000349252295,0.7676027196738133,0.7826354343290103,0.7796502266159916,0.7783729799393088,0.7521024602048154,0.752699559588832,0.7552265971666743
903.jpg,9,0.5159515889568461,36,0.6896811150409754,0.6844889856360925,0.5367424290368344,0.5399810784396221,0.5363107879956015,0.543258087185426,0.5431506978331924,0.5495527461037061,0.5451892579166064,0.546888013965974,0.5441300554222617
904.jpg,9,0.4879987962318189,33,0.42372857011857334,0.35575693524954777,0.4950900954224127,0.4984647728393248,0.5013269552283729,0.49276070224326507,0.4929807189301484,0.4977151627431028,0.496892403258719,0.49787412863531305,0.5021769297865528
905.jpg,9,0.5622347933905465,35,0.6935524666581283,0.6844889856360925,0.5219865346898472,0.5219052040380121,0.5218349097976506,0.5183925867458394,0.5172368168384505,0.5168495180417577,0.5372612297851408,0.5379186065306893,0.5437583209422518
906.jpg,2,0.6779266175101785,34,0.6344074889178416,0.6720587125420237,0.6449403725224103,0.6481122551711104,0.6458355295756346,0.6502810196644809,0.6515920489980139,0.6531475362389246,0.642204778455637,0.6433842418633164,0.6393818491349783
907.jpg,0,0.7565770821911948,35,0.5923093187623231,0.6110726030022068,0.7504669922185608,0.746870282362186,0.7502076244192242,0.7560636436154111,0.7541467270026312,0.761707786498677,0.7410412485086411,0.7422269984216913,0.7394027607866556
908.jpg,0,0.4633080917684471,34,0.5408726962918247,0.5689440561681921,0.46847064172631486,0.4693944089460786,0.4576989347603918,0.4855557683116686,0.48581109142071455,0.4831803738732251,0.47692647467232996,0.47763918398202476,0.4773959021095411
909.jpg,6,0.7539603911340237,40,0.6977348406378644,0.6875791658047509,0.725304092837225,0.7239558514799921,0.7194578290133148,0.7183366322150448,0.7176995489032105,0.7128715870062728,0.7155117858301956,0.7156409848124763,0.713304983718249
910.jpg,5,0.8439137988230762,34,0.6860481056385543,0.68933366150909,0.7762055163434443,0.7760213912170177,0.7806311924484248,0.7829898274357814,0.7830313324856273,0.7834759913996181,0.7818011055785838,0.7844150633292906,0.7833445167650069
911.jpg,6,0.7067133551690636,41,0.636202789805812,0.671796353521072,0.6320973079314102,0.6382329111794045,0.6355991208564069,0.6297105985331077,0.6304304881023741,0.6287830787298144,0.6418482671437612,0.6435954568153737,0.6524892925143306
912.jpg,7,0.6808386760599473,34,0.6388998608984,0.663799304209308,0.7201742478231584,0.7234930694659703,0.720909053131602,0.7136768253134471,0.7174613107408236,0.7168980526941918,0.734651844427658,0.7315477749868493,0.7302608126711766
913.jpg,3,0.5866336557600234,36,0.7027425075641228,0.6990744417130732,0.7623623419334431,0.7631701963824704,0.7623574443170216,0.7461352957297066,0.7461317104311773,0.7463421319266452,0.757917932698317,0.7594252406820052,0.7591906612939413
914.jpg,3,0.6386138583357269,37,0.652015368179707,0.683372863568541,0.6889691904765965,0.6853533225781433,0.6834795927304304,0.6968836893906315,0.698638716591349,0.7070457021118414,0.6611025677047859,0.6602860826651191,0.6636378725015344
915.jpg,0,0.4626591211983136,35,0.4435459768457064,0.4209304574392233,0.5640895350655243,0.5612165030072018,0.5627190894466438,0.5377973138648054,0.5355989297530075,0.5496453864540576,0.5213771148134803,0.5211228414711455,0.5218199210029969
916.jpg,4,0.42161715899904567,36,0.5312143942271814,0.5594202533035253,0.42912005771142636,0.4315401379822754,0.42784798001328106,0.41956170534715154,0.42149658237096715,0.42852936615818327,0.42732369877388,0.42656810743962326,0.419803843540765
917.jpg,6,0.6963696380456289,36,0.4879360727503152,0.49455131021060894,0.5895363409848225,0.6006034126552342,0.5970347325273526,0.6009425296805289,0.6017953679065455,0.6058289650748959,0.6013271884720628,0.6028910468147219,0.5955963964119447
918.jpg,9,0.44408852423486467,34,0.5477731302364903,0.6144281379742957,0.5541643199165769,0.5474162549674432,0.5384894695468857,0.5087248412579315,0.5143623296334775,0.5139565671576849,0.540246566346004,0.542648157969589,0.5407489875564748
919.jpg,3,0.7241224104707892,33,0.7598076380481407,0.707528610214322,0.7603837943287157,0.7569249378274434,0.7586578926918706,0.7689250756189703,0.7701029519960622,0.7719231526243647,0.7690079377302135,0.7657724883558636,0.770488698359366
920.jpg,2,0.6086280064923423,35,0.6571464312701463,0.6880349718140343,0.6027613018345158,0.6027275236669848,0.6033259150177245,0.6156113287759625,0.6145864304202452,0.615608359025113,0.5924369812366492,0.5956960361319174,0.5940486196427659
921.jpg,4,0.6740489805999555,38,0.5865232648654741,0.6133925127562337,0.7095656063428205,0.708585501026111,0.7084231023769733,0.6946797396121879,0.6947156005840515,0.6928341735864857,0.7075684517296974,0.7042851288141729,0.703368803983303
922.jpg,9,0.5469589795385088,35,0.6236055436751374,0.6547340822064509,0.5514460239120671,0.5493223542039375,0.5458854644919979,0.5152417844483905,0.5171056393971698,0.5073725318228705,0.5308254099641729,0.5310991431474226,0.5273994604227737
923.jpg,5,0.34236581567184704,38,0.6675078051626009,0.68933366150909,0.42590673691052766,0.421610387995086,0.4332947492647783,0.39472671435804585,0.3923609662726152,0.39129154703351593,0.37714960991755675,0.37835463252310436,0.3738308239589176
924.jpg,8,0.3952145224644078,36,0.5889504618499822,0.621492362239284,0.5300757373372675,0.531080422772084,0.5306228871356473,0.5112473635708148,0.5110425681217547,0.5102818499678351,0.5007357640655766,0.5045162923093154,0.5048523635210661
925.jpg,2,0.7315084417076672,34,0.5198616548445807,0.5290720734825868,0.7190179353815673,0.7201973305141913,0.7217549495553148,0.7254989664581573,0.7276950653063962,0.7244676319187442,0.7007850623454339,0.700592932888095,0.7028851329918113
926.jpg,7,0.7438472373144968,35,0.6333437530796752,0.663799304209308,0.7480590960559358,0.7482749834206521,0.7500515075806603,0.7668328976912339,0.7630746840637361,0.7668264967857122,0.7646883217279543,0.764196659238404,0.7650087865686059
927.jpg,0,0.5213652927624551,38,0.4741227043563731,0.45588041265696166,0.5323657033904244,0.5396133116519026,0.5353570386448409,0.5520869865679929,0.5548453921257561,0.5559895658924339,0.54212609049241,0.5420503891976296,0.5371144871849853
928.jpg,7,0.28556539995693847,38,0.4873541934199812,0.47466851209581773,0.32225222049729957,0.330656253392155,0.32851616048478827,0.3142576551870297,0.3183217547265929,0.3243465205968696,0.3111605897140072,0.3195109471975,0.30931498948075287
929.jpg,6,0.6944444411330752,36,0.7264448221449331,0.7010071518788807,0.7308708460894635,0.7244180685189818,0.7263648341350822,0.7279572543848254,0.726498922849302,0.7261904664060702,0.7099093427778682,0.7097922204595309,0.7117427418076585
930.jpg,5,0.31128112806684594,33,0.318732938774104,0.28178723940562805,0.3863231165594687,0.3860830053022991,0.3820690324809134,0.3876264717395265,0.38947800400248855,0.3888854363534048,0.38235597239451924,0.37566274575129355,0.38389344489479305
931.jpg,5,0.6056997526336361,37,0.4920257027128576,0.5069053071413782,0.6601265978844887,0.6673309246973781,0.6622648580470394,0.6536103328706455,0.6559555971897214,0.658572269985571,0.6646507500441258,0.6670396374651903,0.6661819819619506
932.jpg,3,0.6304600997006192,34,0.5144248557255592,0.5082321906261352,0.6828134566617013,0.6799880991130622,0.6785598371873743,0.6881993120402686,0.689470002241811,0.6920661041267608,0.667729146207821,0.6695830125372164,0.6735467420291648
933.jpg,7,0.821490969728021,34,0.7222775619090448,0.684738586280588,0.754321852318271,0.7541328255277456,0.7518415466427478,0.7574671027860502,0.7557053579806337,0.7534782218602809,0.7415314116891185,0.7403605989376496,0.7382500879763527
934.jpg,0,0.614002828512873,35,0.68647427033031,0.6817370741371862,0.7095270085529888,0.7101045290655066,0.7089031418480627,0.742537074517322,0.745464525209822,0.737774100419224,0.7150134143691707,0.7106636286587523,0.7074501386221086
935.jpg,8,0.8124312394195132,36,0.5789036876871059,0.6071927342815009,0.7815919939009027,0.7787543293410896,0.780570539737029,0.8076883027878887,0.8087729489082782,0.8112204760769406,0.7917067774984492,0.7922885794807024,0.7946241914693879
936.jpg,0,0.435039840820359,41,0.5830556907054238,0.6110726030022068,0.561943051253411,0.5696950198795951,0.5817915470313763,0.5348310924329958,0.5339650195880936,0.5356009112309057,0.5419300951642315,0.5425680840739474,0.5518173197924259
937.jpg,9,0.7568905546858504,37,0.5894277667346942,0.6182401308167138,0.7134560489308639,0.7149702733911778,0.7170268024616795,0.7232191337905538,0.7190460452555257,0.7171105396455852,0.7265204921235247,0.7281990476696872,0.7323920239068216
938.jpg,6,0.6014851455887159,36,0.5124459970404911,0.49455131021060894,0.58393136688622,0.5834957754670067,0.5819120046958689,0.5766065729726471,0.5758788235785789,0.578409469036569,0.5722855333071263,0.5708431904704152,0.5658168395556296
939.jpg,7,0.7566006614102257,36,0.5609429291396338,0.6110795464047756,0.7155900370498504,0.712324394102206,0.7146462195399126,0.7339496999763954,0.7328669295976433,0.7233086727883553,0.7362933774095735,0.7305747645094922,0.7388594376276263
940.jpg,2,0.6289878922204176,36,0.5630821717670083,0.6093735033361544,0.6370799756983668,0.6395544978762541,0.6377120127577315,0.6487504872675708,0.6520995621397451,0.6514737339015205,0.6427314363427878,0.6394924245441337,0.6338425801674406
941.jpg,5,0.23534921068396117,37,0.5896227343796079,0.6240476208925774,0.19487566428340075,0.19357680435436897,0.18957817534486937,0.21106905724721758,0.21237523756188453,0.21167617606238565,0.21843224248380655,0.22078301805622863,0.22352985265662492
942.jpg,6,0.3517457010886191,38,0.4656359535925768,0.46087073365564113,0.42005276788164214,0.4260657922625936,0.4232454489582863,0.44235171684218655,0.44072630944268765,0.44100869043281565,0.41292302404324177,0.4127047273735413,0.4185815617378408
943.jpg,6,0.5228272823409902,36,0.48880267752575984,0.49455131021060894,0.6073136725153597,0.6077533701719157,0.610669113472037,0.591794406011058,0.5922655218129556,0.5918841859913035,0.6159579756979577,0.613917564990535,0.6150251823350763
944.jpg,1,0.7118290741192667,38,0.670045188615783,0.6825222536439789,0.6521242609306972,0.6493887471263514,0.656161346444587,0.6462651427411875,0.6468157094553221,0.6433727228134631,0.6575953935045536,0.6588724962495609,0.6589418221780933
945.jpg,3,0.6790429022577074,36,0.4508447534114823,0.4301330067397583,0.5923678583291465,0.5907916795683092,0.5918348261261538,0.6089271682156328,0.6072909789952458,0.605956478264749,0.6146742786058264,0.6135848878064001,0.6131977890906631
946.jpg,2,0.4385630864745531,39,0.4730481812441539,0.4650403166006965,0.5579763383932999,0.5506220578584979,0.5539467573154954,0.5354160429845061,0.534895421750505,0.5415174201476385,0.5280775695516187,0.5274522723334738,0.5167425642523323
947.jpg,1,0.2399687321709567,38,0.29232892922143616,0.26987843397717043,0.251772353778335,0.25144501233598754,0.2543143902208579,0.2611672452300865,0.2579131863331521,0.25338573161645883,0.24782586703372822,0.2442763225616348,0.24861960325945434
948.jpg,4,0.6886688694357872,36,0.8305230390018673,0.7334010799708187,0.730016368881625,0.7313558232702182,0.7257367873550133,0.7281286455743813,0.7294932792249846,0.7255096732004825,0.7504824639982007,0.7514545248266422,0.75137072990535
949.jpg,5,0.8751060741288321,35,0.6040672935169796,0.6240476208925774,0.7543770111872599,0.7554700720852345,0.7581790517317575,0.7518130277018732,0.7514552689511693,0.7562772603630296,0.7425747543344681,0.746973940082265,0.7439149098386493
950.jpg,4,0.7613861426711083,40,0.5567597565042033,0.6107558985132536,0.6977535246751424,0.7007290972975668,0.7002738534933078,0.7021878543683376,0.7032659156431728,0.7059532744005107,0.6917131459325254,0.6937571744752169,0.6931913621951843
951.jpg,2,0.4974540276186807,35,0.6279238001202689,0.6720587125420237,0.5945910966826738,0.5888800276260776,0.592116397874834,0.601738905398965,0.6061543532308018,0.6079437802085216,0.5942011204554789,0.5973367587281972,0.6006793968100979
952.jpg,6,0.5348034781036954,33,0.4817951567106056,0.49182551464449487,0.5426739903805727,0.5380621871068586,0.536467349671421,0.5570233776483624,0.5566322012860253,0.5557624884091862,0.5613486715413263,0.5625668047974918,0.564198755328818
953.jpg,1,0.44115983034883227,35,0.7413056462029404,0.7128853061898236,0.596360753756674,0.598630419857484,0.5930013557600586,0.6054701421180786,0.6040684504468296,0.6116713019959777,0.5698133207841213,0.5697318861621022,0.5670818293551925
954.jpg,2,0.45519801825284956,40,0.5314861583321178,0.5500186539522405,0.5548656594306681,0.5606465090709882,0.5571802344019909,0.5451908777698969,0.5446680604048815,0.5450644672553949,0.5478785294846391,0.5476282737223621,0.5433391192663217
955.jpg,1,0.7234412681412052,37,0.6218090747274603,0.6193478891006302,0.7135463945679904,0.7137955168817931,0.7211100333673457,0.7032870648875303,0.7036270938600055,0.7043289066330916,0.7368472028265478,0.735292283442441,0.7333347911621915
956.jpg,1,0.6798233863066983,37,0.5896694297666727,0.6137516482320498,0.7361561212930182,0.737244761702847,0.7250540911031955,0.6762364657266329,0.6731971264211205,0.6678782835602649,0.7306984470506285,0.7323076520578715,0.738833579304623
957.jpg,6,0.2657708641407745,35,0.4373140549422005,0.4197048543352793,0.4151224762625152,0.4101321134552335,0.411067731659743,0.4133053342048962,0.4124965043941278,0.41623504163867425,0.42015046543989226,0.4198254824815919,0.4208572726649698
958.jpg,3,0.5932343221373029,36,0.5856836106872831,0.6113875065814512,0.60417889594974,0.6038835972335252,0.6038120922082643,0.6381327274939824,0.6362304310822912,0.6357421248382629,0.607386776484034,0.6065147333759426,0.6127104301489651
959.jpg,5,0.5211047361555853,38,0.5558408073532988,0.6134488435143731,0.6134701522528243,0.6169895596238377,0.6074269463400019,0.5988138039457559,0.6020693124520984,0.5998676974649719,0.6141313421720082,0.6147155989486712,0.6120027330938476
960.jpg,7,0.7113154138837542,35,0.6276953711999369,0.6625099997279872,0.7657439757251524,0.7654707638779981,0.765814007206743,0.7544854407945326,0.7512334021102687,0.7602413473099157,0.7800313665484611,0.7755985583374565,0.7815046786859292
961.jpg,3,0.6237623708115684,36,0.6116934751894141,0.6379961598449211,0.6531599206529254,0.652933424739162,0.6529714559706131,0.6300913945126903,0.629394104281808,0.6289444355895545,0.6185812408832849,0.6187693195825192,0.6130096479624598
962.jpg,1,0.3569567471889681,38,0.4439500342510074,0.42553468495896385,0.41937641580636664,0.4192338812891595,0.4137408512505126,0.39870861124458307,0.3950765635193157,0.3916893425373792,0.40751300498624604,0.40649851318748226,0.40662198909908914
963.jpg,6,0.438453304606515,37,0.5008505831180599,0.49455131021060894,0.47795715927031507,0.48019280175002055,0.4802455404523928,0.49085242014596897,0.4895765295776866,0.4957427053299692,0.4637700929683388,0.4643160722782445,0.46032772574638353
964.jpg,9,0.49938118481077254,32,0.586428987036796,0.6182401308167138,0.5744000664215483,0.574407663962558,0.563264287286058,0.5794511039112761,0.5816580644239284,0.5694880901426602,0.5745404086617208,0.5719467815438136,0.5690317834688328
965.jpg,6,0.7550961024620954,34,0.5432328170196671,0.6068352934455585,0.7524484406233597,0.7551588740351509,0.7497145441674584,0.7597603281198981,0.759311758152129,0.754935951463335,0.7400946024671964,0.7420209244879388,0.7401341466419606
966.jpg,8,0.4086908660829067,36,0.6244733331298882,0.6764893170884495,0.5392091511081659,0.5375354664365275,0.5452707932684268,0.5288466727677508,0.5293871162164409,0.531784568109617,0.5402795015393642,0.5432216477161105,0.5366822767605538
967.jpg,6,0.21177117831798065,36,0.3001884819818472,0.2713065741444931,0.20665275535912014,0.20450550964130632,0.20532991783736926,0.21164156209901624,0.21253090538978353,0.20872956197783993,0.224470381726739,0.2198168617603775,0.2190000569123453
968.jpg,7,0.3961810476811869,35,0.53260732002848,0.5740536908818931,0.35806312427023546,0.3570624295434603,0.3585694010441707,0.34807257194296365,0.34467787692375457,0.34802833368852715,0.3720129318136862,0.3722386098845064,0.37390828271253657
969.jpg,1,0.43979127302363114,37,0.5516407688736042,0.6137516482320498,0.5113918013572635,0.513220827828175,0.5021395770943473,0.5167213238423901,0.5144680689103999,0.5162278238786017,0.5082066021580429,0.509886066839304,0.5067623276425068
970.jpg,0,0.28967086014312665,37,0.3809538257766648,0.3077300586033339,0.4016640491428467,0.3990271327802278,0.40056700919993776,0.39357793591971324,0.3947548037723515,0.3928408757879318,0.4063959769914237,0.3993145606792409,0.3938350870803288
971.jpg,6,0.747264198566738,38,0.7191874208191504,0.6875791658047509,0.7936473644360988,0.7937496348937554,0.7917896819092457,0.762333631795001,0.7632537865861762,0.7633285249911201,0.7875599034006155,0.7860482170690982,0.785411302483427
972.jpg,5,0.2709020921675902,36,0.2865975787108962,0.2610963764153021,0.30428677429361584,0.30281568524025027,0.3116964200498543,0.2795350244439132,0.28509103440952127,0.28589241641190455,0.2749527820406204,0.26930523729208655,0.2748538499148392
973.jpg,9,0.6114496030868628,39,0.46888885699560806,0.4466463808231352,0.6250233336311506,0.6240083852071225,0.6279227993353037,0.6276932042685467,0.6259580150179587,0.6251453587841076,0.653365667897433,0.6539314430351406,0.6595158661155347
974.jpg,0,0.7073550241334098,35,0.5853903391288956,0.6110726030022068,0.6920616424217123,0.6906962402486758,0.694928847106691,0.7055715729613219,0.7070375104205329,0.712031468072372,0.692238722637051,0.6929066055036819,0.696696220352866
975.jpg,9,0.7738468966832975,41,0.6611995029521291,0.6844889856360925,0.7486619616527159,0.7496922438333014,0.7545757475013732,0.7486391433967127,0.7469277973232994,0.747153317890423,0.7606858177334976,0.7578671238343675,0.7582482651250468
976.jpg,3,0.3608509496458479,37,0.3604971409922487,0.29399570706381173,0.28492864114461,0.2849052908600941,0.28382335469949493,0.2867765964389742,0.2866772912321119,0.28577938144392373,0.2606226723747282,0.25868438763384943,0.2664741730095143
977.jpg,6,0.6610366956276053,34,0.5738983271482593,0.6110085033847501,0.696251705062757,0.7009205275595256,0.6987600495090246,0.6558313668144795,0.6565203239712767,0.6521072227095626,0.6940298665567766,0.6903937049849762,0.6879901169839411
978.jpg,5,0.688118810003454,33,0.5964275848867218,0.6240476208925774,0.6777248053303917,0.6817973864013862,0.6744969857706108,0.6632464985424539,0.6646354862658883,0.6618285528890689,0.6907010205744258,0.6855276508683181,0.6905375316904686
979.jpg,3,0.5535668925597117,39,0.5559582513475488,0.6113875065814512,0.540822080151197,0.5376822567901834,0.5365882662047426,0.5518342570125648,0.5559747534412035,0.5562079429410172,0.554707339624144,0.5554259104337425,0.5556052257768818
980.jpg,0,0.18175389150689755,35,0.5749781865234698,0.6110726030022068,0.2792291437223671,0.2755800102205623,0.27646726337338606,0.274041626314112,0.27763766952239854,0.26925604986372853,0.26184769109500244,0.2616919453444395,0.25743856907948687
981.jpg,6,0.3610861089616788,33,0.31476028445734305,0.2713065741444931,0.365752759347584,0.3602806389776576,0.3599368992987171,0.3805957545989306,0.38039749653521854,0.38135683909157775,0.3920900510941656,0.39228562213854007,0.3952968547007582
982.jpg,3,0.6698801431216692,38,0.6395777447087758,0.6731821471332334,0.6715602535683856,0.6711486047733215,0.6717372879960009,0.6693974008297217,0.6684887288379853,0.6662567656559388,0.6930928281260678,0.6928702486250273,0.6887371606335396
983.jpg,3,0.5806930664926767,40,0.44600784703758994,0.4301330067397583,0.5573727265567231,0.5590162437044736,0.5582180144904288,0.589210718667789,0.5894992897688601,0.5884011454774405,0.5915617570443907,0.592052197342369,0.5904269896472552
984.jpg,5,0.6129877707537483,34,0.6259899120165422,0.6541632690150905,0.6049659718413812,0.6072291236617215,0.6048362617381318,0.6009917407578881,0.5997428440950052,0.6014520332473607,0.604970821356013,0.6037057771795603,0.6034528651703615
985.jpg,6,0.5505204330652188,39,0.5817529917937727,0.6110085033847501,0.5385330401899635,0.5394846514388466,0.5348613062029188,0.5018152988765571,0.501820448855406,0.5016560653247231,0.535726892787665,0.5367277367718166,0.5377667028311444
986.jpg,5,0.3891639177583986,36,0.47410489288356,0.4652255077299444,0.4917995297456288,0.48825882680443045,0.49110353929975853,0.47769845602396666,0.4824687712996776,0.47996343373226313,0.4795505559919063,0.48699435662154494,0.4785203827338763
987.jpg,5,0.5234497105212588,38,0.45340948317859436,0.4467652254526486,0.5499165266497904,0.551728144654032,0.5478476280501189,0.5358996044948625,0.5365369595513214,0.5420867954960378,0.5595048553786308,0.5557433031023754,0.5602749152326191
988.jpg,3,0.6581158141295115,33,0.6991642253165827,0.683372863568541,0.6838078501697988,0.6807877361492605,0.680051369030426,0.6788161953366495,0.6782272602930075,0.6756098886122709,0.6245668054011275,0.6264021400936822,0.6319348463116706
989.jpg,0,0.37908790937878867,33,0.5145505570558528,0.5107766046223048,0.49760466843045525,0.5007802862958955,0.49572263753645635,0.48671608805993444,0.48505047083775954,0.48399759105592977,0.49636397903903384,0.4939620739215115,0.48970651891330996
990.jpg,4,0.7085208531581995,33,0.7737768455513095,0.7050249411790184,0.7234100828414329,0.7247912570746442,0.7172649703196341,0.7385965360776646,0.7369744911852447,0.7314332436815235,0.7112367790918984,0.710295009614957,0.7109340465663766
991.jpg,2,0.7139134924662741,38,0.4368352895836973,0.4102223882171752,0.6870169189844182,0.6864479423516918,0.687919600602171,0.7076343762598636,0.7078545165007634,0.7051145377238659,0.6904883860170735,0.6889524549501989,0.688723672405122
992.jpg,9,0.6499292748314994,35,0.6815244066886124,0.6844889856360925,0.6565784293696967,0.6578491653438442,0.6551867554019765,0.6491321147840406,0.651820341436679,0.6442961604404793,0.6630032884124428,0.6640707983057628,0.6619472204308849
993.jpg,0,0.6837183725502756,36,0.7380269016941181,0.6982169110948755,0.7326028015427959,0.7245071134786687,0.7227498503907963,0.7297672230622986,0.728384730558153,0.7327109684644332,0.7228842596619571,0.7222010895030753,0.724427565528903
994.jpg,5,0.4171917213155239,33,0.6049434543141862,0.6240476208925774,0.3123639832802617,0.3126664664156287,0.3067191009534719,0.3134315387398447,0.3098373302294638,0.3088245318878689,0.34368375126381734,0.3463656315038176,0.3450883003568163
995.jpg,9,0.8184818426767985,36,0.6524441908628222,0.6844889856360925,0.7997940887486487,0.7955621327399486,0.8001859392547661,0.8127441527732691,0.8083333574970041,0.816960977422765,0.8029906874783543,0.8013440301103936,0.8033830749660865
996.jpg,6,0.42231530600633377,39,0.5369314222728945,0.5758110428699196,0.3853186609386538,0.384014744909121,0.38031456652895723,0.40057410874563715,0.4000190964424686,0.4010928993669572,0.3968160646861035,0.39557772945236513,0.40238802893451914
997.jpg,8,0.8521541276493588,37,0.8615897381449524,0.7369995895147243,0.8704782631469893,0.8680229623270668,0.8772843664997061,0.8769094443047478,0.8788338482445803,0.8807135415584824,0.8609656078782579,0.8612533929752826,0.8559624322356029
998.jpg,3,0.4385556187480688,34,0.26876034489140754,0.24856624975772804,0.35051680125034357,0.3434985499315536,0.3452705608419513,0.33609576254889045,0.33444344422984545,0.3327796978429133,0.3258684663458994,0.32485072888361366,0.3227612645847481
999.jpg,8,0.7799779921770096,36,0.5457378135649229,0.6071927342815009,0.7317157560812635,0.7297667063662119,0.7337941897997692,0.7503412760043832,0.7524839716640607,0.7561488421530773,0.7403815164663556,0.742289831743592,0.7418531219685622
1000.jpg,3,0.5361094939358094,34,0.5717861713155796,0.6113875065814512,0.5662058563638955,0.5674917652807868,0.5677003519446585,0.5567074189161156,0.5576794199210441,0.5586758975714142,0.5663878945619318,0.5660563903731054,0.5700001180265939
1001.jpg,5,0.7644978727613176,35,0.7230544607057094,0.68933366150909,0.8119353139034886,0.8085337392780556,0.8065209395726989,0.826210824729909,0.8250981617741702,0.8231784003852524,0.8228099575452589,0.8173652522829152,0.82003473195012
1002.jpg,2,0.346039604768157,40,0.44842925506016657,0.4491275089180849,0.4106004906562111,0.4119188352019362,0.4109874614247529,0.38629402312034744,0.3848993458887491,0.3889526125387471,0.40242358468471,0.4026346987733218,0.40063582572388157
1003.jpg,9,0.4162223919844016,39,0.3765515347133046,0.29912494767520204,0.2070665989147944,0.20597654545036365,0.20250346619179166,0.23736208560742178,0.23600051444143905,0.2290962663393603,0.2502750215075775,0.24965936664971877,0.2511916848956238
1004.jpg,4,0.6333721569355797,34,0.7780612017134628,0.7050249411790184,0.6524398293086944,0.6555792453939149,0.6558694923844041,0.6757879235923149,0.6755135215512958,0.6748709497010874,0.6726074207728034,0.6732359153675944,0.6749208805636802
