face,fold,human_mean,rater_count,reference_linear,reference_isotonic,mean_ensemble,best_single,ridge,lasso,evolved_ridge
1.jpg,4,0.021452145328601964,39,0.09847632851256083,0.07712732129712084,0.05559578360842932,0.09847632851256083,0.08028175685248498,0.08539287079965588,0.09353466290640103
2.jpg,1,0.43910890782717615,40,0.2900164042999726,0.2155492250290481,0.24006565399268065,0.2900164042999726,0.2588498688330505,0.24767565378993328,0.2460928479358127
3.jpg,4,0.27557755656363,42,0.06818852046373092,0.07712732129712084,0.06793014748462001,0.06818852046373092,0.147791350924587,0.15327095085626596,0.15244938802871472
4.jpg,1,0.5756537169934466,39,0.40960623978270055,0.4073881743334777,0.37277116796239607,0.40960623978270055,0.37019302153648026,0.3687212143163519,0.37477467824562055
5.jpg,4,0.019421172937235005,39,0.05040487983504649,0.06753602664062695,0.07948163921973739,0.05040487983504649,0.13229881979641384,0.13174496309390785,0.13052736594209988
6.jpg,3,0.013719943471785102,35,-0.030225386713252478,0.05095438897618367,0.005288176118135479,-0.030225386713252478,0.011222823374057278,0.006454654983503172,0.014075099094352506
7.jpg,4,0.032853285020047966,44,-0.06009867190503648,0.0479682002897936,-0.014345888769324189,-0.06009867190503648,0.0691075471244228,0.06273108351368317,0.06627307666842364
8.jpg,1,0.12011464286938701,38,0.07808383382414974,0.07784587610197345,0.09122259441597647,0.07808383382414974,0.09843998519323435,0.10181840846954388,0.09171762535501066
9.jpg,0,0.238827938830631,37,0.015234914248169695,0.0642542435195161,0.07152368253917507,0.015234914248169695,0.18232362990141365,0.18399078290566903,0.2001579372833908
10.jpg,3,0.17871287179877982,40,0.3552160955569789,0.332381243878807,0.29544588698337476,0.3552160955569789,0.3152762244860292,0.31609278569315163,0.32639912998993975
11.jpg,8,0.8965225641320391,41,0.6195483206710848,0.6950127328064066,0.7220708242947776,0.6195483206710848,0.8029126748722385,0.8057616059144059,0.8081156925737367
12.jpg,7,0.00978586218471444,43,0.14960757236235622,0.11212006878716584,0.20157019915743163,0.14960757236235622,0.13359149692062816,0.13608827034493987,0.14248925704586543
13.jpg,6,0.014583890817153293,37,0.032035512786215636,0.06882876479982795,0.024284653156603775,0.032035512786215636,-0.018196538952726993,-0.020473431990649993,-0.016459338156214698
14.jpg,3,0.021287128527183084,40,0.15367350576672767,0.10474807773403103,0.10307176859611222,0.15367350576672767,-0.004475316850588995,-0.004914027444410107,-0.009800507163786332
15.jpg,9,0.9294888729581962,37,0.9277157309154587,0.9689535149731907,0.9350977757363521,0.9277157309154587,0.8835035574644591,0.8821812347631076,0.8870913644879261
16.jpg,7,0.8684210400832327,38,0.6820401201265807,0.7178117905000982,0.760605166064976,0.6820401201265807,0.7035652529893208,0.7021292257858316,0.7057191308053761
17.jpg,1,0.0273733258329551,34,0.3813520274080904,0.32593827667526026,0.31349618607904234,0.3813520274080904,0.25890154630837514,0.2610352665130265,0.2505176213946265
18.jpg,5,0.49639963424962125,33,0.36659011141391784,0.31921079411571773,0.3169900690170933,0.36659011141391784,0.37263690531945326,0.3733841299062074,0.37848239564923897
19.jpg,5,0.013245919165579049,37,0.19112815887471624,0.11421336572053108,0.1968190501804039,0.19112815887471624,0.14410237619359448,0.14411348825090586,0.13801555757961229
20.jpg,7,0.14411441179820234,36,0.27369956844899307,0.22226872457436167,0.2335688625699765,0.27369956844899307,0.22130842868379808,0.21442623012726686,0.22214089446868762
21.jpg,3,0.4478895240830944,38,0.8124354575322339,0.8771483494014056,0.7816222450041745,0.8124354575322339,0.7534479904347378,0.752785472105987,0.7471266868076523
22.jpg,5,0.02399086104467129,39,0.10042646639125619,0.0748146206631991,0.15337227581377644,0.10042646639125619,-0.004655441506900393,-0.0030280996874375576,-0.00723961251313493
23.jpg,3,0.16641279417448318,39,0.3563027935801559,0.332381243878807,0.394774616797913,0.3563027935801559,0.47096993188072933,0.46839766415070705,0.4588772041000152
24.jpg,5,0.017527428531163448,37,0.0637386780660869,0.06676389807433737,0.04768507401401145,0.0637386780660869,0.06283936064367104,0.06597068117787161,0.07899911642054472
25.jpg,6,0.02571842566177976,41,0.042284786377530414,0.06882876479982795,0.06456206155137989,0.042284786377530414,0.07951784847272944,0.07753530682716814,0.0892261278309644
26.jpg,7,0.18069307048572228,40,0.018592929988291207,0.06122002144604816,0.09789678755474396,0.018592929988291207,0.06923552585325216,0.06279712234941356,0.04321614643589422
27.jpg,2,0.41597537522682465,37,0.644976427826818,0.7332256393323093,0.6824518186369477,0.644976427826818,0.6776022473108485,0.6756687336387096,0.6799339989340394
28.jpg,7,0.310865701128466,39,0.44449791592798404,0.44932349642896574,0.361415306726459,0.44449791592798404,0.3477631411161613,0.3533205754384595,0.3586834394414156
29.jpg,7,0.17352787771654365,38,0.32544901156458017,0.30377288785254114,0.1982831395476103,0.32544901156458017,0.13166575252274054,0.13975497367773468,0.13868630018218542
30.jpg,9,0.014576457531398369,36,0.13210133364856624,0.08018106149057136,0.1512465517166201,0.13210133364856624,0.1458687942868467,0.14473974649693094,0.15397532746079803
31.jpg,0,0.08763714181259274,37,0.15784237812186086,0.11115704112137899,0.1312123620238831,0.15784237812186086,0.06233599853320129,0.06307856896034747,0.08749195855243719
32.jpg,6,0.520563594567088,39,0.6905726794075305,0.7880342554233268,0.5970550726213772,0.6905726794075305,0.5756189036408055,0.5753487715402403,0.5743330485809031
33.jpg,8,0.03143564395140856,40,0.1834159749598665,0.11496277872761554,0.16534989829932528,0.1834159749598665,0.20930298744055234,0.21570181659864762,0.22547696516511467
34.jpg,4,0.4765502855328745,38,0.5185451125782521,0.550081537915664,0.4785177240845875,0.5185451125782521,0.402807497581428,0.40073713979198666,0.397551847494816
35.jpg,7,0.023927392774365015,36,0.1294803115815698,0.08113007314930276,0.10073696716872627,0.1294803115815698,0.18394147020948087,0.18213690731151033,0.20264348924997938
36.jpg,8,0.1067106695069621,36,0.2622118488748813,0.180498337904771,0.22347808142315867,0.2622118488748813,0.14785652537741212,0.1501529480179696,0.1444048307020945
37.jpg,2,0.021452145444022283,36,0.1843873062798661,0.1084719442093336,0.1982992646515836,0.1843873062798661,0.16196769965740582,0.16675495954646183,0.16175488605671537
38.jpg,7,0.011551155171428736,39,-0.08119029743264783,0.04664342243045522,-0.026257172016975083,-0.08119029743264783,-0.05325951515347099,-0.05525174823411083,-0.05460756720561588
39.jpg,1,0.052631579314995756,38,0.008645879087264885,0.06305994592479269,-0.004204178310713624,0.008645879087264885,-0.018280157547403975,-0.01662378729379088,-0.018888181994980324
40.jpg,8,0.01799082371020099,41,-0.06382067338116781,0.05191203632213647,-0.06205921894949196,-0.06382067338116781,-0.025192258494528386,-0.029328425679413572,-0.02901303344022138
41.jpg,5,0.031174739331913157,37,0.1765243862056849,0.11421336572053108,0.1608825121188604,0.1765243862056849,0.1106445796812128,0.10554651337817572,0.1134882535761676
42.jpg,5,0.5752996302356845,38,0.3900086585469013,0.31921079411571773,0.29826288623254377,0.3900086585469013,0.39844084363542565,0.3993860413399427,0.3936607999968934
43.jpg,2,0.09988351685323697,34,0.1916727197503183,0.1084719442093336,0.1459613808039948,0.1916727197503183,0.1368589714788753,0.13390386903461055,0.13542340661646898
44.jpg,1,0.945835737621083,34,0.8887902713676861,0.908430081557222,0.9317116777164131,0.8887902713676861,0.9061246510128249,0.9017832977143774,0.894765344647156
45.jpg,0,0.04910355910809862,37,0.30924458488191475,0.24457044628177393,0.23526820230017464,0.30924458488191475,0.2414974074594704,0.23692485472956432,0.2369452315898345
46.jpg,4,0.3109152362250337,41,0.23228015702334504,0.16560985692337699,0.19697516897145373,0.23228015702334504,0.11691234930388603,0.11747066059234734,0.11441778800335997
47.jpg,1,0.05750190415300238,39,0.12862514813682113,0.07784587610197345,0.16571303510792512,0.12862514813682113,0.16358215028767129,0.16165051483894086,0.15063390577027883
48.jpg,0,0.05064737283362028,39,0.29909588630323597,0.24457044628177393,0.4075675109824517,0.29909588630323597,0.5296054987801264,0.52537534895139,0.5098038913928262
49.jpg,4,0.21340647595305298,37,0.3206607600605001,0.23586045066947647,0.2448372440367863,0.3206607600605001,0.2929471165117036,0.2934802084120781,0.2826221907538892
50.jpg,4,0.9142297811286394,43,0.85059065450217,0.88433380789626,0.8843487310506993,0.85059065450217,0.8398295851261004,0.8335898961047408,0.8242469866994785
51.jpg,0,0.7531099183819233,39,0.741096357826573,0.8391970588196634,0.7016063197177503,0.741096357826573,0.7284313927019939,0.7316748757437672,0.7396574039133648
52.jpg,1,0.4629347562694397,39,0.3623056537984733,0.3183281295712096,0.3078260289485373,0.3623056537984733,0.42039559394613824,0.4212184455828343,0.43406144904743715
53.jpg,5,0.5473047300733419,36,0.6787360707753705,0.7518567655468705,0.6537553588628592,0.6787360707753705,0.6017509315245669,0.6072569773652972,0.608184659314676
54.jpg,8,0.012926292735048465,36,0.20368707866309976,0.11563919133129662,0.18278470477134295,0.20368707866309976,0.08619075340100005,0.08549395513545002,0.09105825848705104
55.jpg,8,0.02895289555079106,33,0.2222771043631393,0.1442543180381442,0.19723683027078298,0.2222771043631393,0.12916250151263542,0.1327720889415604,0.12806561706758868
56.jpg,6,0.45615275276026557,35,0.41358756735311747,0.371140686428398,0.32266372611880756,0.41358756735311747,0.45988452187770723,0.46717112587357806,0.4754144994486409
57.jpg,0,0.9393564179539681,40,0.7615990006624267,0.8391970588196634,0.7791602803542363,0.7615990006624267,0.752306709257943,0.7474591948904179,0.7399066565883328
58.jpg,6,0.07146483856754807,39,0.031042508803853175,0.06882876479982795,0.12360755218504282,0.031042508803853175,0.09996465745167907,0.09703661841585351,0.09603812146119528
59.jpg,2,0.014851484990989169,36,0.041628199761486906,0.06765698966719959,0.06809339129907077,0.041628199761486906,0.08462499701370649,0.08433707595026105,0.08109769444753567
60.jpg,2,0.04257425774121657,40,0.11808487256381983,0.07775459452314136,0.13299083586317662,0.11808487256381983,0.15658909741933666,0.1546431960458607,0.15446755424635664
61.jpg,9,0.08603157567464419,37,0.3385316202808508,0.31871418670218293,0.3021623905096447,0.3385316202808508,0.27551167283516925,0.2772760373576863,0.2759692272411849
62.jpg,7,0.01667535172677354,38,0.07187775090350079,0.08113007314930276,0.10714001010983709,0.07187775090350079,0.024364193048668825,0.02239159630751486,0.026537467185138663
63.jpg,5,0.030484627589191262,38,0.17999896785754088,0.11421336572053108,0.11940023440416059,0.17999896785754088,0.05954630749093934,0.06399875478141287,0.07214499496012941
64.jpg,6,0.40443392142491497,46,0.14247390633954637,0.10794385871015534,0.08420897793154059,0.14247390633954637,0.19664863895266446,0.19451479795551307,0.18089311691036575
65.jpg,2,0.031188119621947407,40,0.013551822761006638,0.06656095270574,0.005476518984885326,0.013551822761006638,0.04054665732009671,0.039293912568351186,0.03632897552570019
66.jpg,3,0.15901956105286755,41,0.3086514955472007,0.2573233508331544,0.3001777749019474,0.3086514955472007,0.15969538593974403,0.1554425561278896,0.1498931681022938
67.jpg,5,0.15971860163354953,38,0.43258436943331086,0.4481318275208807,0.3547261727886612,0.43258436943331086,0.2490161504321766,0.254017807208751,0.2580116439682974
68.jpg,6,0.012767066174235783,38,0.22153379210826618,0.1606757800922339,0.20326382185561664,0.22153379210826618,0.008843269454047509,0.012320757690980733,0.009585551415567162
69.jpg,6,0.20216751625962756,37,0.6942320808216583,0.7880342554233268,0.6593778600324077,0.6942320808216583,0.6777828112254505,0.6812024042260942,0.6836709255374664
70.jpg,1,0.01431629663282955,37,-0.014608124316973115,0.06305994592479269,0.03128273116398195,-0.014608124316973115,-0.003070496405821743,-0.005280698588008392,0.0026589760399645113
71.jpg,4,0.5158936946873406,38,0.4801437689050056,0.5492748024563621,0.43929641357127847,0.4801437689050056,0.3404751559901951,0.3342465929495479,0.3403097971936968
72.jpg,8,0.16776677813484436,36,0.2723874291398039,0.20884091566156424,0.19828062083513687,0.2723874291398039,0.16828564101292498,0.16389217758775093,0.169671912056098
73.jpg,7,0.02220650670517768,35,0.09405785365400299,0.08113007314930276,0.15737320997427712,0.09405785365400299,0.12361483963838851,0.12088184067420255,0.12401213900284871
74.jpg,9,0.7082208169229103,33,0.5662801118378871,0.5574517604405905,0.6758655782421178,0.5662801118378871,0.8284891347355648,0.8256260941472329,0.8254680171310118
75.jpg,7,0.24765854939264623,37,0.23183184677026092,0.13343501877625344,0.15277763171396136,0.23183184677026092,0.14346964207496346,0.1501522696716781,0.1422220327579597
76.jpg,3,0.1960946091890542,36,0.48988587407703055,0.5503714508030296,0.408744198069825,0.48988587407703055,0.4637730394229844,0.4683583846161598,0.4765394150111889
77.jpg,8,0.07264563634038665,43,0.2437225286642255,0.15870495689952055,0.17891422203410173,0.2437225286642255,0.08095552223411132,0.08171422093406905,0.08810945096213074
78.jpg,8,0.05750190442762314,39,-0.17593731748197172,0.0447513972648681,-0.21254414574847758,-0.17593731748197172,0.03325050483164427,0.045525719867055,0.030377733469094226
79.jpg,0,0.015594059531576932,40,0.037192585941840495,0.0658319423241506,0.08308552884020959,0.037192585941840495,0.07154090700444407,0.06997946536990582,0.07598085045104197
80.jpg,0,0.017680339659342452,42,0.012263099163949853,0.0642542435195161,0.004303826552884971,0.012263099163949853,0.0889458427190023,0.09284807510753101,0.10007150857368058
81.jpg,6,0.014576457764229013,36,0.17454999042190622,0.10794385871015534,0.17119241828635778,0.17454999042190622,0.15983865152667756,0.15966827548381232,0.16186761781021153
82.jpg,5,0.6569306888035499,40,0.688591704004756,0.7518567655468705,0.6744178684397654,0.688591704004756,0.6879308819994177,0.6892864700771311,0.6898384240158026
83.jpg,0,0.04321648488828057,37,0.14309264079291373,0.11115704112137899,0.1302777430696096,0.14309264079291373,0.15961279793461788,0.1602208350151298,0.16569118886159837
84.jpg,8,0.018238666062978536,38,0.04273329018234073,0.06725229051226211,0.01684770726526541,0.04273329018234073,-0.031557052456735735,-0.03320794969636004,-0.04138898242276523
85.jpg,4,0.595883273139694,38,0.6524463349227211,0.7206210405711609,0.7056581452393494,0.6524463349227211,0.6976789885869294,0.6893862661961553,0.6768612512918761
86.jpg,3,0.5408415857004002,40,0.17481846228378906,0.10474807773403103,0.18146183704083096,0.17481846228378906,0.1972938233667767,0.19704783337788043,0.18968637508547012
87.jpg,9,0.1346788523145593,39,0.10160981388736778,0.08018106149057136,0.227338971287038,0.10160981388736778,0.20996672559018165,0.20248606450314355,0.19885778793208206
88.jpg,8,0.556683165463619,40,0.43835913106322566,0.4324821919498212,0.46093938223062236,0.43835913106322566,0.32353680810041113,0.32670740754123373,0.3196941698213226
89.jpg,4,0.6806180552494797,33,0.5452029652703755,0.550081537915664,0.6291223964802586,0.5452029652703755,0.6426607894292093,0.6405621456224668,0.6415099366064099
90.jpg,5,0.6400698863846415,34,0.5612888035380249,0.5511936436928336,0.6555016102535244,0.5612888035380249,0.7096721587153367,0.7063508959066342,0.7077275884992014
91.jpg,8,0.31616269649837064,37,0.20736853913067155,0.11563919133129662,0.16896587440958905,0.20736853913067155,0.23884586971752164,0.24333480213390418,0.24904661896536948
92.jpg,8,0.13558855870117745,36,0.14720687213268813,0.11496277872761554,0.09075254496519158,0.14720687213268813,0.07123171511474352,0.0729910003444863,0.0652114732493444
93.jpg,2,0.9120334921739041,39,0.7107061121783447,0.7548890319845993,0.7928083449125392,0.7107061121783447,0.832611538100389,0.8319624575840308,0.8442798301332091
94.jpg,0,0.02415241545179125,33,0.07393707234373925,0.0791916664242396,0.06944235437407065,0.07393707234373925,-0.023404066774751042,-0.023603948739452263,-0.02468220900023388
95.jpg,9,0.05882353032939136,34,0.19873249106970747,0.1206546181635492,0.23195946982697124,0.19873249106970747,0.11797606400321936,0.10728500809265468,0.10866077582486466
96.jpg,9,0.01980198054973568,42,0.06677386047588063,0.06721465089495035,0.07319967635737812,0.06677386047588063,0.04410607805241007,0.044303755426389924,0.039213197344875106
97.jpg,8,0.04964639352900641,35,0.1587339016082342,0.11496277872761554,0.13985905489897066,0.1587339016082342,0.10371471933332899,0.10576327442711692,0.10564132277785662
98.jpg,7,0.33890821778442004,37,0.21879977742994494,0.12904728880526775,0.26062308926769645,0.21879977742994494,0.26502838111598287,0.2638603544885239,0.2597469015211361
99.jpg,8,0.253931272391449,34,0.2697849478187958,0.19560392493101983,0.28785053371464964,0.2697849478187958,0.21116547393452406,0.20782308365438723,0.20745630652674668
100.jpg,6,0.09515951588077264,36,0.18264591670355568,0.10794385871015534,0.19695119724325771,0.18264591670355568,0.18572942739915227,0.17812096827885043,0.18725658381559698
101.jpg,4,0.0381188118015416,40,-0.09127763064548355,0.0455408693881078,-0.004883262568031954,-0.09127763064548355,0.09295585597891873,0.09068565311297472,0.10263864552628835
102.jpg,7,0.09240923969385524,36,0.0527008587767146,0.06122002144604816,0.05615133575144848,0.0527008587767146,0.15281667996184628,0.15513776513043825,0.165252218308134
103.jpg,0,0.019351935169349115,33,0.13739225200743455,0.11115704112137899,0.14289384620713752,0.13739225200743455,-0.0009843386137545762,-0.0024888779035303066,-0.011421969551357603
104.jpg,0,0.025013027577906063,38,0.22494606373931425,0.16202097175447608,0.2144175568783503,0.22494606373931425,0.0625748174839201,0.058457673237346575,0.04192972963331276
105.jpg,1,0.4840484045368309,36,0.1665156861276993,0.10910144096146264,0.18069886659273965,0.1665156861276993,0.3209144618972686,0.3171034553245632,0.31862311691588685
106.jpg,4,0.08496119868564042,37,-0.0214139219902022,0.06150477890042247,0.049609483133072674,-0.0214139219902022,0.059005268334616084,0.049429968179298955,0.05734434586115417
107.jpg,9,0.13553652650601156,37,0.39595701784722503,0.3418375403779861,0.2915451296721532,0.39595701784722503,0.23773591520775905,0.23379366575675814,0.24082873903839763
108.jpg,7,0.6127612677713236,36,0.6102482043017716,0.7114624643915367,0.5846735314122714,0.6102482043017716,0.6061982433274685,0.6026845106438633,0.5956139000829273
109.jpg,9,0.5792079142346565,36,0.35624899938716753,0.3191894603409717,0.3081869061961627,0.35624899938716753,0.4332750930126451,0.4369609450704564,0.45562628160642704
110.jpg,3,0.11038266144994949,37,0.18423333042460832,0.10474807773403103,0.1698997975604291,0.18423333042460832,0.20141988822829565,0.20070406221790607,0.1953803588453268
111.jpg,9,0.6097359666730173,36,0.5573934327442764,0.5574517604405905,0.6055574400258523,0.5573934327442764,0.6048539015229203,0.6009901769032792,0.6020439914466966
112.jpg,6,0.4588728062211512,39,0.4129212292814538,0.371140686428398,0.341845341878546,0.4129212292814538,0.4671635936144225,0.4654423482344481,0.4462831513967205
113.jpg,0,0.3524752456462011,40,0.33271910019731216,0.30286106709271116,0.28775763343373856,0.33271910019731216,0.19891527844322404,0.19358706370504417,0.1807321525947576
114.jpg,6,0.3376237627118826,40,0.4496088419737537,0.44597873873103866,0.3904425661074855,0.4496088419737537,0.4192952563900954,0.42278504358274466,0.4189621984582777
115.jpg,5,0.1387476589832757,37,0.30166409864741545,0.24760224470487327,0.24723681803267444,0.30166409864741545,0.13655302159279406,0.1409790804715399,0.1399717394753089
116.jpg,7,0.8100424247128623,35,0.5168180871319945,0.553934962105324,0.5807211889585069,0.5168180871319945,0.6877997428138731,0.6877729159188103,0.6812771267945801
117.jpg,7,0.045120226219296455,35,0.045550969038224864,0.06122002144604816,0.01918983353295689,0.045550969038224864,0.033830691275048175,0.03461261450034503,0.041146231990874416
118.jpg,0,0.3490767957693016,37,0.30669634728855094,0.24457044628177393,0.1990979702138066,0.30669634728855094,0.3074807603662046,0.30883356361846526,0.3034175475337507
119.jpg,3,0.6815181443622956,36,0.5315302164384653,0.5503714508030296,0.4791247041037308,0.5315302164384653,0.5382742178846582,0.5372871222471169,0.5342239775589609
120.jpg,8,0.04979615714674925,34,0.21502013759981575,0.11988693438726447,0.22711474426606765,0.21502013759981575,0.10882882484446044,0.11159991207716846,0.1084128515021689
121.jpg,0,0.07687827574965708,34,0.30418472791187634,0.24457044628177393,0.257793219101657,0.30418472791187634,0.22905341782965705,0.22748307957230213,0.2217482531188919
122.jpg,3,0.04867986812152796,36,0.08761270635950613,0.07691911078717067,0.08762949262571962,0.08761270635950613,0.01092345877231371,0.014021024138209881,0.01886828195273499
123.jpg,7,0.1812951570326412,37,0.08011081539326936,0.08113007314930276,0.028158687577206742,0.08011081539326936,0.09734741049648515,0.1034992333763792,0.11487343218384585
124.jpg,0,0.03987898783654802,36,0.13624101659936005,0.09354952974216056,0.1394600467145135,0.13624101659936005,0.1074853047230977,0.10893289861930397,0.11618289701780815
125.jpg,7,0.6358910826849751,40,0.22864313012330406,0.1320392973391949,0.12545989955577752,0.22864313012330406,0.2941438531024466,0.3010996204038592,0.3005071939966357
126.jpg,5,0.08863743454484004,42,0.2761702643537858,0.21492778824541073,0.3025435318022001,0.2761702643537858,0.22755817032792613,0.22310251465829561,0.2179827047930294
127.jpg,8,0.3290900522510388,42,0.3531810900168931,0.3228325150533736,0.3175017600795032,0.3531810900168931,0.2767639666416294,0.27577349962081565,0.27254414483628403
128.jpg,2,0.2693793790346784,41,0.1591832177087904,0.1084719442093336,0.13113999822763567,0.1591832177087904,0.2529246879025779,0.25033889263835263,0.25165256302820516
129.jpg,9,0.4733434898707156,39,0.33095885018618754,0.2554268687195658,0.27725975669500497,0.33095885018618754,0.3091427880536353,0.3138105265657404,0.31318072367746946
130.jpg,5,0.1527581337196309,42,0.1904289135272501,0.11421336572053108,0.19684986890145006,0.1904289135272501,0.1461287728447442,0.13923054520450756,0.13999439887188447
131.jpg,6,0.05665566578196982,36,0.20339042136889407,0.11637958158937668,0.15393544377320723,0.20339042136889407,0.16880482497382363,0.17590120456952765,0.16631620997972815
132.jpg,6,0.08335563361745428,37,0.05543642794115078,0.06882876479982795,0.08453314613510654,0.05543642794115078,0.18723211077103344,0.18631130211241337,0.17735652508547145
133.jpg,4,0.030224075406103543,38,-0.004506017617098346,0.06753602664062695,0.018534598068432162,-0.004506017617098346,-0.026942097309269386,-0.02542493185187822,-0.021224640251108262
134.jpg,3,0.3139534896066369,43,0.288692287020405,0.2573233508331544,0.24679066581904802,0.288692287020405,0.3275433544988759,0.32489172586690623,0.32738648328262315
135.jpg,1,0.025287663752867562,37,0.08021197747125242,0.07784587610197345,0.08175323618107966,0.08021197747125242,0.039016358770033954,0.037567793974155717,0.04448789590574437
136.jpg,1,0.04479594306066269,41,0.19423599671138803,0.12255295858635924,0.2289198434401486,0.19423599671138803,0.18457058960422265,0.18307001152139582,0.16889787735661607
137.jpg,0,0.4054194890256775,38,0.5008759777430316,0.5516373896798198,0.537916734399739,0.5008759777430316,0.46858761780697133,0.4658505040354788,0.45873589407375803
138.jpg,2,0.019330504472323116,42,-0.09980424516456932,0.04655300638045572,-0.044799060750597586,-0.09980424516456932,-0.01124467055179812,-0.011250513539726559,-0.010101762647174495
139.jpg,3,0.14711855760274026,39,0.3457891226023203,0.332381243878807,0.2726080772694127,0.3457891226023203,0.3074610651154689,0.30380952132435474,0.3147467803556999
140.jpg,9,0.3140545740451028,41,0.29228673033042135,0.23952316510488195,0.2476847219393113,0.29228673033042135,0.38244587909912964,0.39300306857310835,0.3943943036741506
141.jpg,8,0.282661193220808,41,0.5222598965869918,0.5707013535036601,0.4714683557544711,0.5222598965869918,0.45994765884706923,0.45466843101657545,0.4485259579735882
142.jpg,2,0.019275331849906038,47,0.008308719020729272,0.06536256007639345,0.06398968162549457,0.008308719020729272,0.03770734777320439,0.0388080425033569,0.03763227263314112
143.jpg,9,0.024045261875948028,42,0.08198543313207018,0.08018106149057136,0.06658604448137717,0.08198543313207018,0.09365756799797736,0.09663932206359466,0.09622312374608752
144.jpg,7,0.021613136921986575,41,0.026168872649349306,0.06122002144604816,0.07080650012544976,0.026168872649349306,0.028340186506188914,0.024835920596984473,0.017485590326412004
145.jpg,8,0.09268426787780805,36,0.05650560218407641,0.06725229051226211,0.080721903127149,0.05650560218407641,0.14818549335814932,0.14500800351335136,0.1511420209247165
146.jpg,8,0.2022458344538946,41,0.3324554273435381,0.29359145351930604,0.2851914741082317,0.3324554273435381,0.27186614184558955,0.27158732186496237,0.270138843551207
147.jpg,3,0.029963522732846047,38,-0.048100006625995895,0.05095438897618367,-0.05655012199715126,-0.048100006625995895,0.014390163620669805,0.019899575015288495,0.029789307458020553
148.jpg,6,0.048514851415529844,40,0.25176519507030937,0.17109830040599106,0.23196321507762285,0.25176519507030937,0.1397928014397211,0.14262263661154315,0.13713008512873806
149.jpg,4,0.2539984780148818,39,0.2667634050767429,0.19795476212973087,0.2534085722425849,0.2667634050767429,0.2298616462062686,0.2314581715452661,0.2256955167889045
150.jpg,7,0.4582226479471457,41,0.34003838370080197,0.30377288785254114,0.3102834674401199,0.34003838370080197,0.2261226178109674,0.22273202687686533,0.2215035375732909
151.jpg,6,0.03437843812733061,36,-0.12986385185307792,0.04446050332700501,-0.10412420658026,-0.12986385185307792,0.020490854316628282,0.01604008110976496,0.022926646454355604
152.jpg,8,0.030104361801735452,37,-0.015345861122809668,0.06537288154698852,0.021089249221700523,-0.015345861122809668,0.16239597021678184,0.16988377540168012,0.1652348320754132
153.jpg,2,0.33007760074090314,37,0.21314504956385283,0.10955315572120147,0.2104975498658439,0.21314504956385283,0.3011078329980227,0.2993463088107796,0.29945585791040574
154.jpg,1,0.09028759976804611,42,0.21134822024834543,0.12255295858635924,0.20300458369035984,0.21134822024834543,0.1596975659469684,0.15707237142829303,0.14933677336674553
155.jpg,6,0.049244398606548966,38,-0.04612874168628489,0.05633997171304506,-0.01969899000209996,-0.04612874168628489,0.016971998670531396,0.017239497326703823,0.011028141014899906
156.jpg,4,0.16764784414270842,37,0.13709197325909595,0.1050159689445548,0.1284848532701136,0.13709197325909595,0.05195403137326615,0.057072886563810765,0.059785941959734024
157.jpg,1,0.10280911807447325,43,0.16168060022963848,0.10910144096146264,0.19969116255766378,0.16168060022963848,0.2006258495508086,0.19708212604117942,0.1926494559724425
158.jpg,5,0.1400101548896577,39,0.28875501560160083,0.24760224470487327,0.33273621886943305,0.28875501560160083,0.29490693120319783,0.2936826023109612,0.2946211165705349
159.jpg,7,0.08787128659896552,40,0.2641197153854453,0.17986801461116947,0.23961406377958405,0.2641197153854453,0.1337362789861277,0.1321833459767972,0.13126369311892266
160.jpg,1,0.05238314540406992,43,0.14718159106096773,0.10910144096146264,0.14371618320752433,0.14718159106096773,0.09139606562257935,0.09057287757715246,0.0982713436206763
161.jpg,3,0.11064356536371633,40,0.16163637820903765,0.10474807773403103,0.24170040118112257,0.16163637820903765,0.12349277473523493,0.12797431229635783,0.1185053616342272
162.jpg,1,0.047666195540555886,35,0.005661976728684293,0.06305994592479269,-0.00869523343267109,0.005661976728684293,-0.11989798647669647,-0.11646784620189654,-0.11124193038046443
163.jpg,1,0.46496572516237694,39,0.31120700572421256,0.2155492250290481,0.259560949795614,0.31120700572421256,0.4154976640033491,0.41603806305269636,0.40883393077750846
164.jpg,5,0.07549504933413118,40,0.2951619034880522,0.24760224470487327,0.28361039569836116,0.2951619034880522,0.2541229064915633,0.2577213134186623,0.26388571079301004
165.jpg,0,0.6395798045006104,41,0.46513619648712656,0.48545385428431304,0.5519773160280786,0.46513619648712656,0.6029986908826185,0.5970102008953642,0.5926842650719784
166.jpg,1,0.0712871283874847,40,0.3283356605689963,0.3100913073432311,0.32472656167721264,0.3283356605689963,0.17208396817342328,0.17122815890284718,0.17390842269016613
167.jpg,8,0.09834091501260125,37,0.17671980972762968,0.11496277872761554,0.2563697529334907,0.17671980972762968,0.3233469592151888,0.32281881209023416,0.32232130001133263
168.jpg,2,0.9462871089577675,40,0.7928063053967949,0.8511429239780222,0.8865794182120307,0.7928063053967949,0.8878385166954683,0.8807580088009128,0.8883198440143454
169.jpg,3,0.1396500111319298,43,0.08308835759841549,0.07691911078717067,0.08680600127322802,0.08308835759841549,0.17993535462227594,0.18307328688627875,0.19605524481822034
170.jpg,9,0.6672406328902782,46,0.5385301961247486,0.5574517604405905,0.45462631201366044,0.5385301961247486,0.5678579986111718,0.5704802642387425,0.5676039393824488
171.jpg,6,0.8148997745862822,41,0.5619944569954805,0.5476888814384887,0.6864991169016943,0.5619944569954805,0.6554032853314862,0.6611449323442131,0.6528446692106137
172.jpg,5,0.3036706110394401,41,0.4567058938250491,0.4839315745943147,0.38071963267320164,0.4567058938250491,0.38811958170221605,0.3940173237866946,0.3914503723078616
173.jpg,3,0.8025558279329088,43,0.47338427759173923,0.47187251899828825,0.418146021108618,0.47338427759173923,0.5839103173248346,0.5812123028360788,0.5807319614007056
174.jpg,7,0.734725904571483,41,0.5517721266493831,0.553934962105324,0.571757706776578,0.5517721266493831,0.5744059533420378,0.5751912180245247,0.5782970840308325
175.jpg,9,0.03875875407148425,41,0.17959741317872546,0.11514063096177261,0.1737181106825293,0.17959741317872546,0.09099390246894093,0.09591699939462509,0.09940160950680707
176.jpg,4,0.8948321509652022,41,0.6919617324244295,0.7265393041300827,0.7476097712068545,0.6919617324244295,0.8080187641531136,0.8097280494444563,0.8189608739854686
177.jpg,2,0.03338410784132206,39,-0.09810048317444608,0.04655300638045572,-0.1355767663129065,-0.09810048317444608,-0.09927263521164037,-0.10121953602474482,-0.09831616221819206
178.jpg,9,0.5891089108414375,39,0.6686480289009911,0.7431711740186491,0.5234466812197031,0.6686480289009911,0.6163276918275378,0.6272662187859684,0.6351282507574432
179.jpg,1,0.05885588579500715,36,0.17251045207530802,0.10910144096146264,0.1138010088082908,0.17251045207530802,0.1758189100756174,0.1741208235265742,0.1820994416455893
180.jpg,7,0.17684268581473994,36,0.5393665184007878,0.553934962105324,0.4582281234290032,0.5393665184007878,0.38596377579808744,0.3896781600255834,0.38217696746519486
181.jpg,5,0.08035034357976073,39,0.2671943861502007,0.17392095103158398,0.24072760150950823,0.2671943861502007,0.17087717330034508,0.1671652822744876,0.15816441762706263
182.jpg,6,0.33396800892809647,39,0.33417935794446124,0.29669331651320213,0.3129162852549719,0.33417935794446124,0.2363800519858606,0.23701457926605551,0.24513682695766376
183.jpg,9,0.3672732113407472,37,0.5517341190293513,0.5574517604405905,0.46706661395091054,0.5517341190293513,0.3510274117895212,0.3551543538640575,0.3693394337116356
184.jpg,1,0.7470417722332768,41,0.5012563720082271,0.5517437609150966,0.44974953278845475,0.5012563720082271,0.6172086260719618,0.6136683008311343,0.6147199625378783
185.jpg,1,0.42145214281562304,45,0.4969111589389193,0.5517437609150966,0.49535371660259975,0.4969111589389193,0.433098560809715,0.4253735751343106,0.4197770355475594
186.jpg,2,0.023267326958011834,40,0.14562999624906403,0.1084719442093336,0.18180765424913553,0.14562999624906403,0.07289789153302509,0.07348633789939549,0.07284614005586748
187.jpg,2,0.23967640534633908,41,0.5890716689910469,0.7050294610858414,0.4150725230249245,0.5890716689910469,0.293237233135878,0.2976805320928235,0.30226377329580445
188.jpg,3,0.8654155952985897,43,0.9074122711564505,0.9278068619738737,0.9436328016490483,0.9074122711564505,0.9187668414173678,0.9196041856593422,0.9315130735614845
189.jpg,7,0.022524752805475147,40,0.04215362234850939,0.06122002144604816,0.10309785052837961,0.04215362234850939,0.09846382352131622,0.09466433765746493,0.09735915091053368
190.jpg,0,0.029823714356142575,41,-0.04656900194507474,0.0514962072248526,-0.054512063115474074,-0.04656900194507474,0.026662582425643788,0.02504363123163522,0.027466303910236745
191.jpg,1,0.049752475798595694,40,0.018377841857888377,0.06516180103212872,0.09452653932454202,0.018377841857888377,0.12511517867032798,0.12526011825830835,0.1317733483150282
192.jpg,0,0.09355166273860213,39,0.1078275188661929,0.0791916664242396,0.12563004895263086,0.1078275188661929,0.10915208136986518,0.10784321185377271,0.0978490400224114
193.jpg,4,0.09532876364074838,39,0.21520546498840631,0.1235239527150777,0.23205461377836495,0.21520546498840631,0.24344639765470977,0.23601838700180403,0.23695582921110547
194.jpg,4,0.9210526131485638,38,0.676009176693777,0.7206210405711609,0.7462069316936955,0.676009176693777,0.8279570841891105,0.82689717963371,0.8212755923954629
195.jpg,7,0.04529702973086387,40,0.10628115327464871,0.08113007314930276,0.13398389829681867,0.10628115327464871,-0.014561882495852718,-0.018963212472659585,-0.03174390221410017
196.jpg,6,0.4200676136831867,41,0.416696409548396,0.371140686428398,0.3011017146155031,0.416696409548396,0.24892031710738133,0.24814771202165947,0.24550629089495346
197.jpg,9,0.10207449350993902,42,0.2627451984207789,0.16278843734019652,0.22792755597949205,0.2627451984207789,0.1664841619697382,0.16507843924159185,0.16046198739884063
198.jpg,9,0.05341323685685271,38,0.23366526544255517,0.16278843734019652,0.18705933655135082,0.23366526544255517,0.2019846007896849,0.20563754304323836,0.21112444245559436
199.jpg,5,0.09301719652782929,38,0.41186204208539645,0.40911529604380226,0.3717857450217023,0.41186204208539645,0.3541303919658584,0.3558617781637401,0.3590159320607363
200.jpg,2,0.15841583997410322,42,0.12466543033204724,0.07775459452314136,0.140524832104153,0.12466543033204724,0.1249158794854984,0.11850351479106311,0.1212146255741085
201.jpg,1,0.5820739910888829,38,0.5147257630287361,0.5517437609150966,0.42934663314700466,0.5147257630287361,0.4209616953686405,0.42794845800083975,0.43654151332376007
202.jpg,0,0.07628839880896685,39,0.270702993491372,0.21264502100714144,0.26094279997419434,0.270702993491372,0.048172757711632874,0.048957552721825226,0.05268630978506528
203.jpg,2,0.2501456031356664,34,0.4762832716367541,0.5340932926573354,0.4253909469139132,0.4762832716367541,0.32874996933322576,0.3337628426485066,0.3408916336179912
204.jpg,6,0.14891624472078843,37,0.3044204186360541,0.2446596987872774,0.2552940711622456,0.3044204186360541,0.15579673243298608,0.1536981012832972,0.1571220385817952
205.jpg,1,0.34666845164689664,37,0.4026863449190933,0.3349135094529506,0.36892014811192364,0.4026863449190933,0.36825570794569074,0.3700573507627358,0.36201607199989716
206.jpg,9,0.024752475270951115,37,0.12521082288280594,0.08018106149057136,0.1117087616009752,0.12521082288280594,0.07695594915921969,0.08265088492988973,0.082339186287127
207.jpg,5,0.050880087306723,36,0.11170763231891212,0.0748146206631991,0.10386225688142015,0.11170763231891212,0.03184134772254632,0.03893278122260618,0.042047362506607566
208.jpg,3,0.3658155294159721,38,0.27780610203590983,0.2573233508331544,0.28075471020063325,0.27780610203590983,0.4546480938355515,0.4463926128698579,0.42473044649022174
209.jpg,3,0.32282438707586963,38,0.14550799408505055,0.10474807773403103,0.24181041149077104,0.14550799408505055,0.16570082114064555,0.16748419395408098,0.1651481661368138
210.jpg,3,0.08663366336582436,36,0.29554785997752314,0.2573233508331544,0.2690225269507407,0.29554785997752314,0.12459171009663353,0.12472432238326059,0.12167913365014732
211.jpg,1,0.3765288312535952,34,0.28132869742708877,0.2155492250290481,0.27545183122278244,0.28132869742708877,0.34128052620056315,0.3378377019652598,0.34622102984727493
212.jpg,5,0.04503743038172039,41,0.11192792991298617,0.0748146206631991,0.10154635481132057,0.11192792991298617,0.03573791356044881,0.031114048567151942,0.028814115954538144
213.jpg,7,0.3019801993181722,36,0.3014969237628979,0.23181730435799106,0.18958598658025627,0.3014969237628979,0.25476525742324574,0.25453196893015334,0.24760595745926167
214.jpg,4,0.05145514605453971,33,0.1263823463998619,0.07712732129712084,0.17284412477907762,0.1263823463998619,0.1132093300122517,0.1122061733932139,0.10863446446247285
215.jpg,2,0.03358308804800381,37,0.17508999812509785,0.1084719442093336,0.17561865808744442,0.17508999812509785,0.1172995405912321,0.11515811472741902,0.11883783151972219
216.jpg,7,0.04879773730146034,35,-0.031976274590387654,0.05783215199260466,0.03224238934846779,-0.031976274590387654,0.021085893229473907,0.016549435855963246,0.017087085545237968
217.jpg,7,0.03217821824364364,32,0.08331563320937185,0.08113007314930276,0.10378036900475862,0.08331563320937185,0.016608369095132247,0.01615815673658999,0.01831962939745513
218.jpg,1,0.021273749112780835,37,0.10434737011290884,0.07784587610197345,0.08641938994946197,0.10434737011290884,0.11309393688063743,0.11808027886612513,0.09899593684806737
219.jpg,9,0.028147100191563367,35,-0.02270635836822077,0.05950893049612563,0.062042158905784905,-0.02270635836822077,-0.03090971943003057,-0.035316533004870865,-0.02244003587126453
220.jpg,0,0.26039603665204986,35,0.3921060992984229,0.3287806045807556,0.4091386272570387,0.3921060992984229,0.4455947091769691,0.44282505014632206,0.4370974952445498
221.jpg,5,0.8142857023647854,35,0.6530240632064004,0.704990775720648,0.6251101325657129,0.6530240632064004,0.5858768423020562,0.5801712372524422,0.5661977794555062
222.jpg,6,0.09009901116202984,35,0.28902990205454593,0.2446596987872774,0.2291681620478525,0.28902990205454593,0.22443004410201778,0.22793209841745837,0.2239580475854439
223.jpg,9,0.02475247514833297,35,0.15376735145457132,0.11514063096177261,0.16097119684292072,0.15376735145457132,0.14778623039687455,0.15265059989334226,0.15577768614679
224.jpg,3,0.03245324544453373,36,0.1471540159823106,0.10474807773403103,0.15020455635550267,0.1471540159823106,0.07566977302563174,0.07638855232804567,0.08399256050888337
225.jpg,6,0.02695269577412142,36,0.08328199687002391,0.07862445832994937,0.07764246759932658,0.08328199687002391,0.05697773824050523,0.05803689130982603,0.06585872666676396
226.jpg,1,0.07906647850094096,35,0.08605539024536202,0.07784587610197345,0.07140858176392872,0.08605539024536202,0.10834839943762062,0.1097397832110954,0.10395311239911498
227.jpg,5,0.042857143602200914,35,0.17011657969491634,0.11421336572053108,0.13588308040482588,0.17011657969491634,0.06942376700139977,0.06783379071028486,0.06973040405999542
228.jpg,3,0.04214610635126765,37,-0.029184139938193132,0.05095438897618367,-0.016285549516293574,-0.029184139938193132,0.05718931746542716,0.054577017305393216,0.05809430785198011
229.jpg,9,0.1344884488757493,36,0.21421961789557464,0.1206546181635492,0.19054161741404624,0.21421961789557464,0.23687398972897095,0.23240771226274293,0.23967703661740924
230.jpg,0,0.07542224780327696,34,0.26369898471269326,0.1823121176616896,0.20223328324937867,0.26369898471269326,0.12851153577545507,0.12720365363982855,0.12529029597063707
231.jpg,5,0.03313023611330069,39,0.05878637437193823,0.06676389807433737,0.17025750496819553,0.05878637437193823,0.054802723186880564,0.0539623882743312,0.050609306425019096
232.jpg,7,0.8738926405969419,38,0.8266503156647121,0.8822364110773053,0.8270674147326889,0.8266503156647121,0.7830620634801252,0.7828025711432398,0.7836633054725348
233.jpg,4,0.04710042499271887,35,0.03443079007951888,0.06753602664062695,0.021528011390916535,0.03443079007951888,-0.03290911084591547,-0.02704663234615201,-0.01838591670181522
234.jpg,4,0.9155415350740607,33,0.5037577612016363,0.550081537915664,0.5986324319928775,0.5037577612016363,0.7640961118820963,0.7579182244063332,0.7528648267677659
235.jpg,9,0.859547365882567,35,0.5683291175635301,0.5574517604405905,0.6667224827466396,0.5683291175635301,0.6702114732639637,0.6736480409456527,0.6887825199773896
236.jpg,2,0.07542224888525464,34,0.3163577862658886,0.24756911712863766,0.2800429319493892,0.3163577862658886,0.23795619023394665,0.23267179976072744,0.24193539004994144
237.jpg,3,0.02805280515876336,39,-0.00017448800260477793,0.06316060669831974,0.08460897148506885,-0.00017448800260477793,0.12509845190767072,0.1233353493305864,0.12494531525058278
238.jpg,4,0.14851485255272373,38,0.26634571427252873,0.19795476212973087,0.21531383128409454,0.26634571427252873,0.29108989679195485,0.2936589289897596,0.2828398768964966
239.jpg,2,0.021357850304671695,35,0.07308647592179385,0.07775459452314136,0.09371964761345564,0.07308647592179385,0.010215666383407873,0.014508479679088582,0.017676954360823338
240.jpg,4,0.43642522170404463,38,0.4099591282275229,0.3918490783453818,0.30574440920998747,0.4099591282275229,0.2973918704853106,0.2929510828230316,0.27758078465919184
241.jpg,6,0.03248007753409627,41,0.18385265286104835,0.10794385871015534,0.15646096353437494,0.18385265286104835,0.08673501608098008,0.0873043389976624,0.09153155153451814
242.jpg,6,0.02657634218370444,38,0.1488091114914355,0.10794385871015534,0.17352299479606598,0.1488091114914355,0.09042907051264629,0.09254715955702145,0.09748732574288493
243.jpg,5,0.3536259026795223,37,0.33289273231140826,0.2915253025280472,0.3146843193588896,0.33289273231140826,0.29127703606773203,0.28988287220359343,0.28867517963362505
244.jpg,0,0.09680968177660058,36,0.31986541739552327,0.2538274430818651,0.25703102249266185,0.31986541739552327,0.19691484729735692,0.19679010144855863,0.20397354888294156
245.jpg,4,0.04152915342193511,36,-0.00018622294877390644,0.06753602664062695,0.0066888986213741175,-0.00018622294877390644,-0.02097659984920841,-0.013986593866820773,-0.007162436921478055
246.jpg,6,0.8273150772267186,34,0.5969456772136517,0.6737029192576761,0.6552439395187796,0.5969456772136517,0.6908087521910966,0.6965987867149157,0.7065709985801893
247.jpg,8,0.8652662439523516,37,0.8178585970307456,0.8867447413474017,0.8576019845893873,0.8178585970307456,0.9068419761023745,0.9087504731090729,0.9016564823531523
248.jpg,6,0.045685997898025174,35,0.0843320193245346,0.07862445832994937,0.06241072712580331,0.0843320193245346,0.03797082010341435,0.03537123172569223,0.0477505673369743
249.jpg,7,0.03693830863071176,39,0.10861285379084318,0.08113007314930276,0.12894028816136582,0.10861285379084318,0.03230096242908659,0.02745967488564477,0.026489939463273326
250.jpg,4,0.10735502016863653,35,0.256023411201197,0.16560985692337699,0.2340967816256695,0.256023411201197,0.24773040985572053,0.2429149399271823,0.23292094016196963
251.jpg,4,0.03411827679421451,37,0.20555285277110147,0.1235239527150777,0.14836416225905813,0.20555285277110147,0.084315301479963,0.08861297839189361,0.0938867059603091
252.jpg,6,0.04775771736989126,34,0.09410842281689258,0.07862445832994937,0.13212164674518134,0.09410842281689258,0.1766372432458482,0.17782555762785682,0.17997564956045106
253.jpg,9,0.02502750285849389,36,0.13031765734210898,0.08018106149057136,0.14425426951341214,0.13031765734210898,0.06683688278638503,0.06550258651707105,0.06054248398623402
254.jpg,0,0.05039350121305921,39,0.041602153891364124,0.0658319423241506,0.07580770775774259,0.041602153891364124,0.09561787225168383,0.09029261914987727,0.09254132144528116
255.jpg,9,0.8844884333925115,36,0.7508531378449128,0.8332585044081106,0.7495661767144213,0.7508531378449128,0.8694364223384867,0.8796393200380576,0.8837630420132829
256.jpg,4,0.026918316827504896,32,0.1149186245462055,0.07712732129712084,0.18439512255180074,0.1149186245462055,0.12603766622370047,0.1255084803150017,0.13327823358786753
257.jpg,8,0.4384282152313972,32,0.4452957551644433,0.4324821919498212,0.39174383861134027,0.4452957551644433,0.4294191443734628,0.4360940444041753,0.4442963279759926
258.jpg,8,0.0282469420995125,34,0.2619512027657606,0.180498337904771,0.2679269217968544,0.2619512027657606,0.1552418531617407,0.15222110416089557,0.1504653863728934
259.jpg,3,0.9499449729919434,36,0.858083292482348,0.8841373908527269,0.8923744316613014,0.858083292482348,0.9022036618202831,0.9031187964088306,0.9177797105983473
260.jpg,6,0.5935093491829725,36,0.48406170216499134,0.5476888814384887,0.48687615016788055,0.48406170216499134,0.6956320413053196,0.6858225675340583,0.689423433480989
261.jpg,2,0.0437727988526029,38,0.11178007018290337,0.07775459452314136,0.1615575148928251,0.11178007018290337,0.14894020688728823,0.1518306125880458,0.15465219437068545
262.jpg,5,0.041761868740790166,39,0.25836014833352744,0.17392095103158398,0.22274548049926263,0.25836014833352744,0.11547935668788972,0.11696895068820187,0.1109164516676544
263.jpg,9,0.9009900838136673,38,0.8146731743389523,0.8843666391601688,0.8875655042562137,0.8146731743389523,0.8342571830817668,0.8243210016086104,0.8267565678188168
264.jpg,1,0.02504368093522156,34,0.08976140229753726,0.07784587610197345,0.116607126344629,0.08976140229753726,-0.0022796564321981294,-0.0010053146258734436,-0.010207158975475195
265.jpg,2,0.942868592771324,37,0.9000476794064612,0.9123162624793271,0.928502070761709,0.9000476794064612,0.9058664207237753,0.9033728585034155,0.9161022032552832
266.jpg,7,0.02996352296567669,38,0.08614938188264787,0.08113007314930276,0.11925551958017788,0.08614938188264787,0.06518708616106589,0.06082222430361511,0.0383498972106176
267.jpg,4,0.045544554572552444,40,0.07604872820302078,0.07712732129712084,0.10882061122571496,0.07604872820302078,0.060879954759743504,0.0572517204497216,0.04652767499776739
268.jpg,0,0.06435643635793692,36,0.19087430538845762,0.11115704112137899,0.20544761752346513,0.19087430538845762,0.1269310692518644,0.12251078731206949,0.12180432222369336
269.jpg,8,0.3209570947413643,36,0.06784039145566156,0.07142926251451712,0.09474447552155829,0.06784039145566156,0.051860900409578026,0.05727871006506097,0.04994945768765097
270.jpg,4,0.027298443964017288,35,0.23309590976191397,0.16560985692337699,0.25902866262526875,0.23309590976191397,0.14443391944916106,0.14028555337708026,0.1492034592696024
271.jpg,6,0.03135313550965526,39,-0.07069795488408737,0.0465224478668504,-0.010812358404381883,-0.07069795488408737,0.06996481303452212,0.06503647172718557,0.067565047532057
272.jpg,4,0.05724009966070298,32,0.20776468001243587,0.1235239527150777,0.24756317724626464,0.20776468001243587,0.20584272497248293,0.19584803551299487,0.19053646902273091
273.jpg,0,0.0508077122074993,38,0.18918992481607944,0.11115704112137899,0.16523299617015696,0.18918992481607944,0.12479478783583015,0.13010026345256837,0.13035093218843918
274.jpg,5,0.7498697160473583,38,0.6521430450721638,0.704990775720648,0.7001904561467465,0.6521430450721638,0.7006807411665139,0.7016230681447626,0.7021732850539621
275.jpg,1,0.38066701506460576,38,0.5244164739596405,0.5517437609150966,0.4030487693518148,0.5244164739596405,0.4525418635396117,0.4581008910842295,0.45743983344170136
276.jpg,5,0.2662766234892787,33,0.0737466881040918,0.0748146206631991,0.080978606883512,0.0737466881040918,0.12244422242610739,0.11778465963413504,0.13405731019057335
277.jpg,1,0.0429911417396445,38,0.24234692388369994,0.16581864176353847,0.19754903127970824,0.24234692388369994,-0.02526398858501422,-0.020812029336981286,-0.020021150688356193
278.jpg,8,0.04018637188710272,34,0.188720489534687,0.11496277872761554,0.19926356700636666,0.188720489534687,0.1297624505401946,0.1307855758761618,0.13386811236683632
279.jpg,7,0.07797029762878083,32,0.180476140046262,0.11212006878716584,0.10648236304155045,0.180476140046262,-0.008226002020415901,-0.00635033481811359,-0.01570044714912522
280.jpg,3,0.014269074164878796,34,-0.06366441117826938,0.05095438897618367,-0.06841457099868209,-0.06366441117826938,0.03999752129799611,0.03483717107770218,0.038046748999376656
281.jpg,4,0.8300329885549016,36,0.8118758262308746,0.8840639490116248,0.8085860961656883,0.8118758262308746,0.897481443902101,0.8946592273526196,0.8951049413840607
282.jpg,6,0.45162658988099014,35,0.30113895330666474,0.2446596987872774,0.34516862343243015,0.30113895330666474,0.30113089671812776,0.3035145766619585,0.30128267634780626
283.jpg,0,0.09004549217737608,37,-0.01213691575037068,0.0642542435195161,-0.009644042735733938,-0.01213691575037068,0.06333815478399804,0.06159731191316814,0.05784399552133751
284.jpg,4,0.13315562257925287,39,0.47163378784139903,0.5285958340305987,0.39433318962679265,0.47163378784139903,0.41569737806774676,0.4211841371867777,0.41865131773409714
285.jpg,7,0.12574257460821953,35,0.256075582699587,0.17616080999759245,0.292415330894796,0.256075582699587,0.268663519318362,0.27154688269284605,0.2703744035500556
286.jpg,3,0.046101485670078546,32,0.17987565563868935,0.10474807773403103,0.19064474792629166,0.17987565563868935,0.1537845587131332,0.16480114673804944,0.15812560752201493
287.jpg,7,0.08780614961870015,38,0.1355381195390407,0.10648360421237824,0.1231407322579956,0.1355381195390407,0.13865545028389642,0.13715377048484179,0.13407550072323418
288.jpg,6,0.23327332555852603,33,0.3252664765679784,0.29669331651320213,0.33273424178284855,0.3252664765679784,0.38244962874162547,0.37871360324254505,0.3789325650736747
289.jpg,2,0.5844189714836446,38,0.7577648251811108,0.8511429239780222,0.7085859623873068,0.7577648251811108,0.6745326573192173,0.6728094129791076,0.6812252992519527
290.jpg,8,0.05627931194919113,38,0.105097673468733,0.0772045922900402,0.12839325657315992,0.105097673468733,0.07770990702134872,0.08655210590709411,0.08117125875113185
291.jpg,0,0.13421342194649494,36,0.33522090497358886,0.30286106709271116,0.2989098443517585,0.33522090497358886,0.18227514876065185,0.17961510626003085,0.16504278808846468
292.jpg,6,0.032569046193537746,38,0.03535988712875937,0.06882876479982795,0.08531345630974374,0.03535988712875937,0.026231609851384508,0.029720935432348272,0.037266003664857605
293.jpg,7,0.07369165514994945,35,0.032220685490648826,0.06122002144604816,0.028294580545442205,0.032220685490648826,0.031021443288833772,0.031098892436003278,0.04304193877291779
294.jpg,2,0.6441990313215706,39,0.6374033122622373,0.7332256393323093,0.7125617252715435,0.6374033122622373,0.6299364894965142,0.6287669202519428,0.6272935750088842
295.jpg,3,0.03569567497623594,38,0.11229570209463857,0.07691911078717067,0.10143277098602488,0.11229570209463857,0.08398440265351279,0.08238850072221518,0.07517652897886906
296.jpg,1,0.7985930092828838,38,0.6495907555480597,0.72213108004428,0.7593094926778678,0.6495907555480597,0.7201313444550652,0.7147702868515444,0.72377704151111
297.jpg,8,0.2336887521430468,39,0.3057854299385855,0.2431578223870636,0.2646994938526299,0.3057854299385855,0.20996570767345601,0.20990126135679965,0.20604483656322528
298.jpg,2,0.892326720058918,40,0.8464312054914719,0.8882858273537251,0.9103104236208863,0.8464312054914719,0.9184467608593916,0.9145425650839191,0.915231264855138
299.jpg,1,0.4575671832343297,35,0.3183095542455939,0.2155492250290481,0.27830803058112025,0.3183095542455939,0.44944013947671035,0.4517290946627218,0.4534818210631271
300.jpg,5,0.07836271494218125,41,-0.006055412027478835,0.06320160459380547,-0.028292464104250237,-0.006055412027478835,0.14697325550391382,0.14858474454135623,0.15155024843235881
301.jpg,5,0.16577468632493872,37,0.2689571113869118,0.21029668927543818,0.20194814156597857,0.2689571113869118,0.13319608020998663,0.13221271588751352,0.14222204628021762
302.jpg,1,0.14411441173352715,36,0.21415791602993595,0.12255295858635924,0.2419323818737169,0.21415791602993595,0.19478650769185818,0.1985400413959909,0.19916809978083103
303.jpg,4,0.4594678197900066,32,0.5662967261409984,0.6033249424510242,0.573463306168256,0.5662967261409984,0.5435557509430945,0.5440269110067077,0.5537278145266257
304.jpg,8,0.0557934162584511,37,-0.03192396879267678,0.05795459781316339,0.016285830989842265,-0.03192396879267678,0.11483792512715096,0.11371908518474402,0.11707067313292097
305.jpg,5,0.9070721147315842,35,0.8216835452625465,0.8863333495423695,0.8686374711530006,0.8216835452625465,0.8160252279238633,0.8164383745264281,0.8218945545066055
306.jpg,7,0.48169817037485313,33,0.2774111163224251,0.23181730435799106,0.20325148411608057,0.2774111163224251,0.14540218687818587,0.14611494747663895,0.156522392897915
307.jpg,9,0.7478159543756834,34,0.6948652602275651,0.8300965031933756,0.6171387395718797,0.6948652602275651,0.7387574687385833,0.7491977586382068,0.7615714323655149
308.jpg,4,0.25162659055952513,35,0.3746836243474171,0.32646627642334997,0.2608988527272547,0.3746836243474171,0.27640347576844715,0.2764530017452239,0.27480311026764026
309.jpg,2,0.05106826497879075,38,0.14250007449003266,0.10649113318862383,0.1297747568498685,0.14250007449003266,0.06346213180942373,0.06490835765672903,0.06193320772447464
310.jpg,8,0.08295829633645939,33,0.03301919022701649,0.06725229051226211,-0.024617190071803075,0.03301919022701649,0.1983424978385454,0.2011473760460301,0.19996365506856473
311.jpg,1,0.11221122025098237,36,0.08104974274352617,0.07784587610197345,0.10455067772566806,0.08104974274352617,0.16183764054203031,0.1632713211376609,0.1681140578919497
312.jpg,6,0.9376237411584173,35,0.8950921907053223,0.9163215069497561,0.9165644314669006,0.8950921907053223,0.8921085438611733,0.8963386613978901,0.9041174821240227
313.jpg,7,0.09298902833079165,37,0.08407198848480224,0.08113007314930276,0.029899989172634256,0.08407198848480224,0.06004145902733454,0.057282869839712314,0.05719476350487335
314.jpg,3,0.21938509691359573,38,0.25954948213258455,0.1674647895198941,0.25518577905980666,0.25954948213258455,0.2279507463986264,0.22419152323984576,0.21443993328070643
315.jpg,1,0.10258525857029276,36,0.11254717128544156,0.07784587610197345,0.12058679151242346,0.11254717128544156,0.033573369074091364,0.027064969995505173,0.02184676002844571
316.jpg,6,0.3634245741619345,34,0.33343295014459745,0.29669331651320213,0.21410252230021398,0.33343295014459745,0.3139276757444031,0.31745713311409096,0.3087450739823264
317.jpg,9,0.3379066494958741,35,0.4799378060860462,0.5240221965554686,0.4724931194037889,0.4799378060860462,0.43895050238153344,0.4406189830607847,0.4466006252498197
318.jpg,6,0.9468138936238412,39,0.7958931715448059,0.8425813947452894,0.8322065511592813,0.7958931715448059,0.9051689132687856,0.9033311125414138,0.9032867755838884
319.jpg,0,0.2092959302632759,36,0.35444851068757716,0.3287806045807556,0.2986346906163898,0.35444851068757716,0.29326847071416773,0.29337794104265014,0.2840565470284441
320.jpg,3,0.8569856865538491,36,0.6692410384545331,0.7294260140774175,0.8052723003366584,0.6692410384545331,0.8407021300662569,0.8439961518000944,0.8501940335239455
321.jpg,2,0.06407355031530772,35,0.04841254410832374,0.06765698966719959,0.028248499450356235,0.04841254410832374,0.0999921647765627,0.101613836913159,0.0976501838954772
322.jpg,9,0.38260254824001877,35,0.4358324023348851,0.4281754736976513,0.4042148608149868,0.4358324023348851,0.33502178244727776,0.3309954496443377,0.3398872453993979
323.jpg,7,0.26166902311767143,42,0.16315356589940722,0.11212006878716584,0.13475153631187564,0.16315356589940722,0.21733220965729994,0.21974423455060652,0.2108183821653261
324.jpg,4,0.04116727513457207,38,0.07270258321169332,0.07712732129712084,0.05628401515596426,0.07270258321169332,0.09375459656625607,0.09827572133237741,0.10097721820687261
325.jpg,1,0.936209317616054,35,0.7671281239704346,0.8428759663010612,0.7792615735468558,0.7671281239704346,0.8405252497578364,0.837873189194497,0.837184734140402
326.jpg,5,0.1630663071251051,33,0.2547132097941525,0.17392095103158398,0.27171584700205004,0.2547132097941525,0.25412357425974236,0.25674636393174577,0.25457527583297274
327.jpg,4,0.09983498251272573,36,0.32959293502199444,0.30944991078049233,0.29348383052120136,0.32959293502199444,0.14264925021996416,0.14874328041850526,0.15134777654593537
328.jpg,3,0.05528052775965383,36,0.17910705815611572,0.10474807773403103,0.23779315207326746,0.17910705815611572,0.05901859962152273,0.05944143808912128,0.04701631766443043
329.jpg,9,0.07816571163895883,38,0.09320952446100494,0.08018106149057136,0.09525578495928233,0.09320952446100494,0.022235911944578746,0.02223822345498233,0.03263948758258983
330.jpg,7,0.02930157878310294,37,0.0756053999460784,0.08113007314930276,0.10242852910548428,0.0756053999460784,0.09767300168184925,0.09958945023866625,0.10426824085366779
331.jpg,9,0.12761276263174498,36,0.27847206422884685,0.2331563243140255,0.22924047080654886,0.27847206422884685,0.1776045168836762,0.18348583409034555,0.18033222298466442
332.jpg,6,0.144099544998057,37,0.31920237044507127,0.2446596987872774,0.3010419897390213,0.31920237044507127,0.19097466460315043,0.19338934802801552,0.1787791669234142
333.jpg,4,0.05394770249199027,39,-0.02357471416990209,0.057561101193103086,-0.03767144961680946,-0.02357471416990209,-0.069662721666648,-0.07346320846206844,-0.07642514371742082
334.jpg,4,0.4251388519116473,41,0.3719110464797756,0.32646627642334997,0.3250030239660573,0.3719110464797756,0.35782910125852335,0.3567973630862349,0.36123953479019927
335.jpg,7,0.04579208022914827,32,0.0079223083596478,0.06122002144604816,0.018543757910557734,0.0079223083596478,-0.004224058067767433,-0.0076722215496489166,-0.018808955983798503
336.jpg,0,0.06591975016176309,38,0.08748294275253676,0.0791916664242396,0.12334275910663495,0.08748294275253676,0.20580272759408919,0.2110070985279915,0.20189436047002673
337.jpg,3,0.057060969601336275,38,0.06934095543888175,0.07691911078717067,0.04222107938153519,0.06934095543888175,0.052846375526003686,0.05856731477547206,0.06389759496287067
338.jpg,8,0.08066394816919722,34,0.03408011621311213,0.06725229051226211,-0.011888299232398425,0.03408011621311213,0.009738722117248466,0.0067459738435532435,0.008492186043370598
339.jpg,8,0.03719943409253444,35,0.1351843901062798,0.0772045922900402,0.1323468649049495,0.1351843901062798,0.06678549195338357,0.06844861967862406,0.06904726275369003
340.jpg,1,0.056930693704634903,40,0.11349370718698848,0.07784587610197345,0.12846571462517353,0.11349370718698848,0.12114529878009561,0.12222849229614571,0.12645784664979906
341.jpg,6,0.06029449113143178,39,0.03544512451889548,0.06882876479982795,0.06355213552160965,0.03544512451889548,-0.021970745827669835,-0.01962884430373607,-0.02237123001254776
342.jpg,5,0.41891891974955797,37,0.34269732447716805,0.31921079411571773,0.35988401993037183,0.34269732447716805,0.42937574238136633,0.43129553258209224,0.4322099828245926
343.jpg,7,0.9537953601943122,36,0.6415222131278855,0.7114624643915367,0.7191656050308994,0.6415222131278855,0.7504226171254095,0.7483610811529837,0.7470658708318587
344.jpg,1,0.43826441509265673,34,0.36663304699873,0.32593827667526026,0.3616278046323975,0.36663304699873,0.38006818556410404,0.3822220913487602,0.375979003149316
345.jpg,7,0.48902862783320045,37,0.3043742369470181,0.23181730435799106,0.2735017143721869,0.3043742369470181,0.3361765292765425,0.33439274619953757,0.3426352163122097
346.jpg,4,0.05472304070418751,37,-0.00849373799297759,0.06753602664062695,0.0331279910593385,-0.00849373799297759,0.005667675028656227,-0.0012908184016489632,-0.0017720123894114925
347.jpg,3,0.4832233225590446,36,0.49767875535960726,0.5503714508030296,0.4133017962634391,0.49767875535960726,0.4026592086747588,0.3998907788903089,0.39485950725648344
348.jpg,5,0.10742574285250157,40,0.13901592188111656,0.11159339795928529,0.09801371485759647,0.13901592188111656,0.19155976068687441,0.19338361647468447,0.18571204503275174
349.jpg,4,0.22784351445053044,41,0.12404195006094842,0.07712732129712084,0.14117851330095144,0.12404195006094842,0.2650217016828751,0.26638184604079446,0.25855049141532815
350.jpg,4,0.30451891281140536,39,0.33352021002510085,0.30944991078049233,0.3256565550326076,0.33352021002510085,0.21981148910265852,0.21876378766604976,0.21171164279638205
351.jpg,3,0.08195819674680631,36,0.24071619588150273,0.16020969594621345,0.2447505587510102,0.24071619588150273,0.14448833132612873,0.14879412612059353,0.15688306166567365
352.jpg,5,0.38063806413103723,36,0.1021726563902573,0.0748146206631991,0.058382008252725104,0.1021726563902573,0.2983676387771578,0.29803147426880283,0.2936931992509262
353.jpg,6,0.10031266345054303,38,0.2527105868865195,0.17109830040599106,0.28987410293450466,0.2527105868865195,0.2273832689326774,0.22671841265836085,0.22692338165637777
354.jpg,4,0.8992428490755093,34,0.6280213816410458,0.7206210405711609,0.6984151126848144,0.6280213816410458,0.8678653542332532,0.869927584881706,0.8631740548775297
355.jpg,8,0.03846153867645906,39,0.18012880013114163,0.11496277872761554,0.23343306980188522,0.18012880013114163,0.033860835434277814,0.03012379040220281,0.025467955512340545
356.jpg,6,0.42496091774419736,38,0.6356629617108553,0.7330728105452928,0.5443558541645919,0.6356629617108553,0.5544326962297212,0.5529150779680911,0.5430647510890547
357.jpg,3,0.2323820614940761,34,0.10885083502539761,0.07691911078717067,0.09983845986092865,0.10885083502539761,0.1199515762344717,0.11903513404320354,0.14442430743972423
358.jpg,1,0.5712321254864542,36,0.4377060325777735,0.43224588351978827,0.332493639117251,0.4377060325777735,0.45949535139274944,0.46291763447621015,0.45247873766503066
359.jpg,2,0.09140304330645538,41,0.15824387181430022,0.1084719442093336,0.18821528232850138,0.15824387181430022,0.16368849741371402,0.16136111651754287,0.16187291624994837
360.jpg,8,0.09930110648822259,34,0.14078161966312885,0.10396751446437205,0.08342577973374454,0.14078161966312885,0.0741608953622023,0.07561132573621632,0.078710111872143
361.jpg,4,0.03224511691243262,37,-0.13517696303438043,0.0455408693881078,-0.07598706045923187,-0.13517696303438043,-0.0574135630058098,-0.05466375224388054,-0.05297497220714831
362.jpg,7,0.8003300239162688,33,0.7736678769899101,0.8518980439888001,0.8348303763455951,0.7736678769899101,0.8491391238375974,0.8417202013130644,0.828741912875019
363.jpg,1,0.8261668971606664,35,0.5598169166774943,0.5517437609150966,0.6630330944220906,0.5598169166774943,0.8060681503566345,0.8018381761832123,0.8176844803449571
364.jpg,3,0.05235523572473815,33,-0.08360965261217357,0.05095438897618367,-0.0030305469526309414,-0.08360965261217357,0.025888822960224378,0.02784328555744847,0.021320374793343477
365.jpg,4,0.4973240552621113,37,0.6002822668795199,0.7206210405711609,0.6742323377141302,0.6002822668795199,0.6290608343699731,0.6329624281402537,0.6352011434225369
366.jpg,8,0.3338565558944715,41,0.4173664200417342,0.3770290562926811,0.3631437523524087,0.4173664200417342,0.27127877379886955,0.27799824449517496,0.27211949848752864
367.jpg,5,0.9248424678137808,33,0.8003955749913021,0.8411553895246027,0.9074895987384409,0.8003955749913021,0.9133455828601871,0.9141115310892018,0.9192838485151079
368.jpg,8,0.08852650066289831,34,0.0710156136183534,0.0772045922900402,0.09177211553743414,0.0710156136183534,0.11435986335127593,0.1151168360546371,0.11159947148166233
369.jpg,9,0.04200848658968295,35,0.08256196054387688,0.08018106149057136,0.11206898579297453,0.08256196054387688,0.14836856017913308,0.14991830474436638,0.14997224965161196
370.jpg,4,0.06655665547845678,36,-0.11215564714356352,0.0455408693881078,-0.10119614500273466,-0.11215564714356352,-0.08811568534218106,-0.09070850409095399,-0.09032052969682453
371.jpg,4,0.03691654875874519,35,-0.08442432619801121,0.0455408693881078,0.00593287444425572,-0.08442432619801121,0.01682781189198368,0.00767665363818637,0.014040759347961285
372.jpg,8,0.46873371604535924,38,0.40950533569776665,0.3770290562926811,0.3156800176365663,0.40950533569776665,0.32874376086367874,0.32625929875132526,0.32124997820675966
373.jpg,6,0.3040186344399391,34,0.27059400681142326,0.20601086505424798,0.1425562453813195,0.27059400681142326,0.19922573322942214,0.1997508306895066,0.20178176857900046
374.jpg,2,0.3226072607665426,36,0.07678002830294317,0.07775459452314136,0.08190318618746395,0.07678002830294317,0.1312191381301687,0.12498793338812239,0.1271967133643278
375.jpg,8,0.04535723739379161,37,-0.03557411019911727,0.05795459781316339,-0.020345381532635765,-0.03557411019911727,0.027513785458648465,0.025981428135708418,0.02304005155880251
376.jpg,9,0.6182766849477146,37,0.712873273582497,0.8312913648283138,0.6790692868957324,0.712873273582497,0.6703995703155621,0.6697269963399891,0.678552905457218
377.jpg,2,0.20381895335657255,35,0.22135688109146634,0.1514008073419266,0.1300436421245419,0.22135688109146634,0.17396367738326723,0.17743951728863194,0.16854140978015625
378.jpg,8,0.03410341033142888,36,0.1796954089242523,0.11496277872761554,0.18614808890605894,0.1796954089242523,0.045064627611360764,0.04966867769505401,0.04915239071860056
379.jpg,5,0.04921374613802661,34,0.21672350115539907,0.11993988084260288,0.19471876613404737,0.21672350115539907,0.09521089784984343,0.09369452230936551,0.08825202942414626
380.jpg,4,0.9263249653227189,34,0.7459393348467295,0.8433994233818852,0.7613427684132982,0.7459393348467295,0.8083137645666901,0.8124385984071969,0.8208815975026665
381.jpg,4,0.11968549799776691,34,-0.0802269810384274,0.0479682002897936,-0.03307330407873743,-0.0802269810384274,0.02961149241830857,0.0289453323223397,0.03236808267603214
382.jpg,1,0.12065063796139189,35,0.17018426488352356,0.10910144096146264,0.15278734103925035,0.17018426488352356,0.12237760871501449,0.11691777934808734,0.11861746843199511
383.jpg,8,0.05044152950112884,37,-0.09210126648231132,0.0447513972648681,-0.05057586131491543,-0.09210126648231132,0.0013630031236593343,0.0005653279758799923,0.0058050770916187044
384.jpg,8,0.05745574424156186,33,0.008842374657171526,0.06537288154698852,0.014104229450987105,0.008842374657171526,0.029885316476290225,0.03513224790503089,0.0411301585382603
385.jpg,7,0.8442497975551165,39,0.6718668647547709,0.7178117905000982,0.7784984361502062,0.6718668647547709,0.7894151177983576,0.7862159373287283,0.786370659274356
386.jpg,0,0.563256320453042,36,0.31345682770764943,0.24457044628177393,0.2733432213441773,0.31345682770764943,0.32611651772842704,0.33571064412331425,0.3264813476582806
387.jpg,3,0.7831683105656079,35,0.498286731273929,0.5503714508030296,0.5317507300971671,0.498286731273929,0.5418974713421826,0.5442542474397313,0.5342861100064794
388.jpg,2,0.055198020208626984,40,0.02235429485658602,0.06765698966719959,0.032003390428359535,0.02235429485658602,0.021246820083480944,0.02155182877103734,0.019279091559626482
389.jpg,1,0.5681753907352686,35,0.5754569181758966,0.6598118731271038,0.49541888300922654,0.5754569181758966,0.6001339530317137,0.6005157890022437,0.6012787098293362
390.jpg,7,0.5832218282000238,37,0.3409937197367725,0.30377288785254114,0.29357727415149065,0.3409937197367725,0.25876644428677453,0.2655020792488822,0.26717248018770806
391.jpg,4,0.37649817571142,38,0.5534571359741378,0.5512429223532551,0.638689299816881,0.5534571359741378,0.6328793044796377,0.6342668730568125,0.6476370132278706
392.jpg,1,0.7381448628822047,38,0.8860102560822749,0.9051532873541536,0.9306471273276788,0.8860102560822749,0.8629140161017101,0.8595244943111573,0.8603354776669416
393.jpg,8,0.04382999333348579,41,0.09908245268532978,0.0772045922900402,0.08159374991077029,0.09908245268532978,-0.016813726498497716,-0.016361559040376727,-0.01919747026431684
394.jpg,9,0.05242447315070491,39,0.14095716712616824,0.10991825411379319,0.13246400341555598,0.14095716712616824,0.1064202859890944,0.10964562187195961,0.10569509881765068
395.jpg,3,0.9658542565810375,39,0.923075900264474,0.9284549394631826,0.9895451604033481,0.923075900264474,1.014408836278894,1.0089005472357777,1.0343783977906882
396.jpg,9,0.11881187966921264,36,0.22082309306792092,0.14960340426187574,0.21676416067116516,0.22082309306792092,0.1879029455740973,0.19319214242844795,0.18778423766536248
397.jpg,0,0.8643564246594906,40,0.5808061407787147,0.5520010361476408,0.680251587671877,0.5808061407787147,0.7010995526856619,0.6960406111282066,0.6870229560782017
398.jpg,0,0.20066774014903363,43,0.23424795170822477,0.16622303320844198,0.22039172548812896,0.23424795170822477,0.18943916801867414,0.18878662972650045,0.18878060899293567
399.jpg,2,0.9568206634786394,36,0.8134439817127799,0.851310979030291,0.8817889447321104,0.8134439817127799,0.8502384137146581,0.850518324083424,0.8567421311735962
400.jpg,7,0.03350218733079558,43,0.1091757666511487,0.08113007314930276,0.22031156040880062,0.1091757666511487,0.04683032162833345,0.038418250010462396,0.017014816031090674
401.jpg,1,0.13264788047243387,39,0.06834082042044587,0.07784587610197345,0.05958714215040262,0.06834082042044587,0.09379131927210368,0.08930589144633827,0.10108290447673984
402.jpg,2,0.04027294712392865,37,-0.10051325624307839,0.04655300638045572,-0.04461083283074896,-0.10051325624307839,-0.03070698958493384,-0.034728450135248945,-0.023688030603041366
403.jpg,0,0.8066630943401439,37,0.5030909206901351,0.5516373896798198,0.609119148310713,0.5030909206901351,0.79337442106778,0.7925346255749514,0.7796511641053013
404.jpg,0,0.0464863563524332,41,-0.0450789045443154,0.0514962072248526,0.003424317036562541,-0.0450789045443154,-0.03188260165341933,-0.0350989537384328,-0.035265646257533756
405.jpg,7,0.04977997863251302,36,0.11004962620353509,0.08113007314930276,0.13436696795614778,0.11004962620353509,0.07675944773492976,0.07322900916717542,0.06293061982806702
406.jpg,1,0.03759700290204303,37,0.14223056030063919,0.10910144096146264,0.165095710954468,0.14223056030063919,0.09009527079872495,0.0860728125901799,0.06722793379663444
407.jpg,8,0.07713190789124177,31,0.09631287869379224,0.0772045922900402,0.12360302976547155,0.09631287869379224,0.09141344639986512,0.09159496668070632,0.09040858248007061
408.jpg,1,0.7858259450448187,38,0.4857550530621481,0.5517437609150966,0.4561940108978248,0.4857550530621481,0.5138828757614432,0.5148479625464583,0.5187027496818951
409.jpg,4,0.15268368913645022,38,0.15732160200014345,0.11074128661211984,0.18414236723765376,0.15732160200014345,0.06928724146699025,0.07196207260653223,0.08083662313634848
410.jpg,3,0.05575820761977842,38,-0.03805004313215721,0.05095438897618367,-0.0034860270797826276,-0.03805004313215721,-0.013809340726659347,-0.018211713015107156,-0.018214326073697606
411.jpg,6,0.09202843324209635,39,0.2692282344062583,0.20601086505424798,0.2530361148616584,0.2692282344062583,0.08063024429377186,0.08413187678594339,0.08708347404416725
412.jpg,1,0.48715546907152274,37,0.2711744963307019,0.18427255482028126,0.23163693311168249,0.2711744963307019,0.4282747842442987,0.4285945881505898,0.4314050639569875
413.jpg,7,0.2967202973086387,32,0.21720279267462006,0.12026028208256388,0.1939055527265287,0.21720279267462006,0.1720924839962588,0.1719569721479804,0.1736646757692398
414.jpg,1,0.44966996625427985,36,0.13394432119186495,0.07784587610197345,0.16303622919183614,0.13394432119186495,0.20126418888838507,0.2028629648868685,0.20600330214634743
415.jpg,0,0.30318032083750673,33,0.36011997222977843,0.3287806045807556,0.272818256614268,0.36011997222977843,0.19280387474640825,0.1947936994794982,0.19245007672448677
416.jpg,0,0.11386138732161592,34,0.09341170753206962,0.0791916664242396,0.06498970829720174,0.09341170753206962,0.10076795779562475,0.10501116342131472,0.10008720441016564
417.jpg,2,0.7283051803242415,34,0.5780646543495264,0.6902039940217262,0.6454759623861089,0.5780646543495264,0.7057788283403001,0.7079701732451139,0.7037697842057252
418.jpg,1,0.049638748131188994,37,0.00829087026746711,0.06305994592479269,0.04435446481154115,0.00829087026746711,0.038976220455740285,0.038216083615651264,0.028681204037749264
419.jpg,9,0.05720572068821639,36,0.3106476403810968,0.23952316510488195,0.32296832759233235,0.3106476403810968,0.20880242744540445,0.20964151370072542,0.21595536778723684
420.jpg,6,0.8298592943894235,38,0.6922187248932044,0.7880342554233268,0.7688109271225568,0.6922187248932044,0.7804722362153717,0.7758583544466766,0.7635898621094097
421.jpg,1,0.06355365229820883,37,-0.013598351022981792,0.06305994592479269,0.06398803119528806,-0.013598351022981792,0.07968908567633437,0.07689398795759286,0.07216133473818337
422.jpg,7,0.07135957504463632,41,0.27479404827648046,0.22795293391564922,0.2723627612425652,0.27479404827648046,0.12981030389406018,0.13118307744364577,0.12042222969698463
423.jpg,4,0.17707540038734293,39,0.14544740583854465,0.11074128661211984,0.20943517865046102,0.14544740583854465,0.2087835931554739,0.2153058490803164,0.22520151393437113
424.jpg,9,0.04830077603912434,37,-0.026895821358821292,0.05950893049612563,0.020295962720639382,-0.026895821358821292,0.12059308306092317,0.12294301706595112,0.1276372917555424
425.jpg,6,0.04252348311293202,39,0.020774712918632754,0.06882876479982795,0.06227869789163243,0.020774712918632754,0.033265263187153005,0.03349432851314954,0.025290438421956718
426.jpg,7,0.06011315460449883,35,0.18482528279858967,0.11212006878716584,0.16072475378029183,0.18482528279858967,0.09964002294476443,0.0998222860326212,0.1029441400712045
427.jpg,4,0.10286028681892073,36,0.21875153579244888,0.15671442137022404,0.2853230500572348,0.21875153579244888,0.2534771690239995,0.2585848475461793,0.2820588367578649
428.jpg,6,0.07265185900787646,37,0.07790844134717734,0.07862445832994937,0.10822460104926013,0.07790844134717734,0.14014210759308293,0.13785574316231056,0.13910238873230635
429.jpg,9,0.2798332480566674,38,0.35092396075535864,0.3191894603409717,0.38590904422500855,0.35092396075535864,0.3043993824833773,0.29202465324866084,0.30485989237908256
430.jpg,1,0.06380638169745605,36,0.10876299480765572,0.07784587610197345,0.1473047750172084,0.10876299480765572,0.07348117097258527,0.07514895064105989,0.06123152999961867
431.jpg,1,0.7712871223688126,35,0.5900919484878765,0.6847903461860428,0.6613770832451971,0.5900919484878765,0.5647391792311615,0.5669832602244149,0.5646181302375697
432.jpg,7,0.8655750056107839,39,0.737274438627983,0.8518980439888001,0.8274979559672223,0.737274438627983,0.8089536497542003,0.808415561164838,0.8006250485774364
433.jpg,9,0.4592959312980788,36,0.3041333318876201,0.23952316510488195,0.19614591710188473,0.3041333318876201,0.3430817518524322,0.3439686460462819,0.348618632839461
434.jpg,7,0.1388613868970424,40,0.23284045369563855,0.13343501877625344,0.0882607590991129,0.23284045369563855,0.10794662723689555,0.11048200133342326,0.11754660328388991
435.jpg,8,0.0832847994615269,34,0.31715794051031776,0.2431578223870636,0.3166387804087366,0.31715794051031776,0.28174147644580383,0.278654908918472,0.28039463076530563
436.jpg,3,0.15560609849824295,37,0.3148331562723053,0.2573233508331544,0.31276163202756124,0.3148331562723053,0.3637476657687057,0.3711321628590708,0.3708943852855878
437.jpg,3,0.22153465294104535,32,0.34434742763481846,0.332381243878807,0.3420156855323567,0.34434742763481846,0.24857942921740364,0.2507180114667217,0.2425319537971288
438.jpg,2,0.06486417876126674,39,-0.11456373773149287,0.04655300638045572,-0.0940415347972583,-0.11456373773149287,-0.014983764689167733,-0.018687111853001315,-0.012137174103945714
439.jpg,3,0.9389438794718848,36,0.682572977796766,0.7294260140774175,0.7571177569087914,0.682572977796766,0.8421966735508482,0.8404480073439492,0.8372603763354017
440.jpg,8,0.061956196247289576,33,0.20296841291411893,0.11563919133129662,0.22216279685303097,0.20296841291411893,0.1841795018049715,0.1790085735534271,0.1691226033942305
441.jpg,8,0.102585258298657,36,0.1593123525549861,0.11496277872761554,0.1811841395417919,0.1593123525549861,0.14872451495475272,0.15009720562335102,0.15863646110420115
442.jpg,1,0.04164240017588086,34,0.04951736874412105,0.06516180103212872,0.08355409270782488,0.04951736874412105,0.08995168932185146,0.09054915584025466,0.08116876118322108
443.jpg,1,0.3741616116265856,31,0.38860616052984165,0.32593827667526026,0.36027985885691605,0.38860616052984165,0.45945493907619006,0.45634733383272585,0.45565131078175036
444.jpg,1,0.0717114561503487,35,0.08076971622986562,0.07784587610197345,0.06804406906888061,0.08076971622986562,0.04218820243967303,0.04343829182379971,0.04132786874970268
445.jpg,5,0.08475847632595987,33,-0.0028249547879247716,0.06320160459380547,0.025430229235595236,-0.0028249547879247716,-0.021777802588400508,-0.019940509989228306,-0.014551231963415956
446.jpg,8,0.6316831627860665,40,0.4142301304135979,0.3770290562926811,0.5065563220112963,0.4142301304135979,0.7703050079640468,0.7725870781689761,0.7754556387038009
447.jpg,3,0.08800880076725864,36,-0.07256697799107359,0.05095438897618367,-0.022062549795857755,-0.07256697799107359,-0.008089503127126974,-0.006272450107702998,-0.02288255355903318
448.jpg,3,0.16144114427475464,36,0.11538982054364233,0.07691911078717067,0.08617183578415055,0.11538982054364233,0.13041791662950417,0.12909958176754732,0.12564498048743097
449.jpg,4,0.22249725248871577,36,0.22978065137462989,0.16560985692337699,0.23706923568176086,0.22978065137462989,0.31061251406693646,0.31753035021857906,0.312477512413092
450.jpg,1,0.08470847056661215,36,0.06758498026043314,0.07784587610197345,0.03882088489219748,0.06758498026043314,0.039263538249946495,0.04150621001264726,0.03257206796303186
451.jpg,5,0.14486711795784926,38,0.23682948900047673,0.1641647309290077,0.27163663533357524,0.23682948900047673,0.3193036141633198,0.30468618903888695,0.28636279341453824
452.jpg,2,0.04483734093872564,35,0.21002897905910256,0.10955315572120147,0.20846721097551912,0.21002897905910256,0.06024428072311788,0.059088923632948764,0.05507498522336224
453.jpg,0,0.6366336601919361,35,0.4856943406012536,0.5411222388767571,0.5396179539746906,0.4856943406012536,0.564537836162514,0.5538935883673408,0.5397528144666682
454.jpg,2,0.9247766068068947,41,0.71767687132238,0.8255162173889045,0.773857426293839,0.71767687132238,0.7633768625913355,0.7720686987461675,0.7696373937383956
455.jpg,8,0.6140028262111757,35,0.628718287987895,0.6950127328064066,0.6633274103098674,0.628718287987895,0.7185305382176116,0.717417542826802,0.725299063103289
456.jpg,9,0.5860836076188005,36,0.6049238423026231,0.7232991083023066,0.5582863715926882,0.6049238423026231,0.5753371401790286,0.574245954784967,0.5692091664031056
457.jpg,2,0.2654015407509481,36,0.5195430472987163,0.5593292313343603,0.426412981156645,0.5195430472987163,0.38590804291003533,0.38284695645716654,0.38943659536741115
458.jpg,4,0.6922876447022549,38,0.6263465771862768,0.7206210405711609,0.6070583345936867,0.6263465771862768,0.668761069251406,0.6695386707458265,0.6583821663466471
459.jpg,8,0.07949912797330934,34,0.0034413650744823387,0.06537288154698852,-0.005867005145373083,0.0034413650744823387,0.034455237797692606,0.023545969527308253,0.02909081013876097
460.jpg,9,0.9173417217803724,33,0.5896839944984255,0.6511962581192626,0.6806452105715038,0.5896839944984255,0.7693273718189353,0.7765753079880879,0.7996139112791909
461.jpg,7,0.06357477925178644,38,0.008794797599766535,0.06122002144604816,0.04493303305727936,0.008794797599766535,0.0908919694548915,0.0847826423590364,0.07124187976961177
462.jpg,5,0.143855561474886,34,-0.09563867940471993,0.040504369681454926,-0.03748321821786371,-0.09563867940471993,0.04615926905147821,0.04038968631033146,0.035410859629036506
463.jpg,4,0.03861386175932629,35,0.15306513930310073,0.11074128661211984,0.1712486415104838,0.15306513930310073,0.05154182248892275,0.05536612647171785,0.06783901566382966
464.jpg,0,0.056930692750029266,36,-0.14871149972685793,0.04421016028174606,-0.10406911921677786,-0.14871149972685793,-0.0360788429005236,-0.03955511921679278,-0.04747738055680639
465.jpg,0,0.07243356074353582,38,-0.20235925340816574,0.029564791782610324,-0.14634220763999017,-0.20235925340816574,-0.08867625824654995,-0.09326620870202829,-0.09613480281984965
466.jpg,2,0.09950495088705794,40,0.2629114519243176,0.15874732508085806,0.1682558326760517,0.2629114519243176,0.0893202889962608,0.08924837314645842,0.09211829283111589
467.jpg,3,0.8392545002759161,34,0.5183414397983701,0.5503714508030296,0.6367708434241451,0.5183414397983701,0.8325674295248735,0.8335708151949753,0.8484076880759793
468.jpg,8,0.14799374759834455,38,0.07795183397476824,0.0772045922900402,0.07489005931739545,0.07795183397476824,0.1105413735406087,0.10810738938767495,0.1096231140359164
469.jpg,9,0.03778009446288802,38,0.14276254960685386,0.10991825411379319,0.15583807528770965,0.14276254960685386,0.16055744883220863,0.16209813650535068,0.16770596194725268
470.jpg,4,0.368878781833258,37,0.41256613080470333,0.3918490783453818,0.34826302166306755,0.41256613080470333,0.40833149228269733,0.41114215048869684,0.4016417895932245
471.jpg,4,0.0670567064433161,33,-0.014534291764330187,0.06753602664062695,-0.0067104731425085,-0.014534291764330187,0.07374949419160196,0.07388152067167575,0.08290351129579393
472.jpg,7,0.06156384915065689,39,-0.01580641854239795,0.06122002144604816,-0.009112811812850286,-0.01580641854239795,-0.050193031203309424,-0.048701278285469995,-0.04838921210675362
473.jpg,8,0.26470588012050617,34,0.5206122717246013,0.5707013535036601,0.5062680604492751,0.5206122717246013,0.48696410776251964,0.49349665822315786,0.48447392899606967
474.jpg,1,0.11764705952202134,34,0.0998959899666243,0.07784587610197345,0.12831750236077843,0.0998959899666243,0.12428462837523796,0.12505508714485802,0.11904779885279251
475.jpg,8,0.9202096506487578,34,0.8486337562348922,0.8867447413474017,0.951240405782287,0.8486337562348922,0.9489856311348035,0.9452728831822252,0.947343502092173
476.jpg,6,0.4921992221480292,33,0.4613049447799269,0.4720271624198542,0.391965936543164,0.4613049447799269,0.45689523869252985,0.4531260017047126,0.44763961308864664
477.jpg,5,0.07238426428237879,37,0.04827926425958229,0.06676389807433737,0.04001073696871582,0.04827926425958229,-0.005203886247403089,-0.0015948788895762678,0.00502535469882559
478.jpg,3,0.0646103077615874,39,0.06776313951190849,0.07691911078717067,0.055360603300843025,0.06776313951190849,-0.017571123435273395,-0.022411825604168545,-0.020502860193963635
479.jpg,5,0.1763790689541825,35,0.3683240722266959,0.31921079411571773,0.3141598061662719,0.3683240722266959,0.2973608445277338,0.2972523383419398,0.3003038859899792
480.jpg,2,0.14472917871385374,34,-0.0029855360064435787,0.06536256007639345,0.003023066131651264,-0.0029855360064435787,0.11732559356791775,0.1225653879557149,0.11913406746415584
481.jpg,5,0.9178800092023962,34,0.6504567378958417,0.704990775720648,0.7072032070784539,0.6504567378958417,0.7881674712512752,0.7850157674657314,0.772091121870355
482.jpg,3,0.22588401823969825,35,-0.04521329950643038,0.05095438897618367,-0.08940838966892506,-0.04521329950643038,0.11355533717418712,0.10838175026215344,0.10126225321593449
483.jpg,7,0.051430143855719104,36,0.053428551687212056,0.06122002144604816,0.0680303587034059,0.053428551687212056,-0.017311752340795405,-0.01730257877919128,-0.019095788518075252
484.jpg,8,0.03663366398374949,35,0.17012261964990738,0.11496277872761554,0.1957714245298275,0.17012261964990738,0.08842209520095562,0.08745072700493609,0.07956811887583565
485.jpg,0,0.5034034649142995,32,0.5380548319566917,0.5516373896798198,0.5388708044499135,0.5380548319566917,0.672907144272454,0.67583089181246,0.6783354115654487
486.jpg,9,0.16565117945608038,39,0.22315696376955507,0.15958408342920144,0.19169271637881924,0.22315696376955507,0.23710365315063509,0.23654171908776958,0.2349482100429804
487.jpg,3,0.21117397417713488,35,0.14137716816617718,0.10174788984890937,0.11359283682794341,0.14137716816617718,0.13547646844969768,0.13809477582407195,0.13126673230216052
488.jpg,7,0.0684818484975646,36,0.20972808183233893,0.11933326692445369,0.1952131169891299,0.20972808183233893,0.09949809958423353,0.10168178816144138,0.10831691730701123
489.jpg,0,0.7793684692398922,37,0.4809801756674517,0.5356240096655697,0.5551950361567395,0.4809801756674517,0.5713195999178031,0.5638569453409903,0.5644239602613663
490.jpg,0,0.25866336659528316,40,0.5199671547719569,0.5516373896798198,0.57215104644706,0.5199671547719569,0.49320509552127934,0.48739753580195655,0.46278010336282993
491.jpg,5,0.7732673206499645,35,0.670238968083118,0.7453479185134119,0.7133366991992467,0.670238968083118,0.6860429307221841,0.688904832016144,0.6885533709353671
492.jpg,9,0.12188921734136907,37,0.10958523351396654,0.08018106149057136,0.09198588942651942,0.10958523351396654,0.08871473042782832,0.08496084789033831,0.08313237825243366
493.jpg,2,0.058030802329691746,36,0.1909786564837208,0.1084719442093336,0.22482672684139265,0.1909786564837208,0.23941144358758942,0.24526163018141253,0.24415726179391867
494.jpg,7,0.7681518060465654,36,0.6502086225928875,0.7114624643915367,0.7437239787210541,0.6502086225928875,0.6770387269806644,0.6763496235040468,0.6748805467692638
495.jpg,5,0.9341433996504004,33,0.6277988116975187,0.704990775720648,0.6835995253829713,0.6277988116975187,0.7689340016832219,0.7681205261605766,0.7577526472494588
496.jpg,4,0.07123212221389015,36,0.23606604643149343,0.16560985692337699,0.2014892279726646,0.23606604643149343,0.11897282453422045,0.12096629791246233,0.1105209055919757
497.jpg,2,0.7387552955720041,35,0.8693467205739683,0.8882858273537251,0.8906203028257501,0.8693467205739683,0.8397587278848004,0.84895824836469,0.8518955846302032
498.jpg,7,0.29395236592186064,37,0.5618400963619574,0.5659652064933031,0.4302891202206141,0.5618400963619574,0.4489279740177822,0.4540207221657687,0.44503652230855073
499.jpg,3,0.12135402616616842,37,0.23778828583790745,0.16020969594621345,0.23227218015352352,0.23778828583790745,0.21750936549138083,0.2130042837614893,0.2012598221620521
500.jpg,1,0.32152162880734786,38,0.3251387297758499,0.3100913073432311,0.223686915075183,0.3251387297758499,0.26500222190061573,0.27234361176937893,0.2706937526345909
501.jpg,8,0.22277227869710406,37,0.5604907226752676,0.5877583911475187,0.4795549682687358,0.5604907226752676,0.5958938427587699,0.5970534798093905,0.5947916524596415
502.jpg,2,0.5014560208108056,34,0.26074996369376663,0.15874732508085806,0.19871901487481453,0.26074996369376663,0.36454575328010025,0.3644707829131431,0.36677944549784247
503.jpg,2,0.10425160021302016,34,0.1372308265072999,0.10649113318862383,0.08182538470392065,0.1372308265072999,0.04623559751661721,0.049330500146875955,0.04672855751436794
504.jpg,4,0.05155759528506457,41,-0.08507871807994183,0.0455408693881078,-0.1363313185489119,-0.08507871807994183,-0.11634079461279262,-0.11263731893230056,-0.12245644476590278
505.jpg,2,0.22143430417604945,37,0.3123988092245796,0.24756911712863766,0.2532642293050286,0.3123988092245796,0.3118747557010428,0.3143234239696728,0.31039545581557115
506.jpg,5,0.0666195190511644,35,0.03394929905110311,0.06676389807433737,0.10888766112199688,0.03394929905110311,0.14004437697304645,0.14095247890032772,0.1369899637127339
507.jpg,1,0.24504950258415192,36,0.3805555718322533,0.32593827667526026,0.26736653615047523,0.3805555718322533,0.3687516739983833,0.374984226696572,0.3798346027738497
508.jpg,7,0.18238665864459777,38,0.2334468168740994,0.13343501877625344,0.20535833163949102,0.2334468168740994,0.15683541361559758,0.1573190450836165,0.1594721972792269
509.jpg,5,0.18957483910900705,34,0.16808837203052773,0.11421336572053108,0.1547291376489195,0.16808837203052773,0.06093219881601106,0.061247365356630834,0.07398918209153818
510.jpg,3,0.19108910660392472,35,0.14784911163854286,0.10474807773403103,0.10068366086756975,0.14784911163854286,0.11437224882855723,0.11387471266331581,0.11418184190697947
511.jpg,9,0.915038787029885,37,0.749901036497445,0.8332585044081106,0.7824481114753643,0.749901036497445,0.8278403737369318,0.8287529268363535,0.8234948945554661
512.jpg,8,0.5002750247432333,36,0.22415613267536205,0.1442543180381442,0.18249212583837982,0.22415613267536205,0.328962408742535,0.3310111839848434,0.3396885577191479
513.jpg,0,0.0504415306464039,37,-0.03172100382150078,0.059991131208523445,-0.0065125819309993505,-0.03172100382150078,0.06883183709920015,0.0724584893352653,0.07563041465636738
514.jpg,7,0.0915134351035314,35,0.16129867695603084,0.11212006878716584,0.13269120856171757,0.16129867695603084,0.09930818920122964,0.09900959192901551,0.10090991376803696
515.jpg,9,0.03564356475835666,40,0.009300423718648476,0.0654789403385219,0.05011783171987172,0.009300423718648476,0.0797195491872,0.08264368710949244,0.08970580570339273
516.jpg,9,0.06675667576774051,33,-0.05420561582872496,0.04745105967398929,-0.014153266899349592,-0.05420561582872496,-0.012928211672875833,-0.01428553779954922,-0.012566200513227932
517.jpg,4,0.06231799687478034,34,0.1071317364090375,0.07712732129712084,0.04384708253553793,0.1071317364090375,0.07155791937756031,0.06916687655962545,0.07207400260465213
518.jpg,5,0.10973597336043087,36,0.0850966934415196,0.0748146206631991,0.13176547904225688,0.0850966934415196,0.11825219083053432,0.11262184025946745,0.10960778929692769
519.jpg,2,0.10717821741709485,40,0.09074036121141216,0.07775459452314136,0.051539993881268065,0.09074036121141216,0.045455076666642835,0.04674291011648918,0.04652660501033179
520.jpg,7,0.0994889804973237,31,0.12773202151335217,0.08113007314930276,0.16167480697838654,0.12773202151335217,0.11787538802764533,0.1157484669374289,0.11968988675622289
521.jpg,2,0.09900990123343137,36,0.04661014964500776,0.06765698966719959,0.004172163257704198,0.04661014964500776,0.044619605980536825,0.04468075616598538,0.04469214347673367
522.jpg,7,0.1213540292621867,37,0.00466553287006144,0.06122002144604816,0.020389798292165695,0.00466553287006144,0.0667972770130272,0.06745194568889676,0.0647702621333048
523.jpg,6,0.08048090626086507,35,0.05068612728596189,0.06882876479982795,0.03769829606313002,0.05068612728596189,0.08830505297073094,0.08882802773173529,0.09192265899810706
524.jpg,6,0.0478547862989621,36,0.045451808317302334,0.06882876479982795,0.055548713042257836,0.045451808317302334,0.030547572832332115,0.03143994020061819,0.029563203222130074
525.jpg,2,0.809330923130002,33,0.729008351595433,0.8511429239780222,0.7853837284487947,0.729008351595433,0.8397835528439247,0.8368011096508041,0.8279403977644109
526.jpg,0,0.06729997236382317,37,0.127527086329139,0.0791916664242396,0.0636051198180021,0.127527086329139,-0.019715393147147264,-0.014502243325532793,-0.013559241183174586
527.jpg,1,0.19832920675980859,32,0.1356536400595485,0.07784587610197345,0.09722029886757477,0.1356536400595485,0.09687667165541947,0.1017604650814416,0.10180571809725905
528.jpg,8,0.3453698303166996,34,0.47965864836408356,0.4830237023916583,0.5783879108140769,0.47965864836408356,0.5913454515466778,0.5923042495985111,0.5991190620578715
529.jpg,7,0.60279557569062,34,0.4836428842271246,0.553934962105324,0.4749018366021869,0.4836428842271246,0.41626327301473254,0.41184298254668106,0.4101550170148648
530.jpg,9,0.0657708637682455,35,0.17456609335713247,0.11514063096177261,0.17612956041303063,0.17456609335713247,0.11421582749091644,0.11129668372598384,0.1066296859401881
531.jpg,9,0.17864215174423798,35,0.16238515959530642,0.11514063096177261,0.15515014734863614,0.16238515959530642,0.18532293467565036,0.18419093607845474,0.17696195022737995
532.jpg,2,0.4183837292917274,37,0.4500348562064501,0.435883742908558,0.4159378306028749,0.4500348562064501,0.40571008167492484,0.4019290678866576,0.40898640192866464
533.jpg,2,0.06562579180806494,39,0.17397254818597763,0.1084719442093336,0.1404056699290781,0.17397254818597763,0.08341007824429642,0.08453163918250023,0.08065738905501924
534.jpg,7,0.09507489126796524,39,0.03724173802490949,0.06122002144604816,0.022165458155538276,0.03724173802490949,0.07006869294389495,0.07460375934009558,0.06938392809764077
535.jpg,5,0.162517680414021,35,0.16720310525882398,0.11421336572053108,0.21109606990908175,0.16720310525882398,0.1635015019593835,0.16738221147679147,0.1644031909644717
536.jpg,1,0.5861653673865304,37,0.29159647126031774,0.2155492250290481,0.3242828774678607,0.29159647126031774,0.34881898095290065,0.3422465722056823,0.33961079403715727
537.jpg,7,0.04865974455890132,41,-0.12818921049415766,0.04558777264664416,-0.09256969162313289,-0.12818921049415766,-0.017362364346330983,-0.017179023004455396,-0.02511782387948247
538.jpg,5,0.06490649022938062,36,0.009292388924483364,0.06320160459380547,0.03397583604895882,0.009292388924483364,-0.024726069566757103,-0.028646398060227785,-0.026103618231794967
539.jpg,5,0.08211997619775288,34,0.012005201361282247,0.06320160459380547,0.025346808373067797,0.012005201361282247,0.05578350160194645,0.0576543819957383,0.06399773475424286
540.jpg,3,0.401272982172668,35,0.6651051494644866,0.7294260140774175,0.684621799334504,0.6651051494644866,0.6035583759962839,0.593964596951749,0.6161461995210091
541.jpg,9,0.4442417905053222,38,0.32478281528160596,0.2431479785935845,0.33697259270011265,0.32478281528160596,0.3193172424211252,0.3187710254551837,0.31846221048513557
542.jpg,6,0.04180418070043541,36,0.10297845324383825,0.07862445832994937,0.16130545067102608,0.10297845324383825,0.11169195703035817,0.10933767490750876,0.11204444666583491
543.jpg,3,0.1588172317935607,37,0.09792915034646998,0.07691911078717067,0.08762157416896799,0.09792915034646998,0.06625133029240282,0.07237464209113048,0.08345131502292052
544.jpg,4,0.7703731801265326,39,0.6794556598492683,0.7206210405711609,0.7456902662488666,0.6794556598492683,0.886678126444906,0.8827378939900583,0.8827913224759464
545.jpg,1,0.12291372001969389,35,0.38278103047852474,0.32593827667526026,0.3616539821686965,0.38278103047852474,0.30153205763852775,0.3021545562711776,0.30058033153725267
546.jpg,7,0.6924868932076018,34,0.7792738244771041,0.8518980439888001,0.7830407761898477,0.7792738244771041,0.7488180658357705,0.7497018705468202,0.7380213884425051
547.jpg,8,0.4083523741588952,39,0.368393444374552,0.3268494959247288,0.37047684755111343,0.368393444374552,0.32663365689580753,0.31789740353900076,0.31727718026962404
548.jpg,3,0.39991971978766694,37,0.3880094911530875,0.332381243878807,0.26714406892162523,0.3880094911530875,0.38344390404551304,0.38760155400832486,0.3862737439524614
549.jpg,0,0.5374037401957644,36,0.37171262236874925,0.3287806045807556,0.36258724011923676,0.37171262236874925,0.3968040979407428,0.3892658384279052,0.37469043159480453
550.jpg,8,0.09888296591070218,39,0.22304156630832317,0.1442543180381442,0.22582334915630187,0.22304156630832317,0.19658357220594605,0.20018356997453152,0.20257704783010588
551.jpg,8,0.22662266197666112,36,0.4339038648421767,0.4324821919498212,0.37427577112137744,0.4339038648421767,0.2202428646611442,0.22054697683982724,0.22059256683276443
552.jpg,3,0.1897689749667835,36,0.22253907201521816,0.15447844475435327,0.22762923874356056,0.22253907201521816,0.1364727396320523,0.1368584142368526,0.1311815713698226
553.jpg,9,0.16122558298898307,37,0.3526260675439263,0.3191894603409717,0.35372714893747337,0.3526260675439263,0.31574158290817156,0.3174301798019592,0.3297924636575943
554.jpg,6,0.056435643934777804,35,-0.15871949546778752,0.04446050332700501,-0.08956007603706317,-0.15871949546778752,-0.1190221228800068,-0.12312041571142207,-0.11190722261274927
555.jpg,6,0.11706464860917014,34,0.08847927125087218,0.07862445832994937,0.04068992982336417,0.08847927125087218,0.18462711006031401,0.1819729710882929,0.17078402140491142
556.jpg,1,0.3019801967174691,34,-0.01455836753975237,0.06305994592479269,0.008516895723883366,-0.01455836753975237,0.13707498917069424,0.13153109343089842,0.13457799449913418
557.jpg,4,0.032253225475098145,33,-0.01192948300201635,0.06753602664062695,0.011483903106918936,-0.01192948300201635,0.028837004885396977,0.026187885676621003,0.026863256489312426
558.jpg,9,0.11939429054858491,34,0.2531733468011978,0.16278843734019652,0.2585630484430323,0.2531733468011978,0.17873411538046702,0.17590757259367676,0.17420917096329688
559.jpg,3,0.43116454591619824,42,0.30771325608221606,0.2573233508331544,0.2828367464846504,0.30771325608221606,0.28186216076802756,0.28653455694223756,0.30357476050584964
560.jpg,6,0.02691831700212788,32,-0.06529908362411596,0.0465224478668504,-0.04077999754383144,-0.06529908362411596,-0.06574064768729126,-0.06798299452725587,-0.062013764306162455
561.jpg,0,0.252221372933724,39,0.3619856646305596,0.3287806045807556,0.21772888633466364,0.3619856646305596,0.20775440222603056,0.21113268829526693,0.22115336920991127
562.jpg,6,0.10802233972562811,39,-0.010809862643630153,0.0646820268081234,-0.009975011407593493,-0.010809862643630153,0.020679204731850642,0.023865460705506658,0.02739132029267638
563.jpg,4,0.04317931754566315,36,0.03399381679726632,0.06753602664062695,-0.002211488778309123,0.03399381679726632,0.01737155646910815,0.017543501476759316,0.01893313285818038
564.jpg,9,0.044004400415966906,36,0.03936336078185976,0.06721465089495035,0.05909361330067153,0.03936336078185976,0.09989616448055985,0.10496095704239913,0.10901441607709825
565.jpg,9,0.04226961167147144,39,0.22654175603290716,0.15958408342920144,0.18183262058327976,0.22654175603290716,0.10125748888825101,0.10675161974023284,0.1014766106181624
566.jpg,1,0.24158415804849936,40,0.5742659376420737,0.6598118731271038,0.5435821332276117,0.5742659376420737,0.45605443337113116,0.45118477973326243,0.44190140883494666
567.jpg,0,0.1427826997211301,38,0.220331824064534,0.16202097175447608,0.19303118216726056,0.220331824064534,0.17944293144224335,0.18118895414074737,0.1768664182088227
568.jpg,5,0.5538207617922662,39,0.42772898060462916,0.4452768945051236,0.37939114938876445,0.42772898060462916,0.4535139517079722,0.4516188516633805,0.45088930087546325
569.jpg,0,0.06322489358218653,35,0.18847431991689334,0.11115704112137899,0.1855867810627685,0.18847431991689334,0.1357897120606356,0.1342348839361831,0.1356955398313358
570.jpg,0,0.35930172362560897,38,0.33170188287069413,0.30250131178919243,0.314446309353251,0.33170188287069413,0.28348196542267906,0.284744431676046,0.279698476680311
571.jpg,1,0.6399889958556741,36,0.663057774443143,0.7265904081182598,0.700781795952284,0.663057774443143,0.7294433947176895,0.7260803361168415,0.724152373785439
572.jpg,0,0.03109926399655449,39,-0.05252508689881452,0.0514962072248526,-0.00427645991874348,-0.05252508689881452,0.10243924906881491,0.098185268151391,0.10613548852860782
573.jpg,3,0.04018637169535984,34,0.3161207476482379,0.2573233508331544,0.30938093397269373,0.3161207476482379,0.17747192857264896,0.18215866136783407,0.18849347815445183
574.jpg,6,0.1700495034805499,40,0.21203458432470246,0.11637958158937668,0.17166574801573398,0.21203458432470246,0.15539568018512076,0.15607172645397116,0.16157356467294826
575.jpg,5,0.029207921132910996,40,0.13525886325171455,0.0748146206631991,0.2101226818019895,0.13525886325171455,0.13949519728889156,0.14463230350526438,0.14463214103593117
576.jpg,8,0.7630834460657622,35,0.7424262633900135,0.8455750291083303,0.8116025720479011,0.7424262633900135,0.768914801770309,0.7644964985830516,0.7610578653963529
577.jpg,6,0.25351745713698237,38,0.2606158903127078,0.17109830040599106,0.27309144339721686,0.2606158903127078,0.2680825662872078,0.27010651468603436,0.26899914066653413
578.jpg,8,0.02970297061579509,36,-0.05485079045305852,0.05191203632213647,0.00733078775344409,-0.05485079045305852,0.18648584692084383,0.18749646824506766,0.1871051913152487
579.jpg,3,0.09045904523439029,33,0.050607126528431245,0.06577852783195158,0.059921523606007554,0.050607126528431245,0.008283091816062516,0.008357167277275313,0.012195271519026107
580.jpg,9,0.06492220720808421,35,0.07782127497089897,0.08018106149057136,0.03143640285733762,0.07782127497089897,-0.009508452004050427,-0.008559192632997703,-0.009175850469641367
581.jpg,3,0.03015301576956655,33,0.07958395579572464,0.07691911078717067,0.04786776942367932,0.07958395579572464,0.09771366978378002,0.09274492367829182,0.09856413513430329
582.jpg,4,0.04080813511501293,37,0.17311805048344342,0.11074128661211984,0.1758543288924867,0.17311805048344342,0.11404984598374593,0.11216040422521178,0.10875313008298831
583.jpg,1,0.18674367420478827,36,0.2610517114320253,0.1661823572334525,0.22794481950861395,0.2610517114320253,0.187043419197787,0.18554476110533846,0.19282351527811903
584.jpg,4,0.32263083080095906,35,0.17853544536872978,0.11074128661211984,0.1609126000370733,0.17853544536872978,0.2631539465385199,0.25827390082451335,0.25543910118429924
585.jpg,4,0.5088587776194081,38,0.5964057960101673,0.7206210405711609,0.4859687639529039,0.5964057960101673,0.48384019020248803,0.48298885749892007,0.47846850780331096
586.jpg,6,0.03086779299466049,34,0.18883253705887915,0.10794385871015534,0.157514756510991,0.18883253705887915,0.025157453124240836,0.024252297011204793,0.020658292082408047
587.jpg,1,0.05175517585523652,33,-0.023776909797519674,0.05922353019220686,-0.01040416198118499,-0.023776909797519674,-0.021026321308376228,-0.023035882775012895,-0.02131144725364187
588.jpg,7,0.04568599759201918,35,0.11676130149808073,0.08113007314930276,0.1182194046440187,0.11676130149808073,-0.01284153713136904,-0.009988060712623925,-0.01235928120971197
589.jpg,7,0.8457318592715908,37,0.5977461603273363,0.7109977457291631,0.6602394774504393,0.5977461603273363,0.8410797295236467,0.8403169213518054,0.8357114025064872
590.jpg,6,0.09171443546533976,38,-0.041676017069548044,0.05633997171304506,-0.08691539490805666,-0.041676017069548044,0.05709509352855835,0.058038115414666025,0.05099757446791936
591.jpg,1,0.06105610588565469,39,0.037838527422944135,0.06516180103212872,0.013524328377543138,0.037838527422944135,0.05863016901517398,0.05698490596204109,0.06033820393302336
592.jpg,2,0.03706181453339554,37,-0.02072610706243705,0.05948957065579746,0.034317046782188054,-0.02072610706243705,0.10455534188740259,0.10726916898598934,0.10720595188511098
593.jpg,6,0.1987270153526749,35,-0.06778949023196945,0.0465224478668504,-0.09903361971185154,-0.06778949023196945,-0.006685836996430827,-0.005479843424785524,-0.014648657384470687
594.jpg,9,0.21017101766880264,33,0.24857466530488215,0.16278843734019652,0.28056937725421266,0.24857466530488215,0.16019428554947351,0.15996080717444955,0.15907475923556547
595.jpg,2,0.049025870228727016,31,0.19414008984624143,0.1084719442093336,0.1902008754906906,0.19414008984624143,0.10154905053437127,0.10038979716045204,0.09603066957278114
596.jpg,2,0.3439291278635593,38,0.4691439311854071,0.5340932926573354,0.3942870726543767,0.4691439311854071,0.4809046368476454,0.47589042921059177,0.48617777993540456
597.jpg,1,0.07211667131884275,37,-0.0730950173846101,0.05058282400997896,-0.07988102721995827,-0.0730950173846101,-0.097413448310041,-0.10015541367369729,-0.10926584774718284
598.jpg,8,0.0841584157016946,41,-0.07444954370397483,0.05191203632213647,-0.1106335636757021,-0.07444954370397483,0.11620121695918822,0.11452200665126103,0.10948826833501718
599.jpg,4,0.3078192438548192,39,0.3213383601944409,0.23586045066947647,0.35851321530885366,0.3213383601944409,0.3437066459586614,0.34115717516651944,0.33973101542003276
600.jpg,5,0.22632647667510006,39,0.29133439785632315,0.24760224470487327,0.18533301027038118,0.29133439785632315,0.23180474162410225,0.23824983024012758,0.24599143335578505
601.jpg,2,0.054963189320495494,39,0.062045294853046884,0.06765698966719959,0.05794688427432282,0.062045294853046884,-0.015145873845600344,-0.012424822739756647,-0.01596786914596976
602.jpg,3,0.427826991243484,38,0.15907196175794291,0.10474807773403103,0.1439937193176939,0.15907196175794291,0.17938475249253744,0.17306936987264027,0.1675774675083466
603.jpg,4,0.061881188175175336,40,-0.017802325400011254,0.06753602664062695,-0.015512714443079667,-0.017802325400011254,-0.022928885756887674,-0.02302668314435241,-0.01259102127148537
604.jpg,0,0.07057991552033595,35,0.2535990721593841,0.16622303320844198,0.14091606424620362,0.2535990721593841,0.22800774272215632,0.23222142330461087,0.2283462887207062
605.jpg,8,0.16336633733340672,35,0.18158262748818899,0.11496277872761554,0.16558827855534541,0.18158262748818899,0.14763762265265237,0.1404997514991745,0.14495697550581468
606.jpg,1,0.15594059569088536,36,0.4203005333388026,0.4073881743334777,0.34530589811495976,0.4203005333388026,0.23820801854955748,0.2468025078203281,0.2415965887112232
607.jpg,7,0.8701446952346044,39,0.5641224085401698,0.5659652064933031,0.6682028843333583,0.5641224085401698,0.8875361471641063,0.8855081988951634,0.8825547207662034
608.jpg,6,0.04936350800895265,35,-0.12516319559064537,0.04446050332700501,-0.016755583802432805,-0.12516319559064537,0.0349747679603602,0.026189900821683487,0.033968721703849514
609.jpg,2,0.036400699577129936,34,-0.046817253043092144,0.05004338903694029,-0.0932740022558437,-0.046817253043092144,-0.019978019652299783,-0.01923873705068674,-0.020880620195163457
610.jpg,0,0.20505471668500258,38,0.14391901866735068,0.11115704112137899,0.15392106940432498,0.14391901866735068,0.08686029610255078,0.08022535530885175,0.07796474610805276
611.jpg,8,0.8564356336506401,41,0.8277443462050881,0.8867447413474017,0.894742529817843,0.8277443462050881,0.9373691262548844,0.9419535160526258,0.9425540720564922
612.jpg,1,0.32829598637640867,38,0.21889285194966068,0.1448493845514089,0.28534248710647636,0.21889285194966068,0.24013521250585207,0.23698852101873283,0.2353124863525743
613.jpg,8,0.3485730907551068,34,0.39679712196272005,0.34486861897098864,0.292770278469549,0.39679712196272005,0.3493881325866728,0.3525428132122387,0.3458855157365403
614.jpg,7,0.9311173813683646,35,0.7131004173352765,0.8363607714344481,0.7821547818490662,0.7131004173352765,0.8384616561274842,0.847057046126486,0.8676789237512837
615.jpg,7,0.4609460909333494,36,0.4661075120043637,0.5003399970815848,0.3837962677000854,0.4661075120043637,0.3966119087221804,0.3975524150214112,0.39682441154181286
616.jpg,3,0.0521258013733827,34,0.0028569531170485885,0.06316060669831974,0.012667845660479737,0.0028569531170485885,-0.03593117527584594,-0.04350389298201057,-0.04507997053289031
617.jpg,6,0.4198638606467284,32,0.4142845049510766,0.371140686428398,0.36538819025823804,0.4142845049510766,0.4481980488908069,0.4463344861428355,0.449009720188512
618.jpg,9,0.07979033224503784,34,0.27827111075270144,0.2331563243140255,0.2030147760448206,0.27827111075270144,0.1464672254679223,0.14578513050686473,0.14375475698278783
619.jpg,3,0.04642761596856085,37,0.21562431350197242,0.1201931654034634,0.17523386368099636,0.21562431350197242,0.15180692322026,0.15559385736117098,0.15551321700685222
620.jpg,4,0.8756875544786453,36,0.7706927253067287,0.8727131468000713,0.7937768960772595,0.7706927253067287,0.7817729532348898,0.7842005874631177,0.7787994351951775
621.jpg,0,0.030453045203378708,33,0.09836676064054939,0.0791916664242396,0.12350914922365286,0.09836676064054939,0.049746677369298886,0.04786138025965836,0.035681627760984935
622.jpg,1,0.03242574303876609,40,0.04495096944305188,0.06516180103212872,0.045210151272200516,0.04495096944305188,0.04417849952833658,0.041425593549432316,0.04578670321344608
623.jpg,1,0.04659289403763764,34,0.020167350136301887,0.06516180103212872,0.04617245915678936,0.020167350136301887,-0.056840194033383196,-0.05883027889324283,-0.04923411046325721
624.jpg,3,0.04397204445729799,34,-0.050609718629932354,0.05095438897618367,0.003895508349300525,-0.050609718629932354,-0.006839753725960185,-0.008462128106177247,-0.007571312670287655
625.jpg,4,0.08103178779741652,38,0.2104676331240466,0.1235239527150777,0.173267530766251,0.2104676331240466,0.1612477807178813,0.16035129520351044,0.15824295643908773
626.jpg,7,0.826968402380035,42,0.7775623044547367,0.8518980439888001,0.8411295274570354,0.7775623044547367,0.7284807715207517,0.7276832921695147,0.7247329263688524
627.jpg,9,0.4555555555348595,45,0.26025372946994485,0.16278843734019652,0.26687865298391983,0.26025372946994485,0.21293676102278108,0.21315950297841385,0.20966809783171914
628.jpg,8,0.6094460791429958,37,0.5441939674551217,0.5707013535036601,0.47128508311895323,0.5441939674551217,0.5084826304767271,0.5116292469698074,0.5080539429496426
629.jpg,0,0.13312817755079753,37,0.20551039997595555,0.11115704112137899,0.14887026416035642,0.20551039997595555,0.19752943309108345,0.20119962958219292,0.21071474294468884
630.jpg,0,0.7120896185699263,38,0.5479372736275003,0.5516373896798198,0.5349526936648369,0.5479372736275003,0.5475267924021747,0.5461725653703118,0.5508475919537379
631.jpg,0,0.08624283513544422,38,0.10996807747343884,0.0791916664242396,0.13479656438512266,0.10996807747343884,0.08411580866914692,0.08428170429152579,0.08718607472178949
632.jpg,6,0.7805280471459414,39,0.4668654070867299,0.4720271624198542,0.46533040889525745,0.4668654070867299,0.4266969300506181,0.4281987176488981,0.4199466385704549
633.jpg,3,0.22167216582844654,36,-0.018764863229815854,0.059126972693280176,-0.006651005858907433,-0.018764863229815854,-0.03530504598397172,-0.03525893433559868,-0.047603872189972085
634.jpg,2,0.033488643150228786,34,0.11623659582069801,0.07775459452314136,0.1408550512703931,0.11623659582069801,0.1174446269509174,0.1190813900813911,0.12446866993851843
635.jpg,6,0.3131505466806583,39,0.3820169270589967,0.3372058382204365,0.31981009332457633,0.3820169270589967,0.26576861030563764,0.26956483381331864,0.26822473103976846
636.jpg,9,0.36111111051609945,36,0.3602308256848208,0.3191894603409717,0.298590036938205,0.3602308256848208,0.3508904873284315,0.35491895850610505,0.35120470770839585
637.jpg,3,0.14214992841173496,35,0.3189287152816277,0.2573233508331544,0.22292325004477997,0.3189287152816277,0.15242179953188245,0.1641833144815907,0.1740672220291769
638.jpg,6,0.14961496130045918,36,0.36222663987969184,0.3372058382204365,0.2853860728371366,0.36222663987969184,0.1358554545876418,0.13546928587709836,0.14025946388741606
639.jpg,9,0.04596888300563608,35,0.18937827240752092,0.11514063096177261,0.1931256644386824,0.18937827240752092,0.13675580793484463,0.13646261992736516,0.1392033541966296
640.jpg,4,0.05530410246657474,35,-0.06553107710256834,0.0479682002897936,-0.004650823611097699,-0.06553107710256834,-0.008404699488817113,-0.014144348626246805,-0.007498022534302928
641.jpg,9,0.12715700091794133,35,0.23326067377924142,0.16278843734019652,0.23797530396225264,0.23326067377924142,0.19938538464809907,0.20312940775715488,0.20524042216040536
642.jpg,0,0.8168316751718521,40,0.579486737071425,0.5520010361476408,0.7003365998839558,0.579486737071425,0.7793366622179021,0.7768842961600706,0.7777346268819815
643.jpg,4,0.08095515483771176,34,0.023656734341569785,0.06753602664062695,0.0011664997854795578,0.023656734341569785,0.10409407900704265,0.10573147016624779,0.10274243558476498
644.jpg,3,0.7081883821535755,37,0.4950225052727511,0.5503714508030296,0.44385608670392596,0.4950225052727511,0.5867334714963994,0.5874923580804869,0.5859667566230305
645.jpg,2,0.05748074809606704,36,0.12225150299222498,0.07775459452314136,0.12578112365490413,0.12225150299222498,0.06718498565021641,0.07059449320448813,0.07031628963669434
646.jpg,9,0.040311173702191026,42,0.05538183190423196,0.06721465089495035,0.08288800086323578,0.05538183190423196,0.07658839375219981,0.07593295673947725,0.07089694459102347
647.jpg,3,0.0742574259106602,35,0.3160528908552735,0.2573233508331544,0.3061870327914185,0.3160528908552735,0.22766541847908417,0.22914452653019202,0.2311941880890411
648.jpg,5,0.08533710543997586,42,-0.016573086319482844,0.06320160459380547,-0.007791790266719167,-0.016573086319482844,-0.013118111671182986,-0.010507357655767935,-0.012379313457680341
649.jpg,9,0.0730499882228309,41,0.18663249848914865,0.11514063096177261,0.20328577523689034,0.18663249848914865,0.09794401443756431,0.09119665121240306,0.0957753696088742
650.jpg,8,0.13975628468996057,39,0.16698875249058787,0.11496277872761554,0.1419517163631021,0.16698875249058787,0.1626004519859053,0.1723073121578772,0.17924450520771493
651.jpg,9,0.04642761606924437,37,-0.05119314157489985,0.04745105967398929,-0.0013511056072410543,-0.05119314157489985,0.035637912005441696,0.03033385666420041,0.02892618705373945
652.jpg,2,0.074015937666068,41,0.07796309855921957,0.07775459452314136,0.10770143360883055,0.07796309855921957,0.11113951867330349,0.11075340063563385,0.10650464215796368
653.jpg,2,0.3887441348480551,38,0.422946015922646,0.39322190003115215,0.3928802626055338,0.422946015922646,0.344476936539833,0.34460590058883134,0.3369249308281156
654.jpg,6,0.15138092731419756,38,0.21167888660537415,0.11637958158937668,0.20400212292594383,0.21167888660537415,0.23671537190810268,0.23199101431565278,0.23373222326934828
655.jpg,3,0.08822036121422663,39,0.14013700670985518,0.0968973603998411,0.09178107734945795,0.14013700670985518,0.23805110173448502,0.2441890587590288,0.2509245793987609
656.jpg,0,0.06537192178746828,39,0.021573309454835266,0.0658319423241506,0.03352848030935285,0.021573309454835266,0.04091139427757862,0.04058735405837638,0.027222368528538543
657.jpg,1,0.29620461869570947,36,0.27572741501654724,0.19226193554367715,0.16808422560447378,0.27572741501654724,0.27094250569932543,0.2702228469347699,0.2739317839137558
658.jpg,8,0.3144867111144489,38,0.3668071310443579,0.3268494959247288,0.3280513026635123,0.3668071310443579,0.32571051831278874,0.3221068187765437,0.3176627119729022
659.jpg,6,0.27254482352401355,37,0.10601715458946792,0.07862445832994937,0.08327285154880093,0.10601715458946792,0.2488667000603142,0.24583434405708396,0.24652277128773203
660.jpg,0,0.041948931647072495,38,0.12740615438154645,0.0791916664242396,0.10671253564850669,0.12740615438154645,0.026342990846128844,0.03195524285371054,0.03983369356048033
661.jpg,8,0.9202970176935196,40,0.6206752877713524,0.6950127328064066,0.6837844500257948,0.6206752877713524,0.7901910358352837,0.7888295714242339,0.7974083286871305
662.jpg,6,0.6181518122553825,45,0.5277717029194401,0.5476888814384887,0.5053654849906389,0.5277717029194401,0.596181250329334,0.5944188860614796,0.590131555883781
663.jpg,5,0.8059877352345557,42,0.8415409878157956,0.8870947523798782,0.8788654412351382,0.8415409878157956,0.8238771731282537,0.8233388257790086,0.8109072875948606
664.jpg,2,0.5442939019075742,38,0.3430571177365989,0.31470020818066674,0.36677897570979306,0.3430571177365989,0.43793465089932915,0.4347631383401678,0.4340736559180872
665.jpg,5,0.07318704837077372,37,0.15305387938475845,0.11421336572053108,0.12483505499674441,0.15305387938475845,0.09110410824225285,0.0929266357850522,0.0962865842186453
666.jpg,3,0.059264497964509895,35,0.009145694887654376,0.06316060669831974,0.04027159833197591,0.009145694887654376,0.03076869631167961,0.03306468592058209,0.032686055312527496
667.jpg,5,0.2955445589846931,40,0.37352084481726555,0.31921079411571773,0.25807814119170625,0.37352084481726555,0.3417921983033404,0.3378526544763126,0.3382945515234789
668.jpg,1,0.7919522684354049,39,0.707930808266178,0.7932395706156261,0.6709032232685843,0.707930808266178,0.6194581958802431,0.6254717539800252,0.61991870552538
669.jpg,6,0.08335563332798916,37,0.19679776213807876,0.11637958158937668,0.2706272346772716,0.19679776213807876,0.17841372161397376,0.1760319266097732,0.17489867054591052
670.jpg,5,0.4187611061363266,39,0.41682542668537165,0.40911529604380226,0.3610482689903893,0.41682542668537165,0.2885832939871156,0.2841269887810035,0.28551960251862285
671.jpg,1,0.08443344350800747,36,0.20124742090239423,0.12255295858635924,0.1859859419377093,0.20124742090239423,0.06687044319909566,0.07073288304595915,0.0719850289176604
672.jpg,7,0.04483734108507633,35,0.16228718596814873,0.11212006878716584,0.1376587825937784,0.16228718596814873,0.0538072702490337,0.05316875977008767,0.05495118237414093
673.jpg,6,0.25544554364169014,40,0.24926607891986696,0.17109830040599106,0.24715532138258328,0.24926607891986696,0.18218906560707204,0.18415789743277078,0.18092031321988944
674.jpg,2,0.5481669823009823,37,0.4807946251560778,0.5340932926573354,0.47232813302352916,0.4807946251560778,0.493651801151369,0.4973893971373306,0.48424358080111085
675.jpg,2,0.03902154943138799,34,0.16782443811911507,0.1084719442093336,0.18166794802981262,0.16782443811911507,0.14649618246859952,0.1475352192615887,0.14850974902838734
676.jpg,1,0.7215681011989914,37,0.7139697188893908,0.7932395706156261,0.7847776670111708,0.7139697188893908,0.8442726710063827,0.8384738817124406,0.8314662484051212
677.jpg,0,0.048797737594161714,35,0.16405588110358027,0.11115704112137899,0.1348340182717035,0.16405588110358027,0.07192504293496424,0.07216243508204129,0.07507412729756496
678.jpg,8,0.08542777366267565,39,0.17048102967913425,0.11496277872761554,0.1941162803860908,0.17048102967913425,0.0079440789706684,0.004929708077299144,-0.0007039898895161989
679.jpg,4,0.7834809736201638,38,0.6027381271587829,0.7206210405711609,0.6915370904515886,0.6027381271587829,0.7880089119437741,0.7878921153216278,0.7670130438620996
680.jpg,6,0.9576457457409965,36,0.6064144596617717,0.6816906968787452,0.6905823766288467,0.6064144596617717,0.7565278741328809,0.7592613487947121,0.761800423765559
681.jpg,0,0.17674605339463498,37,0.27368410661807396,0.21264502100714144,0.2166590953497729,0.27368410661807396,0.1792006647147361,0.1792488584653747,0.18848770105376655
682.jpg,3,0.04407148059775553,41,0.1583588252733925,0.10474807773403103,0.18616758987680265,0.1583588252733925,0.10729365911937139,0.1085818276259286,0.11499571844382339
683.jpg,2,0.0552582281666833,37,0.2828633180127143,0.24756911712863766,0.23873171014954875,0.2828633180127143,0.10019418642163155,0.10553195252172201,0.10150041321713696
684.jpg,4,0.053934340830892324,38,0.07503079810489988,0.07712732129712084,0.10775212876963314,0.07503079810489988,-0.0001357250282529865,-0.003661776144205875,-0.005984347669991119
685.jpg,0,0.12545968984652842,35,0.03547939291683222,0.0658319423241506,0.045433469806054005,0.03547939291683222,0.07006067413804881,0.07530282364347826,0.09132028490024627
686.jpg,5,0.0732992663829317,31,-0.05158897838730647,0.049427476896085856,-0.031509121514965654,-0.05158897838730647,0.15097453729736549,0.15266567969608374,0.15312781297185474
687.jpg,4,0.10949330348247553,34,0.1316052422776296,0.07712732129712084,0.12724381151210218,0.1316052422776296,0.19220844124608194,0.18921822068527425,0.1707393987618321
688.jpg,8,0.04533611250257021,38,0.05263818839590162,0.06725229051226211,0.025336543841027348,0.05263818839590162,0.0938609953283864,0.10435455245409095,0.10628305605415023
689.jpg,9,0.024186704214662312,35,0.06815100298764576,0.06721465089495035,0.08624824567570677,0.06815100298764576,0.06429970791863393,0.06397301785221438,0.05884823956752594
690.jpg,9,0.023229246206868153,39,0.219737098898371,0.12322688600649676,0.25785577122039266,0.219737098898371,0.18819012518592101,0.18709835041137332,0.19661492794346028
691.jpg,2,0.04428686147455026,37,0.09364681606804326,0.07775459452314136,0.07280762270855146,0.09364681606804326,0.06304387458897137,0.06781581615334553,0.06379035194468285
692.jpg,5,0.026576342539077525,38,-0.0663914609789571,0.049427476896085856,-0.07339093750684877,-0.0663914609789571,-0.06719083125065328,-0.0706273246725661,-0.06741495865164665
693.jpg,3,0.060348892296176584,42,0.1791617044070536,0.10474807773403103,0.189571423424913,0.1791617044070536,0.16085110095132477,0.16335159835224983,0.1608538373441493
694.jpg,0,0.2714285699517599,35,0.28975766709425604,0.24457044628177393,0.15311073577230627,0.28975766709425604,0.20593338475938794,0.20784117345827186,0.21957077816429066
695.jpg,9,0.2176948469132185,39,0.027691036955109993,0.06607650134566098,-0.03725167223175496,0.027691036955109993,0.020449197735226354,0.03008927659861954,0.022144424865400303
696.jpg,2,0.9752475023269653,36,0.8320620297274752,0.8882858273537251,0.911786823408258,0.8320620297274752,0.9302140616371516,0.9272925915502389,0.9320311297451567
697.jpg,6,0.6572510126759025,34,0.6596435840205038,0.7330728105452928,0.645995073012405,0.6596435840205038,0.5879405069063732,0.5906145245106259,0.5875436417442699
698.jpg,0,0.017326732761123113,36,-0.029737765797240856,0.059991131208523445,0.032966178666348656,-0.029737765797240856,0.1233707969315899,0.12365353264335358,0.12471111110284117
699.jpg,5,0.9690928346401936,37,0.9301907606446786,0.9579029451962878,0.989667754734984,0.9301907606446786,0.9974884067785845,0.9932679288308437,0.9941979837351238
700.jpg,7,0.09598459895803696,36,0.14706313086660017,0.11212006878716584,0.17323769446455567,0.14706313086660017,0.17243477926717235,0.1747392768973035,0.18319513462098858
701.jpg,9,0.8401123737991864,37,0.6556673368618734,0.7306886832116221,0.7483007695379451,0.6556673368618734,0.8389610379224819,0.8424464268340927,0.8494440584928015
702.jpg,3,0.14191419241898176,36,0.06622990188974709,0.07691911078717067,0.04313106456763216,0.06622990188974709,0.03750413667682101,0.039262544086890394,0.03529456300017497
703.jpg,3,0.654840477470619,36,0.5046766180755573,0.5503714508030296,0.3980631495511414,0.5046766180755573,0.4721519534822539,0.47769331555344874,0.48293683145462674
704.jpg,5,0.2910088315807484,37,0.36014159836309234,0.31921079411571773,0.3127302699308376,0.36014159836309234,0.2220688618027845,0.2274614213935079,0.22395422292702633
705.jpg,9,0.21177117831798065,36,0.3062008449828683,0.23952316510488195,0.3146463908196254,0.3062008449828683,0.2713969139713335,0.27806452132034376,0.2824315489894057
706.jpg,4,0.074257426517638,37,0.11612372169163288,0.07712732129712084,0.1557540852283374,0.11612372169163288,0.24725323773697813,0.24890082774858863,0.24659042486522928
707.jpg,2,0.18345952253131306,34,0.19880634655927443,0.10955315572120147,0.14453727597562838,0.19880634655927443,0.15067801368929948,0.14890621783192248,0.1417420231944536
708.jpg,6,0.05267834434142479,39,-0.1334612413239732,0.04446050332700501,-0.04148934808786897,-0.1334612413239732,0.0008736703413375069,0.0021879831522720328,0.0015371220174625333
709.jpg,4,0.3102693988746682,43,0.2545254397710731,0.16560985692337699,0.22538895007779536,0.2545254397710731,0.3011807762127603,0.2991567840822884,0.3010106937548729
710.jpg,1,0.33489430296813716,37,0.37063887256201866,0.32593827667526026,0.26466615394947685,0.37063887256201866,0.2331850855556436,0.23433982487765825,0.2198544358849303
711.jpg,7,0.0378645980051039,37,-0.06215323425351227,0.05057411478051145,-0.03645295926014802,-0.06215323425351227,-0.01895188236082873,-0.019870826000333075,-0.02481843166065012
712.jpg,2,0.5342520728229067,37,0.14796058520896227,0.1084719442093336,0.09537931743584172,0.14796058520896227,0.24314935285300338,0.2517734637582437,0.24350347335790612
713.jpg,8,0.45544554137526766,38,0.24910248583934025,0.15870495689952055,0.2436715990003706,0.24910248583934025,0.3222675158235837,0.32656701304267777,0.3424819760770291
714.jpg,0,0.02876639016274665,37,0.008465250577236905,0.0642542435195161,0.03163019407198109,0.008465250577236905,-0.06185147707428834,-0.06769336563614758,-0.06323832936355656
715.jpg,0,0.15979097896100333,36,0.18786317450732226,0.11115704112137899,0.13777152668230586,0.18786317450732226,0.1461625786309788,0.1484989974219273,0.15657017280181723
716.jpg,9,0.05005500544535203,36,0.12332404224876414,0.08018106149057136,0.13115357871164446,0.12332404224876414,0.22856684854020276,0.23052152398100062,0.22805694524822318
717.jpg,8,0.015386673735102286,37,-0.07699630824219683,0.05191203632213647,-0.007153584739004626,-0.07699630824219683,0.15603764116624722,0.15797618431388782,0.15736673646045132
718.jpg,3,0.025020069732154544,37,0.13297852242565333,0.07691911078717067,0.11180135025076787,0.13297852242565333,0.1634126513504949,0.16114518671174147,0.18029487535498642
719.jpg,0,0.013835999123656597,39,-0.08726303277492398,0.04421016028174606,-0.0025609975312815836,-0.08726303277492398,0.06621221121143109,0.06759217998213954,0.08185767693429838
720.jpg,4,0.4359889409483172,43,0.29230749260025535,0.23586045066947647,0.27960370560099096,0.29230749260025535,0.29457638945925774,0.2979512523735374,0.31132278403195024
721.jpg,2,0.39337394946517473,39,0.33967562257168876,0.30739152717400897,0.3352804073808809,0.33967562257168876,0.2719610863291928,0.2704480848556211,0.27085705344082384
722.jpg,8,0.03465346541119421,41,0.09088239574049872,0.0772045922900402,0.12229971038002929,0.09088239574049872,0.17125768683664544,0.17268377331088094,0.1637356095441773
723.jpg,7,0.1075357542011059,36,0.21837909156375857,0.12282149327002542,0.1193271226729592,0.21837909156375857,0.17654100111781212,0.18159047651544769,0.17252250089953433
724.jpg,4,0.8927392562230428,36,0.7188427191812782,0.840625007561706,0.7549689972886559,0.7188427191812782,0.8059590642698237,0.8032701927840653,0.8029625630116746
725.jpg,8,0.0675596989252988,34,0.12144922262640145,0.0772045922900402,0.15652117032273116,0.12144922262640145,0.1966877430652743,0.2020180564636409,0.19324847469807538
726.jpg,2,0.2915134364606014,35,0.33266504107159556,0.2977365491499393,0.2981803638915431,0.33266504107159556,0.30923632380882776,0.30791172399658634,0.31541290936914224
727.jpg,1,0.5186018596939517,33,0.47520476487639757,0.49553534968486795,0.4214017244861652,0.47520476487639757,0.48519618945350573,0.4861113593913855,0.49031232715309314
728.jpg,1,0.3704620433272794,36,0.397453031233114,0.32593827667526026,0.4096309116316017,0.397453031233114,0.4641323730204715,0.45878792710523897,0.44278775926514985
729.jpg,1,0.2752207636682166,37,0.037501801325939055,0.06516180103212872,-0.005817026763310751,0.037501801325939055,0.16991874964362677,0.17254949050231616,0.17947272609488468
730.jpg,5,0.022076532383122155,37,0.17067005084604314,0.11421336572053108,0.1501517385756198,0.17067005084604314,0.015944714985589192,0.01782954339052012,0.009962755621991448
731.jpg,5,0.037856727126328385,34,0.14981205416927879,0.11421336572053108,0.19550853131249402,0.14981205416927879,0.13542011743058371,0.1361373372994197,0.12707013956522306
732.jpg,7,0.02613400886658319,43,0.014374423672151693,0.06122002144604816,0.062342288802287316,0.014374423672151693,0.024390484645989197,0.024577447633119143,0.023235880439995804
733.jpg,3,0.0487977372482419,35,0.17712792109339404,0.10474807773403103,0.18722375090517596,0.17712792109339404,0.1431795702400484,0.14774132513917815,0.14420632653033355
734.jpg,5,0.8349363407918385,35,0.49752674519546375,0.5511936436928336,0.5878554083810593,0.49752674519546375,0.7291289371998058,0.7223104365913657,0.7161619510460985
735.jpg,8,0.033828382703682616,36,0.01492040659632432,0.06725229051226211,0.0625681254763899,0.01492040659632432,-0.003482962158430636,-0.0018839797033325945,-0.01211659400519538
736.jpg,5,0.029977997557984457,36,0.04789849448009331,0.06676389807433737,0.05079652107685295,0.04789849448009331,0.028389288675657154,0.02793116027747039,0.027512590883658428
737.jpg,5,0.5280056556154574,35,0.32511175468845094,0.27219596322469264,0.2538318701913813,0.32511175468845094,0.3462305396569864,0.3500808222723372,0.35599169074740383
738.jpg,4,0.04689942691230068,38,0.1334769127506945,0.07712732129712084,0.1426725886378427,0.1334769127506945,0.075328062825165,0.07583832108055105,0.07305663710466598
739.jpg,6,0.17487289352543853,37,0.2841833319219417,0.2446596987872774,0.2026177709480817,0.2841833319219417,0.245687644851164,0.2444506288057871,0.2503659801547923
740.jpg,1,0.02982990584598902,39,-0.03358478058176351,0.05922353019220686,-0.00820084895337636,-0.03358478058176351,0.12163650833506912,0.11985638166808751,0.1315159686986248
741.jpg,0,0.13083451145461628,35,0.20806931309957677,0.11481495808962057,0.17776644335253605,0.20806931309957677,0.14092008801637285,0.1414348854461776,0.14966085304783372
742.jpg,5,0.03437057996967009,35,0.09051037619899349,0.0748146206631991,0.09359799600183738,0.09051037619899349,0.004652001052589394,0.004101007403005064,-0.0028499050847534124
743.jpg,4,0.015700141686413968,35,0.14034164812826144,0.1050159689445548,0.14202642159199386,0.14034164812826144,0.05386002788309613,0.060738936935169074,0.06364319184922002
744.jpg,2,0.021782178385183214,40,0.0629496663304776,0.06765698966719959,0.09746557283093338,0.0629496663304776,0.06501957525819382,0.06509822276512744,0.06584790621593656
745.jpg,8,0.021273749137951714,37,-0.08884269985675619,0.0447513972648681,-0.10164612979818655,-0.08884269985675619,-0.08732805685790107,-0.08546131648506788,-0.0864322665319825
746.jpg,3,0.0547230401378427,37,0.031406447538083304,0.06577852783195158,0.07609297484532951,0.031406447538083304,-0.004418087447951746,0.001172801282104785,-0.00032422145283200754
747.jpg,2,0.04372937340910236,36,0.13216576909809308,0.07775459452314136,0.16773896652537568,0.13216576909809308,0.18135363282315686,0.17791197378348408,0.18209307141099282
748.jpg,9,0.025852585495967004,36,0.1681087350102496,0.11514063096177261,0.1594612128084113,0.1681087350102496,0.18984368284196085,0.19605076971019192,0.20212733812195105
749.jpg,3,0.07222645366803193,39,0.0017382471726620219,0.06316060669831974,0.017057163741006298,0.0017382471726620219,0.09844220123297076,0.10285485438082698,0.10166428178159445
750.jpg,2,0.34983498343111324,36,0.2965446058609805,0.24756911712863766,0.28984251763112484,0.2965446058609805,0.19277693464855677,0.1919035175587989,0.18584448980204163
751.jpg,1,0.4245049473480321,40,0.38404005051236106,0.32593827667526026,0.2863091630938154,0.38404005051236106,0.34158062564283537,0.34141136861332333,0.3448323064475084
752.jpg,5,0.20844189783460215,38,0.03137548595630402,0.06676389807433737,0.0018219887704445936,0.03137548595630402,0.12761919072086816,0.11781900586649624,0.11544729741554163
753.jpg,0,0.04080813458642444,37,0.19560574631477268,0.11115704112137899,0.26693834685052414,0.19560574631477268,0.14882915985588094,0.1453550017461186,0.1366555311300368
754.jpg,4,0.15814081375073227,36,0.07814549562779693,0.07712732129712084,0.050368190967245985,0.07814549562779693,0.12152477619119273,0.12388241335310418,0.1252218963452062
755.jpg,7,0.24455445745427692,35,0.27821982894575087,0.23181730435799106,0.251644897012315,0.27821982894575087,0.2223148956725967,0.21863552797631342,0.21068292394837806
756.jpg,0,0.10005211007879361,38,0.23431998283979982,0.16622303320844198,0.2503508320498301,0.23431998283979982,0.12151020960484543,0.12015655529092456,0.13280811531161937
757.jpg,5,0.06311881203437224,40,0.22498176152517357,0.1641647309290077,0.21545662635164847,0.22498176152517357,0.08143635621792825,0.08279330729757081,0.07441027845029588
758.jpg,2,0.06675667636040034,33,0.10824880833107986,0.07775459452314136,0.07059648618998748,0.10824880833107986,0.02494883798483083,0.023367369511625213,0.028398128357719266
759.jpg,0,0.40046898941019254,38,0.24696819038179685,0.16622303320844198,0.22256434400607222,0.24696819038179685,0.34837812702189586,0.3454179945797026,0.33862227759185987
760.jpg,8,0.9046712196790255,39,0.6868075329131154,0.7234485297162998,0.7899262495087405,0.6868075329131154,0.7941076983893969,0.7897294765203653,0.7847910159749365
761.jpg,1,0.49796902400274307,39,0.3628773938827695,0.31973548554250664,0.36946748239733446,0.3628773938827695,0.3128910675773813,0.3134244433160044,0.29982563107885396
762.jpg,9,0.9385870823989043,37,0.7549891922226095,0.8332585044081106,0.8464256305166515,0.7549891922226095,0.8849152635948583,0.881024467778238,0.8778293378311193
763.jpg,2,0.025822852599761775,37,0.13426383012674892,0.07775459452314136,0.11318574775618517,0.13426383012674892,-0.02464741257767017,-0.02637848684403743,-0.028913914727844936
764.jpg,9,0.051155115071779646,39,0.08159957732440615,0.08018106149057136,0.08412735348415501,0.08159957732440615,0.04289125013547562,0.045526705280968194,0.048217908451766434
765.jpg,7,0.2527358002323461,38,0.028312611999489645,0.06122002144604816,0.0016084040692725399,0.028312611999489645,0.15291756968462417,0.15956163105027915,0.14282279953169866
766.jpg,9,0.08132956118455954,35,-0.05707922768899987,0.04745105967398929,-0.0280839500088238,-0.05707922768899987,0.024794394266249797,0.024735609090970778,0.028051037934195777
767.jpg,0,0.0739573951895264,33,0.1368376983872922,0.11115704112137899,0.08978570463732038,0.1368376983872922,0.060989789149511,0.06051552371917868,0.04991606875826704
768.jpg,5,0.025273580214400824,38,0.03685042947293271,0.06676389807433737,0.06970068043584743,0.03685042947293271,0.07105584481560187,0.07020229790108806,0.0769699067109294
769.jpg,0,0.9554455234454229,39,0.8004380720170761,0.8391970588196634,0.8800328740938604,0.8004380720170761,0.9042177043661457,0.907886956807266,0.9086972015709327
770.jpg,2,0.11183041447582535,39,0.08794183071105388,0.07775459452314136,0.08887253718812227,0.08794183071105388,0.15268112057454494,0.1499626790468913,0.156581240456728
771.jpg,6,0.25643564243800937,40,0.1504451119713236,0.10794385871015534,0.12827718872067706,0.1504451119713236,0.1192265246627924,0.12447508103651686,0.11187701068015773
772.jpg,0,0.5554455388337374,35,0.6881306901752562,0.7455755093622073,0.6599119447838154,0.6881306901752562,0.7357049686287216,0.7435122047056526,0.7515516519252272
773.jpg,2,0.31509231991210096,37,0.15929725970237074,0.1084719442093336,0.19813379137643006,0.15929725970237074,0.268490429575758,0.2703609375537871,0.2649675434071245
774.jpg,0,0.03197752221210583,37,-0.0625617498051152,0.0514962072248526,0.02605563432800162,-0.0625617498051152,0.026998226709366024,0.021179082856225606,0.017866684062386784
775.jpg,8,0.05473047406930062,36,0.15294910375157078,0.11496277872761554,0.1887723417321024,0.15294910375157078,0.11495099500389341,0.10696009817668906,0.10601726204514025
776.jpg,9,0.026918316856608726,32,0.13487955258525874,0.08018106149057136,0.11016072399095023,0.13487955258525874,0.058786654172527986,0.061798201223548566,0.05750805720130464
777.jpg,9,0.0271608242135797,37,0.12655386385242817,0.08018106149057136,0.08456516734033026,0.12655386385242817,-0.015574779999696142,-0.011676637551264968,-0.0181044780311736
778.jpg,5,0.06903190401175784,36,0.14754132968514344,0.11421336572053108,0.126907311409584,0.14754132968514344,0.1624574790449146,0.16155308889166767,0.16733278197658769
779.jpg,4,0.5675596968161271,34,0.7711691295246107,0.8727131468000713,0.6177639426501041,0.7711691295246107,0.5413525424130745,0.5504713347266568,0.5682621320253896
780.jpg,1,0.02903398487565888,37,-0.04973883901691667,0.05058282400997896,-0.047202507970291574,-0.04973883901691667,-0.012785717958941456,-0.009598825472701633,-0.015624508819116867
781.jpg,5,0.08238131346372075,39,0.12171225492974724,0.0748146206631991,0.11463968154805304,0.12171225492974724,0.14956217622546605,0.1442480715740894,0.14543211204319018
782.jpg,9,0.06097561033533477,41,0.0667792870194377,0.06721465089495035,0.09539885797092085,0.0667792870194377,0.034034235926673206,0.030424307768370795,0.03579169165933599
783.jpg,2,0.11468646760719518,36,0.20817412297019733,0.10955315572120147,0.21750530253535916,0.20817412297019733,0.18449587165850043,0.18938899906548531,0.1847316297583192
784.jpg,6,0.05648641882894131,39,0.01084833110289507,0.0646820268081234,0.048218833358637414,0.01084833110289507,0.014878057268032263,0.009376509399054267,0.01618141764482317
785.jpg,2,0.211180873090265,41,0.1819632790671305,0.1084719442093336,0.15289017323978904,0.1819632790671305,0.2032925628211878,0.20175327665594567,0.20989838490448515
786.jpg,5,0.1909476642696453,42,0.11989515861626043,0.0748146206631991,0.1789018411451157,0.11989515861626043,0.19519683661452214,0.19061934471186767,0.1823375839854765
787.jpg,4,0.6600659997719858,36,0.4417689242060693,0.4108181675926818,0.48632252031815604,0.4417689242060693,0.6576775218508646,0.6586945298760956,0.6534742772526598
788.jpg,6,0.03663366341165134,35,-0.09009892550967102,0.04446050332700501,-0.0770599619828779,-0.09009892550967102,-0.050498545687700125,-0.05223852703568943,-0.058305475263960904
789.jpg,4,0.029823713981342023,41,0.08528607435885882,0.07712732129712084,0.14617859216742268,0.08528607435885882,0.14404624523253334,0.14425460025379166,0.14078889001197642
790.jpg,7,0.03080308001436707,36,-0.07126169989696829,0.05057411478051145,-0.023166078649755395,-0.07126169989696829,0.04267657451518997,0.042727234588622875,0.054746571625683804
791.jpg,2,0.045596665090048,38,0.03223589508777469,0.06765698966719959,0.08081013746202492,0.03223589508777469,-0.00809115838660257,-0.011393117178607581,-0.001669969902997115
792.jpg,1,0.3085003624352195,41,0.4497437012621162,0.43224588351978827,0.3561017095972838,0.4497437012621162,0.3055864565934088,0.3064748204645123,0.320232267833242
793.jpg,3,0.318227971259218,39,0.5105352897775465,0.5503714508030296,0.41743148397161944,0.5105352897775465,0.3756147090114734,0.3772743895677785,0.3858433551955512
794.jpg,8,0.6969775867305303,38,0.6373254927274336,0.6950127328064066,0.6906233836472988,0.6373254927274336,0.7680611016386742,0.7647780365256263,0.7702642346616406
795.jpg,7,0.05995599477965799,36,0.12211282767423692,0.08113007314930276,0.13733609782823453,0.12211282767423692,0.04008877045352194,0.042582368202322585,0.03764533188761071
796.jpg,2,0.15886588623239237,33,0.25104473610042266,0.15874732508085806,0.24639747237241783,0.25104473610042266,0.20677905218153758,0.2057160613688582,0.21112451535982685
797.jpg,1,0.034653465200618315,37,0.0030043862579229863,0.06305994592479269,0.003774573836602846,0.0030043862579229863,0.06240019599762148,0.06391820996453734,0.06706896030259824
798.jpg,0,0.8243243122423017,37,0.42772431725817167,0.38112513688851346,0.45518002105243294,0.42772431725817167,0.673227719197671,0.6708427294615795,0.6679539778983588
799.jpg,7,0.2605030764322224,37,0.20314447363847965,0.11212006878716584,0.21411042091714183,0.20314447363847965,0.17995742661896713,0.18182734308699516,0.1808977628345434
800.jpg,4,0.25351745837466105,38,0.3184855926202267,0.23586045066947647,0.29860937633451734,0.3184855926202267,0.20944573425123308,0.21234641646275476,0.22763229013750935
801.jpg,5,0.19336051099440632,34,0.26309605858695034,0.17392095103158398,0.21272941134012613,0.26309605858695034,0.16690609018724137,0.16368552553316734,0.17773266279234046
802.jpg,4,0.5979676859110201,38,0.8076370295167054,0.8739960734894247,0.7038575797516435,0.8076370295167054,0.7600870861871664,0.7675019884022656,0.7910979668825286
803.jpg,6,0.031709928115880165,37,0.05046339525015653,0.06882876479982795,0.08531705279549862,0.05046339525015653,0.05753209351028293,0.05870693302524538,0.0739300922212292
804.jpg,7,0.0676567661217772,39,0.13979499459867606,0.10648360421237824,0.16266681905843466,0.13979499459867606,0.11769148909577365,0.11345490697124247,0.11478340292941774
805.jpg,2,0.092282305435779,39,-0.04423145472306633,0.05004338903694029,-0.04670296664297224,-0.04423145472306633,-0.055167718810754385,-0.05566289868376956,-0.046078811287940225
806.jpg,1,0.026315789841311544,38,-0.01558208430270902,0.06305994592479269,0.051167481444784224,-0.01558208430270902,0.07063027875554159,0.06613803476993846,0.0731046360546036
807.jpg,7,0.894262487307573,39,0.7911272539781576,0.8518980439888001,0.8267908432510638,0.7911272539781576,0.8029071305098003,0.8083993407381083,0.820671090577297
808.jpg,7,0.12277227697195485,40,0.10654493838618251,0.08113007314930276,0.06698342285262404,0.10654493838618251,0.050786006418213625,0.04987087968055842,0.0574873417931952
809.jpg,6,0.29276997535381205,43,0.375402203653623,0.3372058382204365,0.326984889099246,0.375402203653623,0.38675868462149243,0.38626064281410155,0.37984318321122124
810.jpg,2,0.08470847016562605,36,0.17857462742084185,0.1084719442093336,0.17788715143460898,0.17857462742084185,0.11052017179656815,0.10795706265871657,0.10822361180136628
811.jpg,9,0.09031308544296268,37,0.11591144087130145,0.08018106149057136,0.113530461510571,0.11591144087130145,0.060865998976825875,0.05918832675672753,0.06697937733887088
812.jpg,0,0.15828204572804877,37,0.22692867041501052,0.16202097175447608,0.1382823307662463,0.22692867041501052,0.07137446428446656,0.07654188421821179,0.08754425179759528
813.jpg,0,0.03278030505454218,37,0.06234028974144301,0.0658319423241506,0.07508497727217167,0.06234028974144301,0.08732758533418677,0.08912252027807735,0.09267309943930868
814.jpg,4,0.04837983803273263,44,0.24315380040984547,0.16560985692337699,0.22863686462043414,0.24315380040984547,0.10490172406756135,0.09948843016535638,0.09342345847941999
815.jpg,8,0.2008858769029183,38,0.14317334619707633,0.11496277872761554,0.09877640872170856,0.14317334619707633,0.08331833070832162,0.08063131270347024,0.07434465746148258
816.jpg,3,0.5656846125791894,41,0.591454049817835,0.6628403922757722,0.5861811475707137,0.591454049817835,0.6673002013915561,0.6612121562455617,0.6651953005625981
817.jpg,5,0.9015401382413175,36,0.7551924837295954,0.8411553895246027,0.7930692603113121,0.7551924837295954,0.831773161275075,0.8315611971131132,0.8336583747459306
818.jpg,9,0.026402640104707744,36,-0.059874011863919274,0.04745105967398929,-0.035728378160966856,-0.059874011863919274,0.09637875023482809,0.1004900471524317,0.09484396587713786
819.jpg,7,0.9048090364251818,35,0.8770253926721324,0.8822364110773053,0.8867559452349199,0.8770253926721324,0.7328999355619997,0.7375087340523944,0.7555437212350866
820.jpg,3,0.249381186964456,32,0.13784058385361564,0.0968973603998411,0.16609665084589048,0.13784058385361564,0.16426026979720348,0.16678361590340787,0.16907728341672357
821.jpg,9,0.09941129264346249,37,-0.0765867949540423,0.045425655496644984,-0.03440372599297681,-0.0765867949540423,0.061021221481406374,0.06260811031944377,0.059745279215387914
822.jpg,7,0.08198502859691294,41,0.18957569865997792,0.11212006878716584,0.18279164746065385,0.18957569865997792,0.12888838208756395,0.1350703701879109,0.147667357806288
823.jpg,2,0.23097595561827933,35,0.23304826312158755,0.15641940106960675,0.1727235750847234,0.23304826312158755,0.17468225194666628,0.16978889274721526,0.17067242809584177
824.jpg,0,0.4598608515854623,37,0.3549576072111399,0.3287806045807556,0.43659513174870923,0.3549576072111399,0.6438855736232159,0.6431693390995034,0.6396994536177456
825.jpg,4,0.03650990084861405,32,0.002276853826760905,0.06753602664062695,0.010953639600712717,0.002276853826760905,0.04091418827028426,0.04198963426257185,0.051713310100907295
826.jpg,0,0.15899825228980796,34,0.09483844049517243,0.0791916664242396,0.09075507902224755,0.09483844049517243,0.14338493909974478,0.14372915817905024,0.1413829295860457
827.jpg,6,0.09860850908365604,37,0.07420398256605654,0.07862445832994937,0.05042814016359087,0.07420398256605654,0.0951915292467376,0.09480250523574865,0.10028728882467192
828.jpg,4,0.34455445480998603,40,0.27158812355621553,0.19795476212973087,0.13797074545045107,0.27158812355621553,0.1875512276279092,0.19083772035853383,0.18400345943863103
829.jpg,0,0.024752475297412813,39,-0.11184223589066089,0.04421016028174606,-0.02088606296766793,-0.11184223589066089,0.09686733697329852,0.09387846415867196,0.10221463445810075
830.jpg,5,0.09353830026903827,38,0.10136174077422877,0.0748146206631991,0.02043779969477133,0.10136174077422877,0.013742745832522552,0.010001879687824011,0.00591251838730239
831.jpg,7,0.023949692466271086,37,0.056940319451281196,0.06122002144604816,0.10798528573534794,0.056940319451281196,0.1486509983241541,0.14810346376935893,0.15278086433577662
832.jpg,3,0.04483734121812241,35,0.3057646138389741,0.2573233508331544,0.2485862682841246,0.3057646138389741,0.20396088109961186,0.20444420543331504,0.2037057650270376
833.jpg,5,0.040099009976256636,40,0.19458499959444586,0.11422787418629485,0.16166868535020473,0.19458499959444586,0.09707803171700655,0.09375700974736101,0.09074594933308472
834.jpg,8,0.466336630564183,35,0.587337156559043,0.671635468617898,0.46491246582115775,0.587337156559043,0.3254434899367529,0.3380722640016712,0.3345318539641504
835.jpg,0,0.11716171513156344,36,0.25775501017230984,0.16622303320844198,0.26545786924549997,0.25775501017230984,0.19794836593069465,0.19805060690913384,0.20287368051176713
836.jpg,9,0.7749428708965962,39,0.6020835894048464,0.7232991083023066,0.6427980069638477,0.6020835894048464,0.717328933632304,0.7151182088087678,0.7028608352662624
837.jpg,2,0.6744714973720949,37,0.5655102237505796,0.5593292313343603,0.6866237639055847,0.5655102237505796,0.6388885004184908,0.6384702360347019,0.6355380666720851
838.jpg,2,0.7526021752960216,39,0.7413896415158673,0.8511429239780222,0.7342282099174886,0.7413896415158673,0.7467171902666571,0.7498398971442072,0.7463832440305566
839.jpg,6,0.04887027196729413,39,-0.03164593363338586,0.05633997171304506,-0.021495590833147782,-0.03164593363338586,0.12105861895692704,0.12263250091147138,0.10706061792750235
840.jpg,7,0.9398514658212662,40,0.8200891463342365,0.8822364110773053,0.8682608545215543,0.8200891463342365,0.9185782657434245,0.9239389125542263,0.9363559241740005
841.jpg,7,0.27619157086104845,43,0.02645138536187508,0.06122002144604816,0.066520035920422,0.02645138536187508,0.19302364601014493,0.18768671576606966,0.1819942776604802
842.jpg,7,0.3589777876245412,37,0.43005573816785186,0.4294177771769595,0.41548751105699583,0.43005573816785186,0.35986775239359575,0.3582601730317294,0.37727904512224636
843.jpg,5,0.07773615260029564,37,0.037147030299356065,0.06676389807433737,0.05120280212748163,0.037147030299356065,0.03952896060954736,0.03328254263842623,0.036269000063379464
844.jpg,8,0.921534639596939,40,0.8010509316015731,0.8455750291083303,0.826372779579071,0.8010509316015731,0.8247602124415792,0.8242986645774023,0.8272922589359879
845.jpg,8,0.48756029157159037,39,0.332177650919213,0.29359145351930604,0.35336954856610653,0.332177650919213,0.33774539264534914,0.3339127555847159,0.32944065736465583
846.jpg,6,0.7858259372021023,38,0.671933445376767,0.7330728105452928,0.7642893849336911,0.671933445376767,0.8613690128536395,0.8619761876410919,0.8674513503502984
847.jpg,0,0.10760812980956153,38,0.1619402894622588,0.11115704112137899,0.18550315952335011,0.1619402894622588,0.13881650939578294,0.13229054854466266,0.11720989215011249
848.jpg,9,0.8969825424608731,42,0.8402853174981562,0.8843666391601688,0.9062190008872151,0.8402853174981562,0.8483858122185464,0.8467183388906343,0.8510762723034095
849.jpg,8,0.03033764926621165,39,-0.0669435240751538,0.05191203632213647,-0.06467548259314493,-0.0669435240751538,0.094806452999502,0.09753568413078123,0.09916366627676451
850.jpg,6,0.17051705117854807,36,0.39087052548225815,0.337950815414371,0.29047888009659745,0.39087052548225815,0.12694563046688284,0.13229871192029627,0.13597268722754025
851.jpg,8,0.04152915264583296,36,0.07794721974845054,0.0772045922900402,0.10511410842646751,0.07794721974845054,0.11808100113280254,0.12125903194355131,0.1154520133015941
852.jpg,5,0.1445544570684433,40,0.22386821661063994,0.1641647309290077,0.19072352473484783,0.22386821661063994,0.20914207344189145,0.2102926163011926,0.21204868594245074
853.jpg,4,0.048835965087385594,37,0.06391762477414453,0.06753602664062695,0.09108897724598441,0.06391762477414453,0.06238840369237372,0.05691410599763641,0.051722283994747875
854.jpg,8,0.06968773858478436,39,-0.01554854101381431,0.06537288154698852,0.0061327976063155765,-0.01554854101381431,0.022801370844009794,0.01685091579780018,0.01997295492523854
855.jpg,2,0.1534653475361043,38,0.29197167197366586,0.24756911712863766,0.15104807151500788,0.29197167197366586,0.14894990434888106,0.14672282928201136,0.14691894418377213
856.jpg,5,0.03080307983327657,36,0.14097247684876169,0.11159339795928529,0.15695290339249357,0.14097247684876169,0.16106856419352364,0.160620835645364,0.16337074433494422
857.jpg,6,0.34666844793419177,37,0.17073962360290518,0.10794385871015534,0.1501788350616159,0.17073962360290518,0.12144078633653635,0.12143298447983131,0.11094898203305695
858.jpg,0,0.8835177447865991,34,0.7156484190873136,0.8391970588196634,0.752713598933869,0.7156484190873136,0.7642475173335836,0.764795458034488,0.7677299797701488
859.jpg,3,0.3610949307844481,34,0.41358294725627176,0.39475796692357473,0.2835924561253631,0.41358294725627176,0.2123395545377234,0.21273999069428712,0.20977031229597595
860.jpg,8,0.06363197399030734,41,0.11993587174985598,0.0772045922900402,0.12191025529985178,0.11993587174985598,0.026166981262841005,0.031969256310092564,0.021584363304445187
861.jpg,5,0.023189160997342122,38,0.02175978591577321,0.06676389807433737,0.04680634173825504,0.02175978591577321,0.03808034491619461,0.039307419877652405,0.031456808389004665
862.jpg,2,0.02631578980454881,38,0.15441977136155238,0.1084719442093336,0.1279478943227993,0.15441977136155238,0.08802940642924306,0.08558700137691,0.09368131132336202
863.jpg,4,0.022002200337333813,36,-0.08925314364736625,0.0455408693881078,-0.022353771135216638,-0.08925314364736625,0.04933659986857014,0.05101347029299458,0.05132425603067403
864.jpg,8,0.9310552823107417,41,0.616518965737861,0.6950127328064066,0.6999859193897173,0.616518965737861,0.7027461067967807,0.7080503221916923,0.707851485785977
865.jpg,1,0.013351334964461399,33,0.028872529737930752,0.06516180103212872,0.08909401714479503,0.028872529737930752,0.10746097911123692,0.10431922385636538,0.1080527178528865
866.jpg,0,0.08910891056681673,36,0.13229887616820102,0.0791916664242396,0.13420204115167622,0.13229887616820102,0.07781034173380932,0.07946209577594934,0.07830139455278101
867.jpg,7,0.8192319057627835,33,0.6284518321404182,0.7114624643915367,0.6942297595263193,0.6284518321404182,0.7281578054255247,0.728347263897646,0.7147934990613495
868.jpg,3,0.0957095708258243,36,0.056621240335058554,0.06577852783195158,0.12859379881520494,0.056621240335058554,0.08821709328654484,0.0827276633792556,0.07029750598242918
869.jpg,1,0.6702970220474527,40,0.635731063109957,0.72213108004428,0.6508360575883723,0.635731063109957,0.618701867883894,0.6153740815159929,0.6061557176137912
870.jpg,9,0.11760770678016785,37,0.11134246256077185,0.08018106149057136,0.10319389683701508,0.11134246256077185,0.17568659620652705,0.1765303090107731,0.18335360910298826
871.jpg,0,0.08148247261556822,37,0.35635288753671024,0.3287806045807556,0.3542064222560476,0.35635288753671024,0.2610653587426271,0.2566057587732307,0.2468369160281026
872.jpg,2,0.014026402392321162,36,-0.1154582979038079,0.04655300638045572,-0.09437694635519811,-0.1154582979038079,-0.08035455064901365,-0.07564157929240217,-0.07901565763696772
873.jpg,1,0.017795022803585272,37,-0.0670782658842759,0.05058282400997896,0.026046576745058947,-0.0670782658842759,0.0974468770758575,0.0974627817456089,0.09226058014627267
874.jpg,9,0.014851484968162635,34,0.05343815824510745,0.06721465089495035,0.07467687364663922,0.05343815824510745,0.07528419409219397,0.07779937049979788,0.07666053165665287
875.jpg,2,0.04757975869708591,36,0.017934821323993044,0.06765698966719959,-0.0011361640811557994,0.017934821323993044,0.010962778020113861,0.009737477647823845,0.008890716056689119
876.jpg,1,0.5264997001846924,34,0.35317545874863154,0.31523983628669466,0.2894764102179135,0.35317545874863154,0.3608677969805361,0.35815583009320634,0.3515937593348095
877.jpg,0,0.02588401682940977,35,0.2309542636472136,0.16622303320844198,0.2007119973403857,0.2309542636472136,0.03706998222960611,0.03643276894940706,0.03500700396931172
878.jpg,0,0.03197752240088743,37,0.0337368708812783,0.0658319423241506,0.02643756082151605,0.0337368708812783,0.09609810496179508,0.09873056473042344,0.09354069299912249
879.jpg,2,0.042008487121867284,35,0.004364054942177287,0.06536256007639345,0.007018399584995727,0.004364054942177287,0.057410886564039976,0.05896084560977416,0.056341941255100114
880.jpg,3,0.049142718758070615,41,0.18248447580593485,0.10474807773403103,0.17901633873809192,0.18248447580593485,0.20662721046275329,0.20926964718343188,0.20301392236002305
881.jpg,3,0.025334886001313433,34,-0.2177399521692921,0.0453915704247645,-0.18542578902855333,-0.2177399521692921,-0.1753207043677517,-0.17950668406984538,-0.17365403818256286
882.jpg,3,0.3176017585210502,45,0.2751193571295739,0.19963258725958483,0.27627520955372636,0.2751193571295739,0.3085781829811342,0.31503747698110285,0.31200366981808786
883.jpg,3,0.1100533123080356,39,0.22661245826457532,0.15447844475435327,0.24465521264543577,0.22661245826457532,0.19167969329456197,0.19370879689305737,0.20142697746568522
884.jpg,8,0.13687449805690227,37,0.11649683119745002,0.0772045922900402,0.13943694683853347,0.11649683119745002,0.3322889950450027,0.3269269496706833,0.338107396695821
885.jpg,8,0.10093509348937207,36,0.16560690706409664,0.11496277872761554,0.16133831133122034,0.16560690706409664,0.10615798833284942,0.1091167385736368,0.10166152901646569
886.jpg,7,0.1695898173243872,35,0.04707989495092024,0.06122002144604816,0.05643738070190374,0.04707989495092024,0.07621882588237403,0.0757862052895674,0.07380542527050932
887.jpg,9,0.21474444528890624,37,0.2749813115623539,0.2331563243140255,0.1899122693015362,0.2749813115623539,0.16540965835102067,0.16384743720874326,0.14625106826747775
888.jpg,4,0.9111661021080282,36,0.8967195378472448,0.9186567606119862,0.8967989560769921,0.8967195378472448,0.8036609872673918,0.7991003141007909,0.8045037926014764
889.jpg,2,0.07698019844247028,40,0.12211022019855866,0.07775459452314136,0.15062911734012296,0.12211022019855866,0.13414166919493034,0.13130378022767816,0.13155861783005748
890.jpg,2,0.35416109116143873,37,0.34319678455059904,0.31470020818066674,0.3149060691186107,0.34319678455059904,0.33474999388113996,0.334959696831592,0.3323308397143019
891.jpg,8,0.2859245371199339,37,0.2861740452431245,0.2431578223870636,0.19174109129915723,0.2861740452431245,0.20392871886287517,0.2048833301738167,0.2083105671678393
892.jpg,1,0.025247524597216398,40,0.20294528413997337,0.12255295858635924,0.1814154539119638,0.20294528413997337,0.13295115389581627,0.13264356143805978,0.12462952844868588
893.jpg,9,0.030591520755432356,39,0.046836111110539425,0.06721465089495035,0.04783620308232961,0.046836111110539425,0.05743314040531022,0.061066769305595514,0.06928418057923208
894.jpg,9,0.2583623232470976,37,0.3734878715947718,0.3344954551525909,0.2997139534925921,0.3734878715947718,0.3527886061655191,0.351124424342396,0.3425384207854936
895.jpg,3,0.034653465753086865,39,0.07456732520643006,0.07691911078717067,0.021646343754145647,0.07456732520643006,0.07821422315090512,0.07802257792852091,0.08094946262389219
896.jpg,8,0.02117711763518552,36,0.11242794875267892,0.0772045922900402,0.11544127898110013,0.11242794875267892,0.036677675900205986,0.03632471056220976,0.031770851037334014
897.jpg,5,0.07578065544844438,39,0.0913582664437903,0.0748146206631991,0.09366174372733005,0.0913582664437903,0.20400083521838272,0.20528167282443832,0.20830557388339355
898.jpg,6,0.037953795748762786,36,-0.008983761880836272,0.0646820268081234,0.02742616693146016,-0.008983761880836272,0.08276601804112188,0.07869352241817953,0.07887875535608804
899.jpg,1,0.07571345295154434,34,0.13066563885661064,0.07784587610197345,0.09736205808165321,0.13066563885661064,0.0570825945405834,0.05479101952381632,0.0586885952037553
900.jpg,5,0.27151561019798887,39,0.167962922397207,0.11421336572053108,0.19798573935888586,0.167962922397207,0.12527234683245855,0.12375587649412334,0.1178634297966156
901.jpg,8,0.8063954992874248,37,0.46154706025535985,0.4830237023916583,0.48357128404010674,0.46154706025535985,0.7562623217280106,0.7526173851738303,0.7544277744559611
902.jpg,5,0.1789994792351009,38,0.15470820695203724,0.11421336572053108,0.07229064644190009,0.15470820695203724,0.16103201417512494,0.16290446207503684,0.16313222923800028
903.jpg,9,0.03658536631931982,41,0.1582535035739665,0.11514063096177261,0.16566701122751287,0.1582535035739665,0.04112086221285538,0.03826823192263873,0.04295359300018586
904.jpg,9,0.9093352045331683,35,0.7410445746832206,0.8332585044081106,0.7953367866604005,0.7410445746832206,0.8425046678035063,0.8501633367300243,0.8569142455296601
905.jpg,9,0.09240924279826383,36,0.20805883443446405,0.1206546181635492,0.2695995085387108,0.20805883443446405,0.1689224238301302,0.16389582932877156,0.17832661274115197
906.jpg,2,0.04251601596308105,34,0.12771870848405698,0.07775459452314136,0.09870702987057478,0.12771870848405698,-0.007673363471999484,-0.012227245915926166,-0.005645030205538748
907.jpg,0,0.5750390804054117,38,0.19514285302700118,0.11115704112137899,0.2002067422866582,0.19514285302700118,0.13691130321435133,0.13412778124397545,0.11717046372240364
908.jpg,0,0.035956226963255754,38,0.265534946335661,0.1823121176616896,0.24927711242240985,0.265534946335661,0.12125382719249744,0.12535420434773578,0.11160597891071086
909.jpg,6,0.03162816296228104,36,0.13198633966300088,0.07862445832994937,0.15411315332976072,0.13198633966300088,0.1419087579441485,0.1383042820590734,0.1462936540632587
910.jpg,5,0.04749799348615311,37,0.030246439256417235,0.06676389807433737,0.03987010293281201,0.030246439256417235,0.09723762784453135,0.09513693672755519,0.09851659380267164
911.jpg,6,0.18545315862418368,39,0.35048037010820693,0.3291167701369044,0.3376480755194099,0.35048037010820693,0.3574681203223223,0.3561738316070867,0.3620207066405118
912.jpg,7,0.5480905213925455,35,0.6009457823760903,0.7114624643915367,0.49529932350450034,0.6009457823760903,0.6502964572559622,0.6522117063146935,0.6376367965714375
913.jpg,3,0.5264026366898583,36,0.5508840678808564,0.5503714508030296,0.5577924714454218,0.5508840678808564,0.42801624309648123,0.42991398728149455,0.41743848807725914
914.jpg,3,0.8521541228165498,37,0.8225148101173649,0.8841373908527269,0.870656259584668,0.8225148101173649,0.8119471651766597,0.8050544500760255,0.7914976535506246
915.jpg,0,0.8940086176571174,39,0.7391082985951001,0.8391970588196634,0.8128379504083225,0.7391082985951001,0.8309736434207295,0.8346859377039291,0.8492633333524796
916.jpg,4,0.039895166382741404,34,0.006856442360871573,0.06753602664062695,-0.02382715737790142,0.006856442360871573,-0.0031015078869987556,-0.0037220931164578253,-0.007621924483974252
917.jpg,6,0.10289001885197453,37,0.13263345867735188,0.07862445832994937,0.1193768559055447,0.13263345867735188,0.2370363661237319,0.23446546023513992,0.23817329181733338
918.jpg,9,0.9680224560402535,37,0.755850013395296,0.8332585044081106,0.8115382591984275,0.755850013395296,0.8661802593768302,0.869944319415643,0.8832136899507578
919.jpg,3,0.2722772270655976,39,0.24080220989522605,0.16020969594621345,0.20418021888577992,0.24080220989522605,0.23536569444395367,0.2335556105901589,0.23263306378034276
920.jpg,2,0.08688118876889347,40,0.12961078981884244,0.07775459452314136,0.18503302900334323,0.12961078981884244,0.1036423043032397,0.1017946947353971,0.10713286919389461
921.jpg,4,0.9146767469013438,34,0.6776847893961284,0.7206210405711609,0.7243082197159083,0.6776847893961284,0.7919340841514428,0.7945155314705646,0.7759617407698611
922.jpg,9,0.9708181133395747,38,0.9291907225757847,0.9690928346401936,0.9408316483298274,0.9291907225757847,0.9367763802374548,0.9444959092626533,0.9467813649412725
923.jpg,5,0.9267085049210525,41,0.8211431645079401,0.8863333495423695,0.8679989476238009,0.8211431645079401,0.8920792790000542,0.8940307002983021,0.8986516097007634
924.jpg,8,0.6999516931203443,41,0.649928040679805,0.7203597165002578,0.7457627361091432,0.649928040679805,0.744951893490418,0.7414025265206685,0.7480542243957531
925.jpg,2,0.19280171294923168,37,0.35054758748396947,0.31470020818066674,0.31779741063094313,0.35054758748396947,0.35981198142215864,0.3633716134379852,0.3659642263988305
926.jpg,7,0.03647733195439765,38,0.11898588927201592,0.08113007314930276,0.1078871000022259,0.11898588927201592,0.019213219496152956,0.021068195245642796,0.02053683665322159
927.jpg,0,0.044059405860025436,40,0.1757211937226898,0.11115704112137899,0.10582287835246251,0.1757211937226898,0.027568576950574353,0.034290822716770586,0.030571741220420334
928.jpg,7,0.03630363005989542,36,0.010935282458271134,0.06122002144604816,-0.006124992680808572,0.010935282458271134,-0.08065819751882203,-0.07949212391632027,-0.08279969749367716
929.jpg,6,0.5302687441797129,35,0.40710743541254996,0.36391216038848656,0.3742885270351775,0.40710743541254996,0.34585067491170496,0.351772946784939,0.3410003748745882
930.jpg,5,0.061244694928505594,35,-0.06086828968567415,0.049427476896085856,-0.0802721912317983,-0.06086828968567415,0.04439985827820636,0.043234588355771264,0.03910973394181827
931.jpg,5,0.06377402424593182,34,-0.16075128773565828,0.040504369681454926,-0.12200715159910114,-0.16075128773565828,-0.07444489359864409,-0.07997171375930162,-0.0773366888218186
932.jpg,3,0.036176694688411094,39,0.06277898241358648,0.06577852783195158,0.09294732856195465,0.06277898241358648,0.10017468028978005,0.10006528006463353,0.09666780676185485
933.jpg,7,0.055280527824329004,36,0.2648881179895627,0.18642037798678837,0.26167149585256755,0.2648881179895627,0.12411199015279789,0.1208512054466504,0.12488375274267946
934.jpg,0,0.22960867338059915,42,0.27129037723682187,0.21264502100714144,0.17297585647800545,0.27129037723682187,0.10647069036537254,0.11442608054121761,0.12973024614844092
935.jpg,8,0.06355365265060116,37,0.024165989546915845,0.06725229051226211,0.06500911652792252,0.024165989546915845,0.0689416959595976,0.062092828052419946,0.05861556088858
936.jpg,0,0.814958513626275,37,0.5763534115455698,0.5520010361476408,0.6817343307141923,0.5763534115455698,0.6364537742548602,0.6318484907621005,0.6402343331515992
937.jpg,9,0.12898789842923483,36,0.27496126191194825,0.2331563243140255,0.17695363182172924,0.27496126191194825,0.2208037971055381,0.2227780209079397,0.22531755085153068
938.jpg,6,0.18391089437063785,40,0.25342314359752127,0.17109830040599106,0.2667446292533911,0.25342314359752127,0.24074234089323998,0.2417883670825896,0.24188837432308385
939.jpg,7,0.17299973405897617,37,0.30102085444255827,0.23181730435799106,0.26962320213986324,0.30102085444255827,0.3410315074881401,0.34459756349687404,0.3524362770888601
940.jpg,2,0.38026709381360996,43,0.368597099223989,0.32539599328885754,0.2814816494120048,0.368597099223989,0.3507723555445651,0.3535209778506617,0.345343556328926
941.jpg,5,0.2730800107725569,37,0.2917215405920128,0.24760224470487327,0.27038259890716726,0.2917215405920128,0.3463406454817582,0.3537148293203107,0.3559977313701727
942.jpg,6,0.1170007257449736,41,0.17466193707598154,0.10794385871015534,0.17399442447430863,0.17466193707598154,0.21861851173182995,0.21731691552780688,0.2197123697970625
943.jpg,6,0.4135474484731875,41,0.3410368453335946,0.3291167701369044,0.28598681015550703,0.3410368453335946,0.4201797980681209,0.41590722615585046,0.4139262554368869
944.jpg,1,0.21693323338881898,39,0.4061732535813444,0.4073881743334777,0.3948167523334632,0.4061732535813444,0.39925265669940674,0.3947533461226869,0.39372370214342906
945.jpg,3,0.04220948458992337,38,-0.06283802484885725,0.05095438897618367,-0.07758018397512201,-0.06283802484885725,-0.0778127754096819,-0.07635283275348881,-0.07688431333963985
946.jpg,2,0.7713406384368805,37,0.6468100453258256,0.7332256393323093,0.7261584430826424,0.6468100453258256,0.7853125007837609,0.7817399798818936,0.781433492438753
947.jpg,1,0.43701870064251125,36,0.265946679032904,0.1661823572334525,0.27272108635080283,0.265946679032904,0.3385748416015643,0.337807918268222,0.33634159066200436
948.jpg,4,0.038969281201179214,39,0.15388689616656792,0.11074128661211984,0.20243304643614196,0.15388689616656792,0.16446364926245693,0.16328456136529054,0.15414016256115665
949.jpg,5,0.031741409822750616,34,0.13910956414745346,0.11159339795928529,0.15410961481165852,0.13910956414745346,0.038940025277938384,0.03541670955364362,0.03786581977232667
950.jpg,4,0.04187851259484887,37,-0.13806413886281887,0.0455408693881078,-0.06409296584846558,-0.13806413886281887,-0.042365627574998455,-0.04606348381197356,-0.04714408523066349
951.jpg,2,0.5537128708790988,40,0.4601927312469854,0.4819777157823306,0.5188976941495191,0.4601927312469854,0.6240492349171376,0.6162225037236584,0.6307443313040806
952.jpg,6,0.044554455721801195,37,0.07341002066365776,0.07862445832994937,0.1005039497030813,0.07341002066365776,0.027924399574130787,0.02825914742713803,0.02954526557055559
953.jpg,1,0.13389362217208675,43,0.17015325368283718,0.10910144096146264,0.19014642859226555,0.17015325368283718,0.15008556821253538,0.1465993201885827,0.1532869491137559
954.jpg,2,0.09272143485125255,37,0.08209256145530408,0.07775459452314136,0.049439268122477675,0.08209256145530408,0.07542732037112018,0.07650126668013896,0.07801654856308315
955.jpg,1,0.44947956218264806,39,0.27935034482210747,0.2155492250290481,0.29083794945037,0.27935034482210747,0.2861318195083674,0.28693712950726785,0.28990197592189476
956.jpg,1,0.31188118899604533,41,0.5626737078272914,0.5517437609150966,0.6359163324838731,0.5626737078272914,0.4730742248393586,0.46869138341324923,0.46891722029149735
957.jpg,6,0.054455445777322795,37,0.11267856114311792,0.07862445832994937,0.11920052478499643,0.11267856114311792,0.06897556928718304,0.07044792799926358,0.06846064487541681
958.jpg,3,0.03418198947439946,42,-0.07459273022632051,0.05095438897618367,-0.06619964145912882,-0.07459273022632051,-0.07155603101014951,-0.07269693532275207,-0.07854201233073499
959.jpg,5,0.06714902295229527,39,0.18800787913920913,0.11421336572053108,0.17167318851617713,0.18800787913920913,0.0970338405045015,0.09952205538867076,0.1020515872698309
960.jpg,7,0.09983498359926873,36,0.2156828308880092,0.11933326692445369,0.0887388441874779,0.2156828308880092,0.1592852240818506,0.16379550272092447,0.1632015438645645
961.jpg,3,0.947476434998396,41,0.7871732930118683,0.8475780603460663,0.8527744440301054,0.7871732930118683,0.8002756513897056,0.801957517741944,0.8079262708028195
962.jpg,1,0.03682685399246288,41,0.32151504783295964,0.30874301379499386,0.3368248448398308,0.32151504783295964,0.23415881652242096,0.23167990882069245,0.23692745908363927
963.jpg,6,0.036526625321523565,37,0.1254278218391338,0.07862445832994937,0.15447439420680448,0.1254278218391338,0.08765890209195512,0.08804365990759672,0.09070386131432542
964.jpg,9,0.22089911789658503,37,0.42458197798932074,0.4081565787997851,0.40246822229233425,0.42458197798932074,0.3945505321617585,0.3891033318272867,0.3786564132811908
965.jpg,6,0.033446028181238145,41,0.0657062560529752,0.07689393950679996,0.046636505172579557,0.0657062560529752,0.055407826491338574,0.06283433957535012,0.06436356364524554
966.jpg,8,0.15270373249092165,39,0.40368621953286543,0.358565247487088,0.3294086752765569,0.40368621953286543,0.28726681668890053,0.28496773463811625,0.27829159950455085
967.jpg,6,0.04125412548374799,36,-0.137537249191934,0.04446050332700501,-0.08661926117439445,-0.137537249191934,0.013341898403113395,0.008956242955609595,0.01348797375135613
968.jpg,7,0.05854498485670141,46,0.1151284602384175,0.08113007314930276,0.13985138425332655,0.1151284602384175,0.08034169382678927,0.08041732005323918,0.07256501077313479
969.jpg,1,0.07073707453285655,45,0.07107038464802407,0.07784587610197345,0.09949713441371011,0.07107038464802407,0.07345961300774856,0.07063277152003952,0.0658442031208355
970.jpg,0,0.0648394112429786,41,-0.08340778886424682,0.04421016028174606,-0.027738797329261877,-0.08340778886424682,0.045438491480614684,0.04210438958301099,0.03989402541546955
971.jpg,6,0.900742557644844,40,0.8465887480280613,0.8850436617638282,0.8864176847263558,0.8465887480280613,0.8360315369743849,0.8375971260667685,0.8289191030900951
972.jpg,5,0.5273857152763199,47,0.4898440603744493,0.5511936436928336,0.5590370203188515,0.4898440603744493,0.6993382549923833,0.6948557612143442,0.689584412714934
973.jpg,9,0.5108910873881541,40,0.4062811597683511,0.3654695134107163,0.4182234249542346,0.4062811597683511,0.6437519218033592,0.6461540052736843,0.6485219728335307
974.jpg,0,0.03490733666918599,39,0.0961705859643821,0.0791916664242396,0.08465274309834225,0.0961705859643821,0.06178139215980957,0.06370812706450119,0.0676113249898882
975.jpg,9,0.37227722788229584,40,0.5736172556991508,0.5574517604405905,0.49313810056161683,0.5736172556991508,0.5769664726900381,0.574630217227607,0.5807892965760416
976.jpg,3,0.5383345980603153,39,0.6444268102424412,0.7294260140774175,0.7246472769971031,0.6444268102424412,0.6872732046692811,0.6850054498240314,0.6696200446710598
977.jpg,6,0.13757165139050861,38,0.14102266428977628,0.10205398721925776,0.1738194480602993,0.14102266428977628,0.18585707645393548,0.18109530839884383,0.17957823898529035
978.jpg,5,0.12404526142137391,35,0.20209326062322774,0.11651064937908148,0.17722277091253613,0.20209326062322774,0.1966956195264844,0.19427280921945334,0.20192983653978724
979.jpg,3,0.0674028953967186,39,-0.006810719405106469,0.06316060669831974,-0.007488874036329918,-0.006810719405106469,0.04899685228313838,0.046218833665709,0.04672583217363013
980.jpg,0,0.04749799290722286,37,0.18343667493722915,0.11115704112137899,0.18638437579312123,0.18343667493722915,0.17696095515686167,0.1765086790042187,0.15924788289373867
981.jpg,6,0.032581165313807336,43,0.07641730959235038,0.07862445832994937,0.0660236512451442,0.07641730959235038,0.05019098451268933,0.04701483197469547,0.0442144794093462
982.jpg,3,0.06875687576312986,36,0.28576717039538796,0.2573233508331544,0.16478604373368372,0.28576717039538796,0.15420735468227104,0.16102776842419683,0.16414252756131145
983.jpg,3,0.4813295592953052,35,0.3613687745643337,0.332381243878807,0.33719284414243755,0.3613687745643337,0.4085987986796457,0.4169679106224086,0.423553814598639
984.jpg,5,0.42224100220766736,41,0.550551463206165,0.5511936436928336,0.4864142818866516,0.550551463206165,0.5100244407270285,0.5121586490586385,0.5124525848243967
985.jpg,6,0.9015401362105169,36,0.9123545041164072,0.929133760472186,0.9748110122754153,0.9123545041164072,0.8810339649325566,0.8818295331502164,0.8828716727042177
986.jpg,5,0.04653465391602367,40,-0.07351435910666393,0.049427476896085856,-0.0741907843176921,-0.07351435910666393,-0.1232036098292364,-0.12607109791104276,-0.12534686450574067
987.jpg,5,0.8540782545626696,42,0.7348214153549791,0.8411553895246027,0.7937112921431302,0.7348214153549791,0.7930445369053906,0.7901304191231336,0.7956755285304302
988.jpg,3,0.11145303832568429,37,0.2495704016351702,0.1674647895198941,0.3007920061875619,0.2495704016351702,0.11941827724837756,0.12310879060567859,0.1200329652824591
989.jpg,0,0.024752475565210694,42,0.114242135063083,0.0791916664242396,0.1090121751807882,0.114242135063083,0.04988343582834304,0.05284810858218181,0.04796302492672905
990.jpg,4,0.052192362078598564,35,0.17654986971851028,0.11074128661211984,0.20070072216444151,0.17654986971851028,0.197772983673604,0.2017076358909856,0.20620079402872538
991.jpg,2,0.3605374824388751,35,0.32691238431445574,0.29312948487176543,0.24110039386530174,0.32691238431445574,0.35219785657791786,0.3563754579793095,0.35655036911977445
992.jpg,9,0.08576398209442158,37,0.09576742572927999,0.08018106149057136,0.12404694958768392,0.09576742572927999,0.0013762835610988122,-0.0006086177558650152,0.0048581495426610055
993.jpg,0,0.06534653457347303,40,0.14201148507539962,0.11115704112137899,0.15196776791654992,0.14201148507539962,0.14181374989219697,0.14703802873264712,0.1513683011282657
994.jpg,5,0.01992272409587735,41,0.22930945809763048,0.1641647309290077,0.25229118890351443,0.22930945809763048,0.18325933863969301,0.18906307447855927,0.19949697425551477
995.jpg,9,0.45625143528504425,43,0.659575190802617,0.7306886832116221,0.6237357783630597,0.659575190802617,0.6118906527538683,0.6159989430961916,0.6106092822901656
996.jpg,6,0.06089108937885612,40,0.24942122490518293,0.17109830040599106,0.24717116717263593,0.24942122490518293,0.1488272934980401,0.15447907708962524,0.1531415113309387
997.jpg,8,0.015334460248307483,41,0.025685338917674327,0.06725229051226211,0.08432130156290574,0.025685338917674327,0.09360624238401283,0.0888677371447566,0.08329451412045988
998.jpg,3,0.020509193740075544,42,-0.08673775765388003,0.0453915704247645,-0.07430960786579932,-0.08673775765388003,0.02483397017450706,0.02606878489971881,0.023419571415057516
999.jpg,8,0.06122980868492864,38,-0.038999135039083255,0.05795459781316339,-0.01250794136125799,-0.038999135039083255,0.0019314967996608146,0.005060191646517553,-0.002006117674087704
1000.jpg,3,0.04552040548949707,41,0.12054978842373576,0.07691911078717067,0.0906313222748163,0.12054978842373576,0.011037850348522393,0.01152743361089592,0.00789935143871967
1001.jpg,5,0.6207437775801958,41,0.6071968815491804,0.704990775720648,0.6375261745111304,0.6071968815491804,0.64773537405977,0.6447052570097758,0.6317485734047252
1002.jpg,2,0.8768976754612393,45,0.7821385310580401,0.8511429239780222,0.7658786894842208,0.7821385310580401,0.8222475100810149,0.8239513564046628,0.819735289915257
1003.jpg,9,0.39760927185870526,41,0.5575505168998762,0.5574517604405905,0.5167163575747019,0.5575505168998762,0.6025092058292818,0.6114175930614414,0.6373005261676215
1004.jpg,4,0.2652423153999017,38,0.29425802494457887,0.23586045066947647,0.35081858400794813,0.29425802494457887,0.26048250438944875,0.260187262733867,0.25757008309042373
