face,fold,human_mean,rater_count,reference_linear,reference_isotonic,original16/ridge,original16/lasso,original16/evolved_ridge,similar32/ridge,similar32/lasso,similar32/evolved_ridge,exploratory32/ridge,exploratory32/lasso,exploratory32/evolved_ridge
1.jpg,2,0.021452145328601964,39,0.1294487608354753,0.09144584813060634,0.01676382160408535,0.016854574241875142,0.019303093559831952,0.03774817405619191,0.029682510128199613,0.030351153595432334,-0.045042371297371125,-0.042336081552967975,-0.05421865636366638
3.jpg,6,0.27557755656363,42,0.2315875854530713,0.1724687204311292,0.27311877526430073,0.27417577091425577,0.25753489179752287,0.3458943943015771,0.34385721383921364,0.3577157955680035,0.34880941446394464,0.3516753163592829,0.3214771940253095
4.jpg,4,0.5756537169934466,39,0.46185859825307285,0.3713166900585143,0.37853544769510467,0.3774909954682677,0.37506668496060563,0.3858808868805797,0.38668567392739095,0.388381104050173,0.392558053086978,0.4109042907080027,0.3940965609333392
6.jpg,3,0.013719943471785102,35,0.15653267912921642,0.11313635385456605,0.03974935058693513,0.039230612794258796,0.050152461504365975,0.050934483825048116,0.043400441741756335,0.04606338937839627,0.09319488721283531,0.09280944573251781,0.09959709366903348
8.jpg,1,0.12011464286938701,38,0.13707095819934267,0.08713729131204517,0.19330762530596285,0.19123068053612724,0.18591393164176562,0.27168730695992294,0.2597879227565621,0.26777066064692984,0.23756229409140428,0.2308665102727645,0.2380558088293195
10.jpg,3,0.17871287179877982,40,0.39488711161045525,0.3523332922503949,0.4439738491723736,0.4422655407756706,0.44421274561351654,0.42737332289070845,0.4253352102361452,0.42658190075947755,0.3713989497868808,0.36887097605397134,0.37370075183331886
13.jpg,1,0.014583890817153293,37,-0.04658673105517608,0.04627043254569424,0.04425152416797265,0.042534108163138185,0.04042971021080985,-0.02202362965779614,-0.00963093037461904,-0.02679959715327418,-0.008890127817284071,0.0014338281198089387,-0.01764903314767377
14.jpg,6,0.021287128527183084,40,0.13184093081902548,0.09108544733760784,0.010643928599810781,0.011273976725811263,0.008543706955116581,0.0782928602248241,0.07820186092752579,0.08676841452152637,0.09015355907447799,0.09087370093920273,0.08876612260027833
15.jpg,0,0.9294888729581962,37,0.960487826727956,0.9437609635128607,0.9162991927285855,0.916727717595678,0.9354080006072564,0.9079705215884147,0.909930625074194,0.9129912944362422,0.9591567573950233,0.9626400713616079,0.9664578648156078
17.jpg,6,0.0273733258329551,34,0.43047509515157517,0.3998715771573699,0.28465648417005524,0.2824749900472851,0.2910799312905421,0.2620332494456484,0.26302681712921944,0.266846297105733,0.26218249299318364,0.25841016296965613,0.265051419335524
18.jpg,7,0.49639963424962125,33,0.4722128861495681,0.4821382780739375,0.5171827686501212,0.516081395499948,0.5317861078665691,0.48482691269379113,0.48609109650902343,0.47653510473096383,0.44565340255303604,0.46543301799723447,0.44883501918791385
19.jpg,6,0.013245919165579049,37,0.25116288709417195,0.1755656630305975,0.06255599436439205,0.06370076247189846,0.0637096421702956,0.088786134555079,0.0937958483765075,0.09834133936457548,0.07955664976800603,0.08340695053313588,0.08795024933766342
22.jpg,5,0.02399086104467129,39,0.117379972013826,0.09367197801589001,0.058208266436327594,0.058782904230082506,0.06892882135017214,0.06618841048014368,0.06270969647685415,0.07242819735297448,0.037277613426028644,0.03253625169182672,0.030338816676387104
25.jpg,1,0.02571842566177976,41,0.06384450135144382,0.08543258222794856,0.10721945349667122,0.10577918485838148,0.10788384269119783,0.05971000825517775,0.06297741753354588,0.05437419790405662,0.1406963938149251,0.13817918288588535,0.14039399020765286
29.jpg,9,0.17352787771654365,38,0.35294698324981505,0.28521474252863543,0.16723349995260556,0.16752815901141116,0.16028785165917306,0.1811373050457824,0.17725485666459806,0.18657016771814466,0.19124117843550326,0.19698991294284282,0.1916455329077054
30.jpg,5,0.014576457531398369,36,0.13672563559130735,0.09595744525442501,0.07200637526982967,0.07236260257574953,0.07526294371548237,0.08165312378848591,0.08411362008062162,0.08672922604651437,0.056546894682517584,0.05364610073344628,0.049500664593897487
31.jpg,6,0.08763714181259274,37,0.2198799066089938,0.1724687204311292,0.07739693231442119,0.07914598238711601,0.07705501704914838,0.05450005384178824,0.05266498511993328,0.05476324851198333,0.14605960993723577,0.1489772235553229,0.14734012194300855
32.jpg,3,0.520563594567088,39,0.7824977772770916,0.8297322003738978,0.5538251935141554,0.5534625856690552,0.5525572770745304,0.5827335457146154,0.5770483290520397,0.5794927763688202,0.5748469276214869,0.5770062241399946,0.574077297098273
33.jpg,7,0.03143564395140856,40,0.13183699571427976,0.09557632197647248,0.16687430318071095,0.16668241399956418,0.15490000246433877,0.1562081172589887,0.17178913609457527,0.14958321348273768,0.1609365734954571,0.1504373666949682,0.16147540568793872
38.jpg,7,0.011551155171428736,39,-0.13416203448608732,0.04629249556890541,-0.05978950985576037,-0.05959388058483189,-0.06557038496787487,-0.026750666857527194,-0.03290885181320746,-0.026239590055180007,-0.009821594375196308,-0.017543401853527596,-0.008933247887472157
39.jpg,1,0.052631579314995756,38,0.06793759493960738,0.08713729131204517,0.04327944102764908,0.04344580979687751,0.041292558291270876,0.09212011454890617,0.08630026828456283,0.08432408934903618,0.08254180580777531,0.06771829871882534,0.08966491279032418
41.jpg,6,0.031174739331913157,37,0.26841268672997215,0.220707720168041,0.23596248174435097,0.23839471264748022,0.24430611802743196,0.2161263917474779,0.2178533722331305,0.23209275036125165,0.21944994719591535,0.238293407733494,0.2545922017617951
42.jpg,1,0.5752996302356845,38,0.419307918711606,0.3334965741721911,0.36825836555081437,0.36636679725382854,0.36916687827808836,0.3250260996117022,0.3316443693384209,0.33125436234264477,0.37923651771834843,0.3835973245980519,0.3728238048051933
43.jpg,3,0.09988351685323697,34,0.026274314693807477,0.06041352350765454,0.03877331609276649,0.04000314168836727,0.03624476373549068,0.054686157285685044,0.054284527285274,0.051882227203496945,0.06652706061205946,0.06673599527726928,0.061936819718223374
44.jpg,7,0.945835737621083,34,0.9673381667589156,0.9335563070583067,0.942356369470088,0.9431872019973164,0.9493892189944546,0.904895177429288,0.908314835523981,0.9248395890564415,0.9571021318687549,0.9688236224555886,0.9606884369995956
45.jpg,6,0.04910355910809862,37,0.22977531269826806,0.1724687204311292,0.16575219089035678,0.16902350042620437,0.16840950431297447,0.14684124882784713,0.1420425571359123,0.1483953316480465,0.16496168147122156,0.17836833121467008,0.17181454618269468
46.jpg,3,0.3109152362250337,41,0.13903804232799144,0.09066049970490521,0.08332592228080446,0.08373949545238293,0.08552660345004365,0.12721932223583768,0.13078784908188587,0.127942219688712,0.12610533587381378,0.13360182269015136,0.12987218558645658
47.jpg,5,0.05750190415300238,39,0.14274555116505594,0.09595744525442501,0.04755663997307549,0.04912872719182043,0.06242058460368091,0.0791447624543058,0.08099501095554923,0.0800592302638985,0.03516311845229078,0.05068912685755131,0.059309889346641664
48.jpg,7,0.05064737283362028,39,0.08451598830385176,0.09223972812526997,0.15106538783552156,0.1515689539239129,0.15188976309927532,0.21799065123119582,0.20868805734746815,0.2155307467831486,0.18078030302801668,0.18053813248215228,0.17486739632316972
52.jpg,9,0.4629347562694397,39,0.34264111131842206,0.28521474252863543,0.34345128358843496,0.3433692470293157,0.3371070136944062,0.41567201146057325,0.416918222338979,0.40934599775384617,0.3667933421381723,0.3710997867757554,0.37296477132762385
53.jpg,2,0.5473047300733419,36,0.616565450168472,0.7642643742291781,0.38880110868330775,0.3899582678439032,0.3871032145034966,0.40541137366803803,0.4049115931288772,0.4097483403822136,0.4088358652811957,0.4099078643646187,0.4159058847965854
56.jpg,5,0.45615275276026557,35,0.2651943375616613,0.2121412958416958,0.42597792256945954,0.42437795382259513,0.4171324667032433,0.4782228090840718,0.4765756545851958,0.47738692834432256,0.4388037860037669,0.41775784469312255,0.4231890555088123
60.jpg,8,0.04257425774121657,40,0.27607618105773907,0.2254205136826473,0.2358783919416032,0.23664279209065062,0.23317493320322133,0.21098174598663705,0.21176596815779755,0.21270770343163092,0.19655904607260502,0.19533864795856362,0.1838713101019145
65.jpg,7,0.031188119621947407,40,0.1055798761752621,0.09223972812526997,0.02012532020331584,0.019949412173899422,0.022549615175360277,0.005314543691942619,-0.003414668966978174,-0.0018410383884536752,0.028099320771907216,0.019620447428400106,0.029470715274969805
68.jpg,6,0.012767066174235783,38,0.1787152994806699,0.11590555968676279,0.059157137008461896,0.05727308332417716,0.06438320007648746,0.04286974467546484,0.042145190687405465,0.03956577392228228,0.08624066893949461,0.08612227810709808,0.08718254059623323
70.jpg,8,0.01431629663282955,37,-0.09388987877230004,0.047776030938199085,0.005611882261553958,0.005182859854666377,0.008233883419749732,-0.005704738511578988,-0.004698654712747441,-0.0022711476520077545,0.05697756358500483,0.05073011617067419,0.05057147747668969
72.jpg,0,0.16776677813484436,36,0.13604817743420694,0.09043952762812618,0.14366861394207336,0.14365371778616456,0.14381329155509473,0.19171560906433838,0.19019569720153764,0.1980477265047397,0.21574620287957763,0.20780353737916754,0.21707674560045154
75.jpg,7,0.24765854939264623,37,0.15507678898664212,0.11147143411372933,0.04649211848447721,0.0468388638461526,0.041866644311233686,0.1136791672177653,0.11083886899581497,0.11431012884950242,0.0470695798112353,0.04483157293423318,0.04935237383294949
78.jpg,0,0.05750190442762314,39,-0.00789567037908434,0.060813726791395566,0.09111639477702071,0.09107224729788027,0.07854138017506138,0.1079787401887847,0.11297307861291081,0.10372555535076108,0.13356938642124858,0.13449686630271332,0.12836314305741586
82.jpg,8,0.6569306888035499,40,0.6366870269070077,0.8123328046544807,0.6198476523717802,0.6197246995403416,0.620565915836213,0.59096657015223,0.5905560381869882,0.5916335023634721,0.6385117031803935,0.6266125471671822,0.6267681834985408
83.jpg,3,0.04321648488828057,37,0.22639548229442152,0.16416994361775675,0.17192974942089367,0.17309180348019357,0.17445306428484053,0.17751171901992455,0.18115291785043908,0.17752225982142522,0.16610578205600127,0.17349127673086048,0.16005920784761826
84.jpg,4,0.018238666062978536,38,-0.026697736608572442,0.04643846971764795,0.01779207639279523,0.018269990036112155,0.018198896859525665,0.04567311243897837,0.04400762333266381,0.05035341733306212,0.05372239854004979,0.04658745617473664,0.045911015121208015
85.jpg,5,0.595883273139694,38,0.5778726775312686,0.6277366150050699,0.5851476613530857,0.5845309161108636,0.6013685969266379,0.5711304302463982,0.569711932247827,0.5624863033392555,0.5317195105001516,0.5314424999370903,0.5518069032685489
86.jpg,3,0.5408415857004002,40,0.20906191199553903,0.16416994361775675,0.19802050829951795,0.19631468822878892,0.19641351081419792,0.22050421166443798,0.22533140420806014,0.22538214683788166,0.16423357791683432,0.16678384736491275,0.16430469445256596
87.jpg,3,0.1346788523145593,39,0.05277643080439953,0.07767486454581682,0.14559867458142484,0.146697256154682,0.1392807248587543,0.14621143426446465,0.15947072445921437,0.14866912582593458,0.17899690183849826,0.17402404177703745,0.17848504629453732
91.jpg,5,0.31616269649837064,37,0.1086159404279422,0.08836710733957115,0.04999312625313368,0.05050232861660661,0.057028057325544335,0.11202473400901228,0.11433470713318183,0.11663784849521625,0.10455259914437363,0.11188473415925464,0.113345904980368
92.jpg,1,0.13558855870117745,36,0.17182680591018917,0.11794094050599102,0.14512446432282064,0.1468787883070287,0.1493068077919698,0.17207514363015544,0.17076819822405667,0.14656218463253332,0.1843139874410129,0.17239472112547882,0.1923053810008776
96.jpg,5,0.01980198054973568,42,-0.06861598763172261,0.046613689321107404,-0.021558778336417284,-0.02130888930291086,-0.012474433167786014,-0.01706382944665563,-0.019384077147582,-0.0016580784690700123,-0.03031513355298507,-0.025399457725630348,-0.012654691607518392
98.jpg,3,0.33890821778442004,37,0.3241955944185775,0.285370841338458,0.3208111707718902,0.32156429834708367,0.3213595683751559,0.31523756058867913,0.31876190627216056,0.3237883746661595,0.3009083832266015,0.29271727150637405,0.2940734334626468
99.jpg,5,0.253931272391449,34,0.3018517426251972,0.21302564852930203,0.327323080971085,0.3268933630878307,0.3330827804182835,0.3212537217948911,0.32038088573938694,0.3117837087686523,0.3216267306872536,0.3093874325890747,0.310592796293264
101.jpg,1,0.0381188118015416,40,-0.07718515091692657,0.04603519450565084,0.09122010049807633,0.08977312468510573,0.08974679730872026,0.12850006112445522,0.1287409734575152,0.1250904408264341,0.1443903917757587,0.13900491438708668,0.13873662732422987
102.jpg,1,0.09240923969385524,36,0.07329318584365097,0.08713729131204517,0.12122656033717616,0.12049973833231856,0.12159277177030994,0.13265978226934913,0.12408663724936322,0.14159893203374477,0.1500218915288331,0.15695857673960817,0.14712573000937687
104.jpg,2,0.025013027577906063,38,0.1587908011500353,0.11348760639671167,0.07730361643573291,0.07748535403065318,0.07298679375724601,0.02876906069489843,0.031989210723161465,0.028647211751168578,0.023207283436385617,0.018310051518027837,0.019084972664416444
105.jpg,7,0.4840484045368309,36,0.20261350138472256,0.11147143411372933,0.32780792418920346,0.32774405195368295,0.34016790596656277,0.361194245398613,0.35693230431353845,0.367287318697355,0.37966238386816176,0.3530081793511339,0.38636544730586114
106.jpg,8,0.08496119868564042,37,0.19520023650552998,0.10915193457790513,0.13098580469626261,0.13014203112432662,0.12784040208500244,0.08889464218881138,0.09395221084875582,0.09680228164230928,0.10333210259722708,0.10140912055723078,0.10760732044864466
108.jpg,4,0.6127612677713236,36,0.8083664872566335,0.8357016652665727,0.718321523976964,0.7185495754858999,0.7217951543540352,0.7517639665534566,0.7495537460966063,0.7527412474255244,0.7853478290325084,0.7799405704908601,0.7851199313696251
109.jpg,2,0.5792079142346565,36,0.42767220019855473,0.3676336096629217,0.6065303550472069,0.6062260306567406,0.5812214750978675,0.6141452302036274,0.6095884579187312,0.6199159400258687,0.5793764070604648,0.5749146001191116,0.5903978506691092
112.jpg,4,0.4588728062211512,39,0.3316895521174875,0.2747821287534276,0.29973961795328524,0.2995038613874112,0.2992200562355784,0.2741464569609986,0.276137440035508,0.26794850348934285,0.33204280874561265,0.32114673209904865,0.3298133105195823
113.jpg,0,0.3524752456462011,40,0.3035178036637406,0.2121206585493216,0.2287789003098351,0.22809301899022533,0.22320916263171117,0.23204489158491523,0.23080046721337916,0.22592001626947167,0.26319256034051974,0.2572517518299664,0.26800455352764657
114.jpg,3,0.3376237627118826,40,0.4210616094794404,0.38320739650188496,0.31463198342700943,0.31547310403566375,0.31511400617444013,0.296801054930281,0.28791356088915443,0.29782896542509985,0.2999607511263755,0.2967954967528101,0.288942492552994
115.jpg,9,0.1387476589832757,37,0.2657512150270754,0.2315791175620743,0.14670766633269103,0.14612117223038967,0.1424467525255193,0.12380199174750556,0.12933538028513616,0.125998864974602,0.12374151530911454,0.12632465533710496,0.11920612186943334
117.jpg,7,0.045120226219296455,35,-0.02391090783251182,0.04629249556890541,0.10801360106325433,0.1074819169882476,0.1073419242867476,0.07877315970524076,0.07843939542903378,0.07559885356999549,0.076709102859297,0.07309955023481055,0.07333587677773507
118.jpg,2,0.3490767957693016,37,0.4132088096550634,0.3447030370162476,0.2995896322690592,0.30037816672395135,0.30457148019554436,0.33311192498346043,0.3357054482571454,0.3272477419627771,0.26080545112084086,0.25989488055187676,0.2692358298499885
119.jpg,8,0.6815181443622956,36,0.38740810894852706,0.332630795172865,0.3280661864151362,0.32794496931616873,0.32019958324232756,0.3318126431581457,0.33179534833567315,0.32900221770617816,0.37051369700260417,0.37443665412284394,0.3710078068742232
120.jpg,4,0.04979615714674925,34,0.17203858542113248,0.10907365830222603,0.0030262067498370016,0.003271510376229969,0.00019582586758976062,0.08375701775326416,0.08289863918254506,0.09133063037266667,0.0946153568033675,0.09180111242332595,0.09663191139635095
122.jpg,1,0.04867986812152796,36,0.009580804232001361,0.0587018116560393,0.06810103747499849,0.06681005462258122,0.06770576464225217,0.09772721015490607,0.10083978032562724,0.10616053156850117,0.08404026475070625,0.0886987919399774,0.07986919571760082
123.jpg,2,0.1812951570326412,37,0.1686885490158545,0.11348760639671167,0.15597557263720346,0.15633747518124752,0.16340213349372107,0.17471320572970614,0.173148231283759,0.17348849729833632,0.1547614809654935,0.15266767066702014,0.16493441036407297
125.jpg,5,0.6358910826849751,40,0.21876710887486928,0.14735355111284462,0.33336890226798266,0.33246228739611317,0.33292850564956766,0.3846723322743191,0.3834130543879066,0.38691966152941937,0.34433359209983755,0.32866507866211314,0.33747777843767457
127.jpg,4,0.3290900522510388,42,0.4076860898446428,0.35245052404523175,0.3927233789693453,0.3929210137108478,0.3932311531039052,0.34508694540223445,0.3400295852119973,0.3407171182734615,0.3446502763113205,0.3422561300211937,0.34218849864127965
128.jpg,2,0.2693793790346784,41,0.07745300436116476,0.08885837734905663,0.1530927209775147,0.15302650575721918,0.16205792511339087,0.1719391199048029,0.17333862886944496,0.14965891791561378,0.2112538574202356,0.19850616835922197,0.21359920247268477
130.jpg,0,0.1527581337196309,42,0.10343533550147654,0.08851544821962254,0.06826999882120144,0.06917881873957707,0.07677777736950933,0.0977631326491141,0.10000581878042505,0.09376901895589526,0.11281430847627755,0.10688496481677087,0.10377026187869982
131.jpg,8,0.05665566578196982,36,0.1348443650248442,0.0935667783009412,0.14015924440264418,0.1409744299366591,0.14330409221438514,0.07582487526352796,0.0767890992166198,0.07762167565543085,0.08255685283200155,0.0874806720416476,0.09126582725056977
132.jpg,6,0.08335563361745428,37,-0.0019456958815626813,0.05638836705578609,0.07716824865199848,0.07438458627514363,0.07973385970887858,0.06133839500614255,0.06181263499789391,0.05221157406940957,0.0684598940991886,0.06220241951235175,0.0615261821930069
135.jpg,9,0.025287663752867562,37,-0.029501460239729438,0.04659839545662075,0.007959089445293943,0.007759855376740898,0.007357355102656227,0.00035840869119935226,-0.00018490940619164675,-0.0027771640896199767,0.01439005344292646,0.015796420142806578,0.012742538096100653
136.jpg,6,0.04479594306066269,41,0.20171672260712858,0.11590555968676279,0.22031043763609268,0.22328309632769186,0.2217192236438364,0.1940265094893104,0.19502495874238424,0.1920007230325153,0.15846647238338954,0.16793384330884453,0.16712332196563462
137.jpg,7,0.4054194890256775,38,0.3048681715426899,0.21656359693436505,0.32797002654487273,0.3276391238131474,0.33958909363340134,0.356379690058594,0.34700113651257647,0.3465782186281332,0.38566819523722135,0.3776656404573101,0.38571707724800514
140.jpg,7,0.3140545740451028,41,0.20168410650329127,0.11147143411372933,0.4083396186171931,0.4084124193367259,0.40175917024677493,0.46835752205474324,0.4604875856045183,0.4619304227125537,0.3635912134406464,0.34899722751345597,0.363454332468676
141.jpg,8,0.282661193220808,41,0.2724345010818771,0.2254205136826473,0.30394622826062057,0.30341441612356673,0.30790205390428704,0.3020489499724791,0.30081510573025577,0.29405928677455934,0.3191418156894883,0.3156278549823511,0.3158329013902274
142.jpg,2,0.019275331849906038,47,0.050178866646912734,0.07903165906461816,0.0628039774637783,0.06066244592763223,0.055266087226053084,0.028730519539566124,0.039418743924085176,0.041258979333006984,0.04257505761941366,0.03916296021446378,0.05275516176282018
143.jpg,0,0.024045261875948028,42,0.03226556242259493,0.07916884494607446,0.09550984372306973,0.09603341911019725,0.09797643660844893,0.08438014079244074,0.08466797195676096,0.08626077725504178,0.09555958455478529,0.09897059341765399,0.09978894136108792
144.jpg,5,0.021613136921986575,41,0.1086244106052715,0.08836710733957115,0.0663280175958704,0.06671305098338873,0.06485739308507471,0.05632697001818515,0.055531478096736975,0.06097532019033142,0.05442145637448012,0.06417317428953928,0.06648026320292871
145.jpg,3,0.09268426787780805,36,0.23838454801264974,0.18013752560086935,0.11967650694655527,0.1196208758360206,0.1157818564263452,0.09912409681928522,0.09819447692277375,0.09489529029077612,0.10501100758745205,0.12479350223985887,0.11438044344755653
150.jpg,0,0.4582226479471457,41,0.4305823370213007,0.39442742792454766,0.3621334443050921,0.361530500537612,0.36201376525320855,0.34794522345125584,0.34798493100825306,0.3415682029873658,0.28093280875596405,0.2812619725775993,0.27809844134930006
151.jpg,7,0.03437843812733061,36,-0.058696751544949244,0.04629249556890541,0.08058046527743945,0.08048720174700472,0.0830145328458487,0.07386083562749157,0.07612807179716141,0.08967459193711369,0.06506548701202436,0.07955612198592185,0.06299444685128283
152.jpg,0,0.030104361801735452,37,0.09062574134910428,0.08851544821962254,0.2016063397682301,0.20148309009378917,0.19927912463922462,0.1960753425354346,0.1956103590341634,0.19762285074673608,0.17669046704892072,0.17539964288604182,0.1674621947564436
154.jpg,3,0.09028759976804611,42,0.12920849776397825,0.09066049970490521,0.16926857552649704,0.16745917235702834,0.1702527260852601,0.1604689310273589,0.15895435446418812,0.15717029691546563,0.14607711433668633,0.13714749180476246,0.14824489264739493
155.jpg,9,0.049244398606548966,38,0.10839619933257783,0.08927094969956587,0.10026039734293199,0.1006464645980219,0.09877972363102105,0.15154237992858993,0.14732580817874566,0.15524188536024225,0.1075571578783758,0.09867439154625438,0.11003477986038665
157.jpg,8,0.10280911807447325,43,0.1518018133079948,0.09472763092505414,0.18107733608142576,0.18101097558505042,0.1820587700360062,0.15705325334937412,0.15974355297977905,0.15759282517792272,0.15556488097647997,0.14416005650262342,0.15454839396903217
158.jpg,1,0.1400101548896577,39,0.09296623584795194,0.08713729131204517,0.11585726506238508,0.11675010227969213,0.11253018129305395,0.07749911035245982,0.08007286778355405,0.08485043846662083,0.10048420805243803,0.10911136126884982,0.09863880577196085
160.jpg,2,0.05238314540406992,43,0.1806863378956054,0.11348760639671167,0.048399254858396495,0.0507058383783294,0.054239557169770525,0.0387077777281562,0.03709039187724217,0.02610094101424515,-0.028321008105798823,-0.029578349753604155,-0.025725824560350746
161.jpg,7,0.11064356536371633,40,0.024105708074370513,0.06010074934757324,0.1201852574954039,0.12008723283281644,0.1168269637768764,0.08314182816640509,0.09504471601095715,0.07159054361499456,0.061353485569474175,0.06031284794395819,0.06013561108373727
164.jpg,8,0.07549504933413118,40,0.33981390077918217,0.28984412946848503,0.2857034326949172,0.28584192011265563,0.2828109718682363,0.24470418877846525,0.24591592238003573,0.24164023707155843,0.24696890427130147,0.2488743801932186,0.24624282092481092
167.jpg,8,0.09834091501260125,37,0.07472427702292894,0.09034360992937154,0.15863566338229507,0.1583072620574988,0.15951723612139837,0.17432664374347162,0.1713586617593694,0.17533640923409036,0.16600602020169747,0.16258498608280486,0.16430729183464318
169.jpg,3,0.1396500111319298,43,0.07832428190988483,0.08929796283960076,0.1546706664863135,0.15289362548881355,0.15013291011606616,0.15415126004459287,0.1481668797158412,0.15343568432663246,0.16996212306204136,0.15921604080844196,0.1671198770036183
172.jpg,9,0.3036706110394401,41,0.46172301689337947,0.393255407417606,0.4150914613645076,0.41555455901222443,0.4165549575809697,0.3362122370780165,0.3417391808362961,0.33675482339467305,0.38208974978995036,0.38215060694626546,0.3867162628397866
174.jpg,9,0.734725904571483,41,0.48208390755426256,0.443283017914949,0.49575555095437734,0.4958116816147483,0.4978017966949696,0.5085066173348674,0.5013750709188942,0.5053279163581001,0.47195951864735797,0.4713120026120282,0.46570188689948233
175.jpg,8,0.03875875407148425,41,0.28322962514191075,0.2254205136826473,0.09421021511393735,0.09448530233905866,0.09828645269612687,0.09594848984307355,0.1006967649496969,0.10407095974960709,0.07373504793217123,0.0768936890386887,0.078015943135221
176.jpg,7,0.8948321509652022,41,0.6516849100609671,0.813449113150291,0.853906291684159,0.8531156205086703,0.8300520354998755,0.8775149640141923,0.8787704598965445,0.8740470317388928,0.8457780366400789,0.8398532899860063,0.8366760734953709
178.jpg,8,0.5891089108414375,39,0.7315332393222298,0.8275877684205324,0.6249145205869011,0.6244365741049391,0.6239846228317933,0.6499346515372131,0.6485672328436904,0.6471669061925704,0.5872564813225722,0.5820125541925374,0.5773743055869747
179.jpg,5,0.05885588579500715,36,0.18801062169770122,0.11313444613597116,0.18174709266013794,0.18288517589526337,0.1723292401616961,0.238451601496873,0.23749347765805728,0.2324349090753033,0.17954770785773239,0.1800788711534424,0.14531919409400165
181.jpg,2,0.08035034357976073,39,0.36114093502234645,0.315596171720763,0.15904389466914443,0.15838384640411168,0.1674006031876423,0.17207570131225344,0.1703198517464066,0.16321676928491285,0.16611642098306265,0.167769786521808,0.15544772027775736
182.jpg,7,0.33396800892809647,39,0.346012087032934,0.2874317519493593,0.38710336113382443,0.3873472165856666,0.3686021573885768,0.3124431333334826,0.3334235170505246,0.3121694167508611,0.3860170155824173,0.385824605269967,0.3860302645362973
183.jpg,6,0.3672732113407472,37,0.5169065607562078,0.5311829243807672,0.3870480130612123,0.3862432714118775,0.3824705185860897,0.36424491577534757,0.36619875281940784,0.35565543627587903,0.3683328326426458,0.3677613442131781,0.3759951580149965
188.jpg,2,0.8654155952985897,43,0.8019467225300527,0.8300813649179389,0.8925922117780696,0.8938118091327412,0.8973645274712223,0.9033784755285361,0.9020041647059599,0.9100806399066801,0.920993499810999,0.9260291053282916,0.9246641322646144
189.jpg,4,0.022524752805475147,40,-0.0051385997554707075,0.06169898906432711,0.14215694690154926,0.1419880822320952,0.14222518618435498,0.06605961198320234,0.07068580080190254,0.06649777787802005,0.11815512270827012,0.11855840591926185,0.13462809371887452
191.jpg,1,0.049752475798595694,40,-0.06289504916876842,0.04603519450565084,0.05448187440654559,0.05247239980388341,0.05953671225941207,0.08669721441545658,0.0809804504769415,0.09686689828368539,0.07868056821931674,0.08295424635867496,0.08176771394220725
192.jpg,9,0.09355166273860213,39,0.059781995309327374,0.07113007138593846,0.12064457967415573,0.12093285098026282,0.11940112375978335,0.15376852723436746,0.156330170882294,0.15539210275741183,0.12469041704880361,0.12615177622541462,0.12437030246722629
193.jpg,6,0.09532876364074838,39,0.32342560965841577,0.2951014904353698,0.13986580193138337,0.14232849473410827,0.14300728244819524,0.15302863622423163,0.14878161923375324,0.1500596560720586,0.17502893056182053,0.17733541165089373,0.17996207329057856
194.jpg,9,0.9210526131485638,38,0.7204172692313258,0.8250008265502211,0.8989978875819697,0.8991653061898941,0.9079851019366869,0.863461609089651,0.8592740775488439,0.8569049277342804,0.8293001989440931,0.8324417711988008,0.8265123133420947
196.jpg,1,0.4200676136831867,41,0.42056074086637785,0.3348496733186613,0.3115104669207789,0.31218473391764656,0.3101628870473593,0.37873486714421917,0.37330441975780226,0.39006503225712646,0.38697041370689056,0.38713949712632123,0.3839972319621971
202.jpg,9,0.07628839880896685,39,0.1468646563533581,0.09818172525071174,0.026687466038102597,0.026506980566553845,0.030290250503444555,0.11538848390795486,0.10280876918966589,0.11085654226812341,0.02146272839695848,0.018555766980117322,0.015552830386575706
203.jpg,4,0.2501456031356664,34,0.5626286901473101,0.5842020190032561,0.36618978006549713,0.3658722567328978,0.3611522486626778,0.3359739553189327,0.3397316105144982,0.33851026550471935,0.4144031321491053,0.4186638969967932,0.4182704573954217
205.jpg,2,0.34666845164689664,37,0.37305572727722386,0.3341334270976989,0.38883519773147335,0.3904949067721175,0.3909406251607115,0.39781425324322184,0.4021550724147413,0.38822493058186225,0.38295308680523277,0.3793836041790617,0.38054468636825634
207.jpg,7,0.050880087306723,36,0.2556632152385658,0.18364805572859988,0.06802323794350823,0.06802349745452027,0.07055440457470658,0.06998366570361222,0.07302308094559187,0.0670499698253452,0.08420354181062607,0.08234910268389736,0.0850957161417439
208.jpg,5,0.3658155294159721,38,0.40980337763768787,0.3439421854868535,0.4960283944657773,0.49446761677874396,0.49622805477082976,0.4236435263852695,0.4204607477459299,0.42723854224144875,0.5056243986355105,0.4962227138240975,0.499208125780901
214.jpg,6,0.05145514605453971,33,0.059960725679305216,0.07770648768843971,0.06732831681886484,0.0703115734830223,0.06610140657040503,0.08190013159860388,0.08402723238040813,0.08074534867611452,0.05415698312769751,0.05786969033323719,0.0493633813932117
215.jpg,6,0.03358308804800381,37,0.07712021482518006,0.09054829252349651,0.09624004690778329,0.0973252861303733,0.09902713912803174,0.11933209627082281,0.11780294638600836,0.12239637988350766,0.06725139687826698,0.07592161291779767,0.06899031874572659
217.jpg,1,0.03217821824364364,32,0.06321572708815504,0.08543258222794856,0.003079299275671632,0.004058103260573931,0.003061051775696211,-0.01303116906442936,-0.014196412776597778,-0.011223719311884983,0.02591003281913845,0.025659707834351175,0.02639257468922493
218.jpg,1,0.021273749112780835,37,0.18769362529274936,0.11794094050599102,0.06599547468661585,0.06805729515924716,0.07157835385479025,0.12569618452389147,0.12342807576643047,0.10910995646642982,0.0853642957475923,0.0807385760344882,0.08743790212476246
222.jpg,8,0.09009901116202984,35,0.3923119077568231,0.3409964978382107,0.21122281501890136,0.21041748265409302,0.20878303568561943,0.22006610802695808,0.21853119693163497,0.21550634095439475,0.14181639402066357,0.14415936423142994,0.1432620726134584
223.jpg,0,0.02475247514833297,35,0.03013678394010888,0.07916884494607446,-0.004096680923161677,-0.003002716114474613,0.001622793950765089,0.03140349429691047,0.0323800446756658,0.03957866106702518,-0.039237509322188946,-0.025392825620225323,-0.039717451049259084
224.jpg,0,0.03245324544453373,36,0.2511353057863823,0.1733651970079882,0.11777669593519097,0.11725468369008868,0.12438632039844824,0.1148856860720174,0.11445421344880091,0.10903700630707366,0.0888680178508863,0.08314337254053036,0.08683288216067969
225.jpg,6,0.02695269577412142,36,0.21807667317085078,0.1724687204311292,0.10992573458369254,0.11241695212242991,0.1128307602122153,0.09500781831637076,0.09546674379176762,0.08811287507040963,0.13971979516440414,0.1412254256961517,0.13832144057380297
226.jpg,1,0.07906647850094096,35,0.15705439182034675,0.11794094050599102,0.12232363299365184,0.12292444844729097,0.1145273763005196,0.13418271946835075,0.12965383892944105,0.13232071709285168,0.10388790634202523,0.09651804680298473,0.09804375451469316
227.jpg,6,0.042857143602200914,35,0.09561212129388375,0.09054829252349651,0.010085904493777942,0.00928065492563146,0.014114045722721846,0.027748005332865477,0.024808551728833617,0.013196796946298273,0.01743072100423146,0.014207141488497887,0.015515518862516509
228.jpg,4,0.04214610635126765,37,0.018312768936971868,0.06169898906432711,0.04910988387181883,0.0485946993046987,0.044252140592433514,0.08568759739327986,0.08610312300915682,0.07755488835503571,0.04760041983086338,0.043617592275108946,0.04172007124496124
231.jpg,8,0.03313023611330069,39,0.11059056520321431,0.09034360992937154,0.13642429860267166,0.136683584946597,0.13114313559358348,0.09147814100829224,0.09170265856248083,0.09261141083407526,0.05803802267242621,0.06326872366965058,0.04696857404161822
233.jpg,0,0.04710042499271887,35,-0.10211621665987158,0.045958962806771246,0.007679848676414691,0.007864925421229074,0.004759611997233737,0.0005283053676197191,0.005659571830798349,-0.0019643148868783156,0.00027006545065560994,0.010948664285028914,0.005528072500163572
234.jpg,9,0.9155415350740607,33,0.6226722171370475,0.7742715743491351,0.92402212059013,0.9245149777733188,0.9220511953113801,0.9127663157667116,0.9135113378349835,0.9171402561288274,0.8835933556484766,0.8786612298289629,0.8891784455698654
235.jpg,2,0.859547365882567,35,0.6032451269136576,0.6377536191127178,0.676238827550601,0.6742159127876024,0.6648841306433162,0.6218811894074507,0.6260129762732687,0.6179206050862605,0.661153939936713,0.673106591467581,0.6593878160383742
236.jpg,4,0.07542224888525464,34,0.25554279759378895,0.17857279552028857,0.20970519648366145,0.20896869090899883,0.20343527527512478,0.16763032937672018,0.16677906756679048,0.16108777629839527,0.16759510751382123,0.17186305782230288,0.1731631616488048
237.jpg,5,0.02805280515876336,39,0.006473075522966276,0.05910792812330966,0.03799151214845753,0.03835113656212677,0.04261597190387731,0.024477222381996677,0.024243632778368607,0.026681953602327335,0.044026890312235833,0.04942879005483747,0.05914496058089211
238.jpg,1,0.14851485255272373,38,0.1541506201916354,0.11794094050599102,0.17088465332504305,0.17221311358661068,0.1728628775943098,0.1571078121811028,0.1640492295135156,0.1597170815209644,0.17588567368506985,0.17935091902712094,0.17766867956393056
240.jpg,0,0.43642522170404463,38,0.2698791059343901,0.2121206585493216,0.1588292363961028,0.15885216404008687,0.1530102423894091,0.19999316218885482,0.19937747880125972,0.2133754049807252,0.1572170707980105,0.1552666070246656,0.1593622700800198
244.jpg,0,0.09680968177660058,36,0.3396930458947576,0.30196263039663074,0.1907093023780394,0.19045958572196436,0.18729405492072693,0.16772133175728374,0.167952960636588,0.17216493250622428,0.1999192821083674,0.2061759967951029,0.20139292943453624
245.jpg,3,0.04152915342193511,36,0.011671727504819707,0.06041352350765454,-0.013164412552825244,-0.012394024463147468,-0.018014670116732467,0.020826742898245765,0.012685401021391651,0.015496623346372529,-0.046424743618147746,-0.040627201195943874,-0.045881323529245815
246.jpg,5,0.8273150772267186,34,0.5849437808640234,0.6277366150050699,0.6903268952915314,0.690471478770558,0.6819160055489548,0.7437857247667152,0.7441637287335421,0.7403826676951325,0.7047616109556907,0.7092390374472319,0.7012343841814115
248.jpg,7,0.045685997898025174,35,0.021453714505336396,0.06010074934757324,0.06780654397503638,0.06816284586686933,0.06966777209662064,0.048699054161343125,0.05150840342917268,0.05813947187492907,0.034005142805184935,0.034458784156038064,0.027036604968731587
249.jpg,0,0.03693830863071176,39,0.08995318282645548,0.08851544821962254,0.08016773020522291,0.07989969510915329,0.0768345131868747,0.050136181698879845,0.047837676121017025,0.04902121073429555,0.07209571361763885,0.0646637925321489,0.07122659793816091
253.jpg,9,0.02502750285849389,36,0.021098348022621227,0.06070816368641168,0.026346782431691584,0.02714446720293484,0.02892066860952419,-0.031053908494084237,-0.02670989827810616,-0.024491411828909182,-0.011099836088327764,-0.01011639025674213,-0.010492011061111223
254.jpg,7,0.05039350121305921,39,-0.029679813590467785,0.04629249556890541,0.07084192693895214,0.07069560733494593,0.083293235879214,0.016240581552485478,0.02105322749476668,0.02775946719047029,0.035353734495982225,0.033705302786313285,0.034473946992530397
256.jpg,5,0.026918316827504896,32,0.1116669758068316,0.09078616493411171,0.13607001123613344,0.13683986574583934,0.1535275374524147,0.022812729077418104,0.02479890675259966,0.03087182192250415,0.07401658820335355,0.09228546536677934,0.10932919153728932
260.jpg,9,0.5935093491829725,36,0.4657644488343846,0.43014961179337086,0.6634639172766441,0.663097553057975,0.6624217312430707,0.6983046958915491,0.6939023003966794,0.6911990775593838,0.7078320890502703,0.6965697824653483,0.7122319029137476
263.jpg,6,0.9009900838136673,38,0.8164071215435249,0.8568925489106428,0.8775269849214018,0.8784769891280177,0.8842352337764265,0.8160134964634587,0.8138846451147314,0.830488831777751,0.9190161012289811,0.9281927571404123,0.934009657329502
264.jpg,8,0.02504368093522156,34,0.08955757322992475,0.09034360992937154,0.07141153142225393,0.07226609310480006,0.07283548099485299,0.09465043332700182,0.09353353895435551,0.0983691377544092,0.0595350976218645,0.06548924581503418,0.06721995880724738
267.jpg,8,0.045544554572552444,40,0.05476422426557803,0.0775268134687618,0.0707122538098075,0.07133939685684931,0.07427474768648609,0.09392702961881219,0.09253488566633233,0.09263032205716412,0.045369425969362,0.04980750539673992,0.04155177210431141
268.jpg,5,0.06435643635793692,36,0.1005797351253771,0.08836710733957115,0.01616465688049451,0.0167996542678025,0.017996338698661407,0.04242800290470067,0.0405399991311417,0.03989301902239417,0.039613782769660405,0.036152326026257925,0.032836646203280445
269.jpg,4,0.3209570947413643,36,0.2869002900904012,0.22222004531453723,0.32533302042869305,0.3249149610079718,0.3146652988054232,0.29584664061016636,0.298681332488844,0.295423711502237,0.2624422182379207,0.2666395309692083,0.26035768693222555
275.jpg,7,0.38066701506460576,38,0.3873774581693069,0.34326711795737014,0.4750509405709745,0.47499071139890703,0.47710234184679956,0.5239291275928374,0.5164971526354734,0.5028773280901215,0.5189725600129749,0.4898498952575004,0.5214945751073239
280.jpg,6,0.014269074164878796,34,0.004074489014137761,0.058802494104055684,0.052294051920123874,0.053607226300678545,0.05487512554179988,0.0656799892859472,0.06647586557839696,0.06552650575599453,0.1057366030394608,0.10908514084567494,0.1097818075044754
281.jpg,4,0.8300329885549016,36,0.7002276645120711,0.8301840616341203,0.7288145000078914,0.7285616541891611,0.7312466485495913,0.7145984513956517,0.7162361654127389,0.7206091593029098,0.7355663650714512,0.7359195113056232,0.7299080415801691
282.jpg,8,0.45162658988099014,35,0.33519353969554183,0.28984412946848503,0.26852790763942774,0.2672708063566685,0.27040508704687677,0.37119851658689607,0.365911165097827,0.3639192700472152,0.35490566702367743,0.3313070356870155,0.3613820273371656
283.jpg,4,0.09004549217737608,37,0.06544185887738763,0.07851602749266026,0.2045640681143535,0.20449449224205796,0.20059496938967145,0.23248633525260115,0.23515869334982176,0.23282854504453362,0.2113394615871172,0.20900781173905178,0.2156188460969032
285.jpg,0,0.12574257460821953,35,0.1673351690439513,0.11165926386459313,0.22301112664993716,0.22179695649691544,0.2250621133042784,0.18732416957027892,0.18248275931652208,0.1683923273001272,0.18016826402839162,0.17357957793456563,0.18182734023681185
287.jpg,5,0.08780614961870015,38,0.07559309952851823,0.08836710733957115,0.006097083564379213,0.006965543860045387,0.007418496140570718,0.01974962270067332,0.01669564209733121,0.016232022363465437,-0.028265327313823918,-0.016875629530193476,-0.027646894673100747
289.jpg,1,0.5844189714836446,38,0.5914676242633138,0.6307918984809724,0.5340591703624243,0.5334121517619129,0.5255432647312304,0.5232932637507973,0.5272580160502847,0.5327889049881702,0.5321416123414111,0.5380237327601938,0.5282139981917378
292.jpg,3,0.032569046193537746,38,-0.030682723310012316,0.047392414272459195,0.06050639469824856,0.06032431674994279,0.05621959027226686,0.05195224313192548,0.06010650696458045,0.055773458951731636,0.07388278303934537,0.07897720424030508,0.07211956616759307
294.jpg,1,0.6441990313215706,39,0.5454912586768415,0.5501052111634465,0.5587020090911334,0.5559037441430879,0.5412045153434749,0.5791279353018086,0.5739245350603623,0.5818687137115695,0.5633335580644803,0.5573498728377839,0.55325831745277
295.jpg,5,0.03569567497623594,38,0.07085218073148758,0.08836710733957115,0.06727503848778255,0.06656920809282568,0.06138157790584073,0.025965753966943617,0.025142279296102077,0.030890943734742493,0.04362215422975654,0.0382926547675293,0.03175534805682617
298.jpg,6,0.892326720058918,40,0.8470898693553511,0.8608470315508714,0.8263319997483297,0.8298854126197123,0.8260361737059083,0.8001315699382413,0.7989113406534913,0.8015613230613164,0.8047092921886376,0.811777855808088,0.8053526111401877
301.jpg,0,0.16577468632493872,37,0.1565933328327962,0.11165926386459313,0.12476747276413208,0.12409258602260165,0.11900331967459546,0.11006213789940084,0.11112404818573451,0.107139203838259,0.11699148723579268,0.1155307989264341,0.1144279105170434
303.jpg,5,0.4594678197900066,32,0.5683977600167246,0.6277366150050699,0.5700837549337219,0.5691896651590901,0.5740711121000335,0.5662517233434133,0.5627629475281658,0.5669282786356404,0.570973883667244,0.5570559924208802,0.5727388343169323
306.jpg,3,0.48169817037485313,33,0.3093181913191601,0.22961353056650002,0.2951060577518204,0.2947280181223361,0.29988779410101046,0.3296345822578624,0.31442319543963404,0.32218812080232884,0.28719526293438347,0.28543490903891017,0.28927390783659374
307.jpg,3,0.7478159543756834,34,0.6225819003401692,0.7587616439891622,0.7291271828246173,0.7276400282346924,0.7291386629897041,0.7362284713836352,0.7271163949975546,0.7381760620131723,0.6995973485324978,0.6928943577170117,0.7006957120835401
309.jpg,3,0.05106826497879075,38,0.1293344919938808,0.09066049970490521,0.08039513353876543,0.0797870208179137,0.08263835824074178,0.0754404126836428,0.07220597258695416,0.07852264439039902,0.09425245145388748,0.09880263625693972,0.1027101685937109
312.jpg,8,0.9376237411584173,35,0.9315722744112387,0.9106208665360964,0.8717240241877392,0.871285177342811,0.8680725983334545,0.8519102825975161,0.8502091015432048,0.8486776879681808,0.7862344899526976,0.8090281154940996,0.8259264765308887
313.jpg,7,0.09298902833079165,37,0.09224537094907248,0.09223972812526997,0.03584568387946935,0.03581254801413125,0.04545480532889612,0.08724355472970802,0.0800852875497351,0.10182176998771206,0.0640023366949439,0.06258845059309165,0.06074043591775524
315.jpg,3,0.10258525857029276,36,0.12289216433878036,0.09066049970490521,0.022871720514323568,0.022017385550494678,0.019900051101142402,0.14887940744158418,0.13221234128813253,0.14451610964894512,0.09727847418495478,0.09172250927157047,0.0986460250611257
316.jpg,4,0.3634245741619345,34,0.27119955276947727,0.22222004531453723,0.33659849280137605,0.33701739630803174,0.3384237050156461,0.3102001974962822,0.30849993108041657,0.3171215358751027,0.3458985258530133,0.34818430165389913,0.3546032587841289
319.jpg,9,0.2092959302632759,36,0.40469280094322735,0.34638740667195717,0.28141979420053986,0.2820955549235813,0.2829567200450472,0.3162197466974368,0.3115878291138647,0.31616215410209375,0.30003139652174937,0.2918723299970946,0.30050079905073
321.jpg,4,0.06407355031530772,35,0.012979322964026596,0.06169898906432711,0.08349857874172137,0.08363436853879982,0.07572879174245045,0.10176954775215463,0.1043805341089043,0.09862267351523626,0.15049127942974252,0.14407044425603627,0.15306175094510222
322.jpg,3,0.38260254824001877,35,0.5909409483302768,0.6597645818421635,0.4065247729555208,0.4128131660853345,0.41325422889946267,0.37804771674288457,0.39733008788366286,0.37947170447818185,0.38391981007904913,0.3997391278642547,0.3775315889417915
323.jpg,1,0.26166902311767143,42,0.24796031504487642,0.1645869364403248,0.262604164662021,0.2660176269212436,0.26172828014961497,0.2864073400215429,0.28530797075790876,0.28117316536333564,0.2505653085560857,0.2404625447639083,0.24784312153128413
325.jpg,5,0.936209317616054,35,0.7229778873086904,0.82277683446095,0.8826244008030399,0.8830743843457745,0.8849497327543668,0.8652463445482036,0.8641264763344016,0.8665971693023611,0.8918111011930158,0.8958171887413872,0.894717177732653
326.jpg,9,0.1630663071251051,33,0.08387906081779928,0.08927094969956587,0.2060082997662499,0.20605187659518107,0.20690309573367116,0.13705892707493605,0.142395347671361,0.1468202995236518,0.15282148954499963,0.15060141742657357,0.14954320994280493
328.jpg,6,0.05528052775965383,36,0.17291536525188544,0.11590555968676279,0.07012697242384566,0.06949596573756697,0.07028712606872589,0.010359093041716005,0.00924164404946115,0.014471897400114841,0.03316310426725946,0.042676928072990616,0.04482690669531164
331.jpg,0,0.12761276263174498,36,0.416702246021189,0.3550918695383253,0.24315807345503876,0.2440490158897169,0.2501407428415194,0.2693368961707902,0.26342683094089486,0.265512160433295,0.21967120182449912,0.2322186483641256,0.22174592206433025
332.jpg,9,0.144099544998057,37,0.30930927460793,0.263875078378742,0.21819426207528284,0.2184490504775057,0.22681323568283973,0.2494987967076292,0.24856497434833727,0.25281751675560316,0.21502559657431886,0.22175778985676659,0.21415135404124633
333.jpg,0,0.05394770249199027,39,0.029650340844515233,0.07916884494607446,0.06750102230076158,0.06732747640882478,0.06825847029969118,0.07801326763237093,0.0769456364699162,0.06999905252582544,0.0842414838549445,0.08008522238981416,0.08445325279947127
334.jpg,7,0.4251388519116473,41,0.34921100139993555,0.2874317519493593,0.3425664406996126,0.34300202610369,0.34800703807079464,0.35272633780074214,0.35063369541134615,0.3553864231165964,0.3234920831895062,0.33264568408682893,0.32740483717059077
335.jpg,0,0.04579208022914827,32,-0.03861781943529896,0.045958962806771246,0.03585694126329714,0.03569543049907398,0.03941006121851906,-0.019388060465980184,-0.02019802346350813,-0.015315495017807157,-0.015674143860512524,-0.011611092628305675,-0.008916666040328675
336.jpg,4,0.06591975016176309,38,0.14410870147026755,0.09565929596907692,0.20037578459055,0.20075100959361822,0.20147025718081696,0.184274612856623,0.18721449099060636,0.18918858465531851,0.19858287994714127,0.20154451671708495,0.18314336717792237
337.jpg,9,0.057060969601336275,38,0.029907423931673893,0.06070816368641168,0.08935610509654349,0.09018991094606402,0.08773171017168988,0.07063174146107387,0.06776675825048506,0.08158571627062977,0.015031058421515864,0.01709377890529712,0.010901391841782099
338.jpg,2,0.08066394816919722,34,0.06480283881723847,0.07965414204991368,-0.029575483663626723,-0.02893600281533104,-0.0267380210123061,0.021284159516751666,0.017159009555467897,0.013487684861733129,0.041591138222578594,0.030700315348898527,0.025950908175162213
341.jpg,1,0.06029449113143178,39,-0.06883259545303677,0.04603519450565084,0.006198759413863442,0.007509500428017568,0.008442632801429983,-0.01687220432267994,-0.01908422653149383,-0.013391088161293419,0.012017777132633495,0.009163300625245896,0.013102013010573399
343.jpg,1,0.9537953601943122,36,0.6617622848779118,0.8063135739937904,0.7292281408783048,0.7299027869739674,0.7441604698178068,0.761373407123991,0.7558281565799232,0.7536124267988802,0.7169149894130655,0.719629369604496,0.7167766041796675
347.jpg,2,0.4832233225590446,36,0.5058095190204136,0.5331842797538361,0.4461190969162119,0.4459997274354627,0.4501633465928587,0.43834643572742615,0.44062563120482173,0.4450788140028601,0.41171622213116477,0.41505390030566636,0.4275979978784715
348.jpg,6,0.10742574285250157,40,0.1675826093646371,0.11590555968676279,0.23325228700650832,0.23077691194908892,0.23574904264437588,0.25763413042074945,0.2562613967504442,0.25915667958196953,0.22868327586885567,0.22481089687930503,0.21924308309145293
349.jpg,6,0.22784351445053044,41,0.12221968058992139,0.09108544733760784,0.22590812658102355,0.2226038447268443,0.22581667396004457,0.19048969634773905,0.19043906860869464,0.17823337729985783,0.1913325019282165,0.18015648299323825,0.17754437074526097
350.jpg,3,0.30451891281140536,39,0.31458845127885154,0.285370841338458,0.25775238886702967,0.25980876539050074,0.2690875889229876,0.3011400666065023,0.3054483288545971,0.3047869168842058,0.2751730463367114,0.27357337320319486,0.27322281590814745
351.jpg,2,0.08195819674680631,36,0.3042250745695901,0.22356135775292937,0.07573048266381091,0.07543059253739326,0.06707933955416062,0.019069782007324676,0.023115669761438862,0.021079449050240673,0.07001285716602716,0.0743985517377573,0.06318038095331062
352.jpg,1,0.38063806413103723,36,0.0281378744464007,0.0587018116560393,0.13543287290527123,0.13396029430586567,0.130005457913751,0.1874396620575751,0.192590531675442,0.19332024113309443,0.16049200037066508,0.15726993186214716,0.1601043279100678
354.jpg,3,0.8992428490755093,34,0.7361314574214548,0.8297322003738978,0.8996692540787592,0.8985203185616919,0.9061188284433972,0.9030189598708744,0.9007844948031238,0.9036991502069869,0.9022558507490097,0.8936575975372785,0.9010767295348057
356.jpg,5,0.42496091774419736,38,0.6153851553002885,0.73898688244722,0.4460875548586093,0.4463571809694312,0.45170060376859567,0.45070834490129885,0.45063351756343767,0.4446985118278179,0.4212439418796934,0.4254219730814983,0.42687153502008723
357.jpg,5,0.2323820614940761,34,0.21651647757327663,0.14735355111284462,0.11556166090416403,0.11701525256029699,0.12666903649324412,0.22662328590768507,0.22661328279256465,0.22549715673699192,0.21640914869026204,0.20928056438266934,0.2072539520502327
358.jpg,5,0.5712321254864542,36,0.2107383772581829,0.14735355111284462,0.46848049450652174,0.46848259950295223,0.4665582070679016,0.5616145002255888,0.5608054036887689,0.5521550331577917,0.48348417846387515,0.47940947657142263,0.48357114189146966
359.jpg,9,0.09140304330645538,41,0.2280201594862019,0.17099702468299946,0.24821865537407212,0.24822580677114264,0.24453268476332943,0.22988333684013995,0.2336684250730483,0.23341534264651065,0.2415405098751014,0.23803244846632923,0.24404452625040424
360.jpg,9,0.09930110648822259,34,0.07022247139783888,0.08927094969956587,0.0786073217548725,0.07891788645244818,0.08360175083731217,0.07263289778506071,0.07605606437612511,0.07119092238523522,0.08034665505565423,0.08523956986273909,0.07735932184780256
364.jpg,5,0.05235523572473815,33,-0.07936724461244982,0.046613689321107404,0.014500127313989197,0.01453739369182333,0.0021501716089542544,-0.0067039919051963826,-0.008748114420439934,-0.0010846833885000406,0.013612774239457448,0.02919804574065271,0.02452148194955947
365.jpg,3,0.4973240552621113,37,0.4482292676698875,0.38320739650188496,0.3461925684675401,0.3471116741895508,0.3398559344693857,0.3128063562947978,0.3210068963105109,0.31419198862203207,0.31670859721830136,0.32082551792099695,0.31790748354640197
366.jpg,8,0.3338565558944715,41,0.23638798918745524,0.1635550248273066,0.19816228105081754,0.19762264934318266,0.2000579654186683,0.16435107921531883,0.16736669034871535,0.17262163181751783,0.14162038837277463,0.1544468797926164,0.1561191059356371
368.jpg,1,0.08852650066289831,34,0.10863832871211465,0.08713729131204517,0.09994546155821477,0.10104938947737288,0.10327293115662348,0.08492527303650724,0.08944182237020815,0.07831249891099815,0.12042741456717022,0.12935406550881776,0.12012719111508381
370.jpg,3,0.06655665547845678,36,-0.014788612154872371,0.05368574600787071,0.0037965917837109453,0.0019024809564486267,0.007971069715326962,0.019144533259916108,0.027880068472055874,0.024397019688695676,0.015615838410241556,0.007751307372300509,0.016780182036319674
372.jpg,4,0.46873371604535924,38,0.4357020499635824,0.3713166900585143,0.37341022211824115,0.3738908544946278,0.3812409974316563,0.3708307464876225,0.37188542688507753,0.35632832338495646,0.36613332357971273,0.3650543624426141,0.36348067442009224
373.jpg,8,0.3040186344399391,34,0.2986469899194132,0.2254205136826473,0.23774093967817533,0.23748493166329862,0.23849870532866405,0.2546847268245967,0.2531982794191503,0.2548483543741993,0.24249966888631772,0.24440336594129258,0.24398395914579474
374.jpg,9,0.3226072607665426,36,0.1651604039550254,0.11040210808228136,0.2089614038150734,0.20905700523687665,0.2088886585654696,0.18797365995964221,0.1964734145450214,0.18469746440866294,0.22377070454743433,0.22118034005768467,0.2235814141267991
375.jpg,4,0.04535723739379161,37,0.08974876914748131,0.08852470661980726,0.1257147443237352,0.1259421036522523,0.12746519768281972,0.05804054870567668,0.06052456662306935,0.05753967005292365,0.0918474513031415,0.09266076740761364,0.09721221533863791
376.jpg,0,0.6182766849477146,37,0.5644963844935308,0.5566011186955362,0.6398599518939838,0.6388398557711483,0.6319524863632525,0.6500652131515409,0.6531917892876493,0.6602360947736183,0.585110913056675,0.5832264586409581,0.5863857962325486
377.jpg,5,0.20381895335657255,35,0.1788835904206545,0.11313444613597116,0.18256313677507224,0.18271173807818708,0.16972287298001565,0.24061685741301564,0.24111038706566323,0.23148905461867447,0.23056918663162243,0.23195826684883966,0.2155642373058405
382.jpg,0,0.12065063796139189,35,0.16942430360790595,0.11165926386459313,0.19890528241484978,0.19813236185404842,0.1969679479018332,0.13968154732129578,0.13622098182896042,0.12996705819411716,0.15009543489236576,0.14191714821268148,0.15587645354138308
384.jpg,6,0.05745574424156186,33,-0.017871924598948374,0.046385986459107124,0.03240836090130203,0.033150821397885805,0.03279173198409693,0.005336894686429339,0.005225165118842967,0.005736185774827929,0.06043044062880598,0.06566836023194558,0.05431400289718219
388.jpg,3,0.055198020208626984,40,-0.003576621667244151,0.05368574600787071,0.045082168568750886,0.04457172610796678,0.043720342366509374,0.017403304077550974,0.01679525571300472,0.017705731741467168,0.00979055666604231,0.01659838312797768,0.010473947401290817
393.jpg,8,0.04382999333348579,41,0.15570841108696776,0.10915193457790513,-0.009547512715398998,-0.008825902080502324,-0.00510094278294243,0.0796239711823799,0.07653218227711053,0.08306782539396046,0.02592509205204191,0.02859442063038309,0.02206217855009618
394.jpg,1,0.05242447315070491,39,0.18015433940569558,0.11794094050599102,0.07600319580367812,0.07736843237676219,0.08101024970608933,0.0674012856893571,0.06862951960763278,0.06790682474814541,0.06766457228602807,0.07473224392535655,0.06913136252711904
395.jpg,5,0.9658542565810375,39,0.8321573105094706,0.8571376444109465,0.9236855398067529,0.9230338257503419,0.9284078663709356,0.9905844535224332,0.9910154013193131,0.9882516270603112,0.9565417892005126,0.948108801628462,0.9422155195397466
396.jpg,7,0.11881187966921264,36,0.160327693123391,0.11147143411372933,0.1356925184770886,0.13604768852428498,0.13378091364937228,0.1475767444609769,0.15185289757340614,0.16350177682300315,0.1761299130257421,0.18912361190222232,0.1716605077814549
397.jpg,6,0.8643564246594906,40,0.5462520408801681,0.5517437437727577,0.6448352987469548,0.6465080043366914,0.6451431467151436,0.6703594938816901,0.6686664407299635,0.6664359729915224,0.6833305113329329,0.6828978185587551,0.6735318188600754
400.jpg,0,0.03350218733079558,43,0.08905108934693151,0.08851544821962254,0.06491557267239101,0.06590352063177929,0.06849673452898034,0.09020069467911515,0.08939107155614118,0.09217665498006955,0.053762239310857635,0.06720792562186076,0.06370277696935026
401.jpg,9,0.13264788047243387,39,0.03563019518659716,0.07113007138593846,0.0002847291063089452,0.000675443063657799,0.004092284845754135,0.036567906777240644,0.03864957552241194,0.031499262922628835,0.01505629839842429,0.015190230434432433,0.016406423552988186
402.jpg,6,0.04027294712392865,37,-0.0801724383190876,0.046385986459107124,-0.09410023088382441,-0.09167599422767947,-0.09106713538396799,-0.06368395844256897,-0.06868306237399108,-0.062316919856938324,-0.03755231641275053,-0.032076106667215554,-0.04731923577157582
403.jpg,3,0.8066630943401439,37,0.5192814253377707,0.5160820207262972,0.8420908491181791,0.8415522217077175,0.8502818815937596,0.8659460117445692,0.8680381118121261,0.8623820527801755,0.8490793994995909,0.845660606956768,0.8471506493638487
404.jpg,5,0.0464863563524332,41,0.02383660688412892,0.05910792812330966,0.07507015113475579,0.07483006007565599,0.07888006984938131,0.03516436497898484,0.038875756276296525,0.04129982330585297,0.06544641372819293,0.0664796448439639,0.07292867207366038
405.jpg,9,0.04977997863251302,36,0.05339970778088898,0.07113007138593846,0.049730809390379827,0.049807101679632315,0.05310283573270899,0.04644252912051722,0.04094154211221496,0.04297812264700729,0.044340096111808086,0.044965571932699594,0.042763014498202384
406.jpg,2,0.03759700290204303,37,0.022831892905908813,0.06152905419076686,0.07201402275111127,0.07169537702482714,0.07702722373514156,0.13251607883662955,0.12548120446559174,0.13353834797713826,0.038084027196062575,0.042939671147485675,0.0496251403578456
407.jpg,6,0.07713190789124177,31,0.07375703784973653,0.09054829252349651,0.10487457475557654,0.10622877100250377,0.10120649517939581,0.0924359317756562,0.09571832297951335,0.09523509560787413,0.04492270812038415,0.04844631552163289,0.039115887940061406
411.jpg,4,0.09202843324209635,39,0.142400617097595,0.09565929596907692,0.0743883000582862,0.07428157425098375,0.07238189564490277,0.0859442523041535,0.08463810841052608,0.08040818843504419,0.07304372736725727,0.06841612529271188,0.07484337989871043
413.jpg,3,0.2967202973086387,32,0.1691063381278768,0.11313635385456605,0.12496365382885394,0.12648482630358213,0.12463389051841994,0.19862982304777788,0.1984090509846344,0.20215154535856233,0.18616336842477726,0.18729560457358932,0.18595082835852697
414.jpg,1,0.44966996625427985,36,0.24561203111427743,0.1645869364403248,0.19951332131850744,0.2014823057012148,0.20177770058837985,0.19337906253364648,0.1890441983596612,0.18704226486335468,0.26524648826856634,0.25500111191113134,0.2710302587047636
415.jpg,9,0.30318032083750673,33,0.4260882474701869,0.3924116782873867,0.17715895576025736,0.17821264557729827,0.18707418959814975,0.18108240108406082,0.17971242005388,0.18785639295883982,0.13992315952690157,0.14862436473959736,0.1394125999802191
416.jpg,5,0.11386138732161592,34,0.04948458064030359,0.07922114937799923,0.10164961426733746,0.10132258362348615,0.09901674223143578,0.09718063834579216,0.09724659250278872,0.103487197521302,0.09281629869640823,0.08756910130995302,0.08761541596520206
417.jpg,0,0.7283051803242415,34,0.662697091356961,0.825304827377029,0.8040941063756596,0.8043359792853615,0.8175105246084632,0.7990682321609044,0.7988749153313613,0.7929264747828465,0.778710026113891,0.7717937498045311,0.7787291045982603
418.jpg,6,0.049638748131188994,37,0.23742323600622056,0.1724687204311292,0.07003602506901024,0.0718021948161908,0.07206816779820818,0.021619889893883637,0.02389772106194077,0.0314617358770104,0.052850867944197494,0.054774345581382194,0.054921620771904656
420.jpg,8,0.8298592943894235,38,0.7015861392010209,0.8275877684205324,0.8107195141264898,0.8111623077946168,0.8101767351566369,0.8343830944348541,0.8342513828897986,0.8383127984248246,0.8495618267798122,0.8481324641664272,0.8435100867260263
421.jpg,3,0.06355365229820883,37,0.04674344588039869,0.07767486454581682,0.11528480052044135,0.11735574274559657,0.12129259131909867,0.11351999194414694,0.11704890218040925,0.11754984393444168,0.11115316597777862,0.11583972359879062,0.10804245565599017
423.jpg,9,0.17707540038734293,39,0.1854178886377127,0.11040210808228136,0.13358598237843072,0.1330186989842487,0.13319782415221298,0.13317503226119534,0.13072777265606225,0.13401430332238337,0.14109175451591582,0.14880240183921892,0.14671122945940818
424.jpg,3,0.04830077603912434,37,0.010035741741259985,0.06041352350765454,0.07087779022215299,0.07313271029662666,0.07820403378191082,0.05020798359058931,0.05813090327394327,0.053907700157632854,0.05468142222875122,0.06723363389471623,0.05139230150181609
426.jpg,1,0.06011315460449883,35,0.14767938312393525,0.08713729131204517,0.08536911024967037,0.08365567463717019,0.08953396440710548,0.12290891339801735,0.1099011654583873,0.11368390451715743,0.06337705687398879,0.07164835387386714,0.06249459316781816
427.jpg,1,0.10286028681892073,36,0.20599402571590875,0.1645869364403248,0.16977478027945112,0.16862236140034825,0.17377201386570545,0.15642023437944805,0.15615424186996513,0.16527473379162327,0.190862101872029,0.2034827055041777,0.1881414547772638
429.jpg,0,0.2798332480566674,38,0.4380909174006319,0.39442742792454766,0.3790087539639564,0.37973266411553797,0.3787148758026636,0.3304496357493843,0.3332217066023855,0.35034266474210063,0.3484342033893672,0.35194636782691996,0.34156420073584637
430.jpg,0,0.06380638169745605,36,0.14352194445650845,0.09501768984125948,0.15011533956350442,0.15086732309508297,0.14541438979016402,0.15266365478798857,0.14714605231362662,0.1456474549138848,0.13788478973668944,0.14252929376069123,0.1438711421504474
431.jpg,4,0.7712871223688126,35,0.6295948382492164,0.7554086199901437,0.7142793366428828,0.7143139503791801,0.7126788419978805,0.6757413471202629,0.6774652666972265,0.676717020393305,0.6656359825054405,0.6784511573734525,0.6563861288445365
434.jpg,5,0.1388613868970424,40,0.3809448191492713,0.3436538515868324,0.16315887967498505,0.16236916912884686,0.16263547041887477,0.18035290357917264,0.1787760351496757,0.1849586390722885,0.2144355801546517,0.2055380030328194,0.20852678046662618
435.jpg,7,0.0832847994615269,34,0.2608665105585065,0.1858897058853554,0.23496740358053686,0.23463949628472647,0.23593464027898198,0.19583991656346034,0.2090428791270958,0.18679596362310447,0.24376030295606899,0.2425880840817679,0.242736571467583
436.jpg,2,0.15560609849824295,37,0.22394685145874538,0.16548528287852468,0.22988497179959075,0.22828141362377602,0.24014192633368217,0.2528749940086832,0.25073458370897433,0.24908601529090776,0.2568489495608576,0.2604614302323077,0.2561402255423897
437.jpg,2,0.22153465294104535,32,0.209409244372453,0.16548528287852468,0.22350566447318407,0.22298231868383733,0.22492848796228865,0.15162088819480307,0.1612123598146555,0.14388271870741098,0.18926946540772913,0.19446493075157592,0.18636891092457822
439.jpg,4,0.9389438794718848,36,0.696867861773562,0.8301840616341203,1.0147871725234272,1.0154026041509638,1.0199419510360517,1.0340860982299187,1.0354874451754381,1.0395203782026348,1.0209556196419336,1.017099637813609,1.0194667700279072
442.jpg,7,0.04164240017588086,34,0.11052743307738877,0.09557632197647248,0.18718938589770848,0.18659895063712684,0.1770649242662558,0.0691189502728268,0.08346205680460286,0.07983328119883862,0.0947581775862687,0.10825523441233723,0.091425888949124
443.jpg,8,0.3741616116265856,31,0.48494634398947745,0.49436208033624107,0.6496890720130171,0.6480292912944376,0.6484051121186545,0.6007836910340811,0.6008855557016684,0.5883016989606356,0.6386603847467178,0.6146660665468631,0.6280040570962606
445.jpg,6,0.08475847632595987,33,0.02195425736803469,0.058802494104055684,0.08539173669834796,0.08209426256076746,0.08153774571809333,0.05913445089688191,0.05849795858025264,0.06429317990332925,0.0616459446511082,0.047271914001038556,0.06436572280580466
446.jpg,3,0.6316831627860665,40,0.49099045711344225,0.48714542673424877,0.7495591305291749,0.7466074358088606,0.7388576227965451,0.7791171618565935,0.7778428054614384,0.7854039471372178,0.753006916456068,0.7432098465809394,0.7542265217647948
448.jpg,3,0.16144114427475464,36,0.22614050188720436,0.16416994361775675,0.21930486182821382,0.21862396278818538,0.22080903959586978,0.18359358966876024,0.19099174213545803,0.18798781426152128,0.20447924209069676,0.2043945847079848,0.20532612543276083
449.jpg,5,0.22249725248871577,36,0.28877843912225815,0.21302564852930203,0.30459764095090064,0.3050956260774086,0.2996344088176383,0.3206431180568799,0.31895346932460167,0.32083997707832335,0.3146378280384587,0.31817738829847825,0.32457081136520394
450.jpg,9,0.08470847056661215,36,0.1704036272300422,0.11040210808228136,0.1516190369289116,0.1520084640343914,0.15704873344835452,0.08980402640418486,0.09470739893196387,0.08455153975636792,0.1329904147894519,0.13420694872897437,0.13511010007890772
452.jpg,1,0.04483734093872564,35,0.15343471387399799,0.11794094050599102,-0.009138091200521559,-0.005971571473441739,-0.013148387101338754,0.05038131146464375,0.04723854778095038,0.054388551447505484,0.012669390450664009,0.02033203364691588,0.01058250979807332
453.jpg,9,0.6366336601919361,35,0.41400826849496974,0.34638740667195717,0.5854125151564963,0.5848543732551004,0.5932237659141516,0.528306829408887,0.5399048209452052,0.5434215093208409,0.5497357388497662,0.5516189138896697,0.5522135984102077
454.jpg,5,0.9247766068068947,41,0.7447521666329511,0.82277683446095,0.856534393621403,0.8549923373725907,0.8501346166503039,0.9105212803871057,0.9109040079150044,0.9223868649962051,0.9486600437651104,0.9126570859430733,0.9159901280189793
455.jpg,8,0.6140028262111757,35,0.5729839145613467,0.6333802328607658,0.69982244731439,0.6999442391950053,0.6928835608431403,0.7189064414282289,0.7176388702047232,0.7200077491536023,0.6774896739514897,0.6810861429318817,0.6740251697043993
456.jpg,7,0.5860836076188005,36,0.7460642193200858,0.8285308876476952,0.7105269211419334,0.7106531702231124,0.7080643527350051,0.7666905197362477,0.7583587741410707,0.7526241947249677,0.6707214101973477,0.6636728397066005,0.6768074278362202
457.jpg,2,0.2654015407509481,36,0.5840248093887273,0.6377536191127178,0.3579003683779434,0.35700226110679595,0.3537520152037905,0.3728617615277896,0.37298362407863894,0.37739038972106737,0.4127203848578841,0.4134617027098971,0.41676614608570917
458.jpg,4,0.6922876447022549,38,0.6927152697605787,0.8301840616341203,0.7706473810151954,0.7708765844827514,0.7694356873654449,0.838655441133825,0.8346381250046764,0.8294304144638712,0.782490320634845,0.7747742645801222,0.7727373940001161
459.jpg,4,0.07949912797330934,34,-0.09388673868627473,0.04643846971764795,-0.033117647256718896,-0.03343894879126069,-0.03395731431057253,0.06607046459694779,0.06782648231165667,0.06528099166154891,0.03905925526101414,0.03887187514629464,0.042778832336667794
460.jpg,6,0.9173417217803724,33,0.6378932394770149,0.8117176077029702,0.7770407856930128,0.7743727508266125,0.7872648163507774,0.7796479702302396,0.7791455134876581,0.7794522687845156,0.7986285574709628,0.7829170925204972,0.815316578675791
461.jpg,9,0.06357477925178644,38,0.10548969761068472,0.08927094969956587,0.0830727252358949,0.08293821082646896,0.08420775813302764,0.07238407475008199,0.06540412952344399,0.06526450030397418,0.08538001317833151,0.08786893534160653,0.08309201171497407
463.jpg,7,0.03861386175932629,35,0.0006620429000664396,0.06010074934757324,-0.03282799877193593,-0.033009202402719984,-0.008983535152145727,0.00901068264223659,-0.00132409596904981,0.024138077856247886,0.00414144500096944,0.009459209271184044,0.011562342218830374
464.jpg,1,0.056930692750029266,36,-0.08066270408285736,0.04603519450565084,-0.023335420218632053,-0.02172860217501149,-0.026481133897073406,-0.011969749271188546,-0.012378113038443883,-0.014859365608446196,-0.003251177188750287,-0.01475235536077818,-0.0032973083381199197
466.jpg,6,0.09950495088705794,40,0.2506446696841762,0.1755656630305975,0.06404987083498848,0.06426606065808063,0.0583173649611079,0.11311626276573611,0.11038534314384463,0.10556172270068012,0.047233317100601524,0.047781416447188835,0.03539648237550555
467.jpg,2,0.8392545002759161,34,0.5665327875160197,0.619765530348667,0.860555920916268,0.8618631292484873,0.876804054724705,0.8967132317939297,0.8923482491877754,0.8922249156443736,0.8855801321482506,0.8843307464398831,0.8796258632725529
468.jpg,0,0.14799374759834455,38,0.06057731681314227,0.07916884494607446,0.1374881815048801,0.1369732959789022,0.1344230200778059,0.1311479946983914,0.12881921002361674,0.14332859360835035,0.1173204557586566,0.12954595857385864,0.11787935518525754
469.jpg,7,0.03778009446288802,38,0.1751657190671555,0.11147143411372933,0.173708367302737,0.17337639773437638,0.16797580498641437,0.08153187760806724,0.09343958217644177,0.08132043617714182,0.15334113123133128,0.14824820271454142,0.15314509891881917
470.jpg,4,0.368878781833258,37,0.48239465043234175,0.4948903633155738,0.4270296018330959,0.42709818836463387,0.4283863927037273,0.4625334384911366,0.4637346925297385,0.4644603674914395,0.4064224579152217,0.4157036199834344,0.4101208086996788
471.jpg,5,0.0670567064433161,33,-0.12386595785902377,0.046613689321107404,0.01596286501122751,0.015353904763493742,0.016007069264171614,-0.0014023841616328525,-0.005086023794658168,-0.005958512314456821,0.0161382035102339,0.006825089167016907,0.009133621722734575
472.jpg,5,0.06156384915065689,39,-0.008082287570048474,0.05910792812330966,-0.0361623462684863,-0.03601667589772106,-0.03930612390948707,0.0270676945131324,0.022862787652755567,0.020376447595062686,0.010687345287683836,0.007311719160412289,0.008623301057037264
474.jpg,3,0.11764705952202134,34,0.11478287872376314,0.09066049970490521,0.21687056444607675,0.21701617221809424,0.2192614517671303,0.17227961935393274,0.18234790044014054,0.17498671264569515,0.21295305148498025,0.2157739744294261,0.21451685920039787
475.jpg,0,0.9202096506487578,34,0.8563209322203271,0.862209267292311,0.8891515078799628,0.8879621960318549,0.8777835851228354,0.9406930211611412,0.9412387282580014,0.9482728670429301,0.9216524606185542,0.9161300000494546,0.9181516513994528
476.jpg,7,0.4921992221480292,33,0.49377011416448924,0.5363834778808065,0.43047328846831034,0.4307927017148909,0.43798434900800043,0.515866624805082,0.5107521030022668,0.5121767114965496,0.46689611449282703,0.45743865711270626,0.46453176256751605
477.jpg,0,0.07238426428237879,37,0.04162319290687533,0.07916884494607446,-0.06184497441528025,-0.06216665000262683,-0.06149900980895251,-0.04819157994182793,-0.046958946983621075,-0.04778325537689643,-0.04430604331062879,-0.05428830444053134,-0.04697819775424389
478.jpg,0,0.0646103077615874,39,-0.04366420154113393,0.045958962806771246,-0.12530630999244163,-0.1262138347802697,-0.12218039525510987,-0.07667877026694042,-0.08026252384928051,-0.07446117842485139,-0.10177989802207352,-0.10729359945350198,-0.1034251687792816
479.jpg,8,0.1763790689541825,35,0.24109829627812018,0.17524087813167594,0.26156257577482295,0.2609200514157349,0.25596314897979366,0.26863669788474714,0.2682234943685816,0.26684456332719836,0.2753540911625073,0.27205480250060177,0.27311474293265264
480.jpg,6,0.14472917871385374,34,0.013099805757082139,0.058802494104055684,0.110634866341072,0.11298187894730752,0.11620260678351724,0.09440698488465696,0.09666888116960154,0.10726813274794433,0.17502400238415367,0.18038229890314877,0.18610796982196534
482.jpg,1,0.22588401823969825,35,0.14635499813958674,0.08713729131204517,0.22029717654771327,0.22069351198666365,0.21993077712584067,0.25565987458494144,0.25974139870378354,0.24773289367640627,0.2565415421975821,0.2589659489559778,0.25631486317208557
486.jpg,6,0.16565117945608038,39,0.06216819294907017,0.07770648768843971,0.3278094063525717,0.3202087812599456,0.3200565551258784,0.29558426624980666,0.29005365989674675,0.28599438916001413,0.31260022104988555,0.2841936721200961,0.29196084207570433
488.jpg,4,0.0684818484975646,36,0.015223689630310622,0.06169898906432711,0.049888425538083286,0.04931263761790458,0.04597447650783448,-0.0052258240589816984,-0.007475515459621163,-0.0015274337345441147,-0.056935973873037005,-0.047530973186702685,-0.031736890223576786
489.jpg,4,0.7793684692398922,37,0.6142000878225452,0.666388737117057,0.71043382792723,0.710467384175919,0.7111893579310627,0.692982361026152,0.6918232745736472,0.7031391912830607,0.6931537572674125,0.6997228098373756,0.6906913888620727
490.jpg,1,0.25866336659528316,40,0.4526604232267607,0.41412219447863335,0.47456474543424554,0.4762424477296818,0.4777735466249273,0.4894210374427007,0.48928474944856165,0.4808833518105766,0.5229527334558056,0.5143758521949207,0.5303326322991946
495.jpg,7,0.9341433996504004,33,0.6330180514678794,0.7321434375213455,0.8931371572429824,0.8940157954912124,0.9092986469228532,0.9484989780283036,0.940823402963989,0.9458851487707237,0.9157649766704095,0.9035613476801216,0.9211972320899553
496.jpg,6,0.07123212221389015,36,0.16513135613396912,0.11590555968676279,0.022487766313398938,0.02396122020944197,0.02444750640690571,0.018433125558510732,0.021301191204542658,0.018403238209717843,0.06721695897900778,0.0652523153789511,0.061543742744610996
500.jpg,7,0.32152162880734786,38,0.2527905954452985,0.18364805572859988,0.29561134797729055,0.2962872151454813,0.28405043845497846,0.38127451410418883,0.3644506678842955,0.3739609707275314,0.3088776826359432,0.29105502638288516,0.3091806439431069
501.jpg,5,0.22277227869710406,37,0.5348486055495276,0.5685263347557699,0.44828334515256274,0.44901648549482587,0.44958516056262865,0.4372410856181469,0.4372418061370272,0.43470030467556514,0.43376910576322336,0.444406669660224,0.4446037285812842
502.jpg,0,0.5014560208108056,34,0.39365247224580097,0.3406635677448848,0.4834286387036435,0.4831649908730178,0.481112869272895,0.42384838883006004,0.4266195911089879,0.43642971402584535,0.41592638639211144,0.42085892416196513,0.4190798398709722
503.jpg,8,0.10425160021302016,34,0.2954463604930544,0.2254205136826473,0.06065840359502561,0.060279345763269404,0.06419096705350935,0.053717504090108836,0.05383284114616438,0.05252293532597824,0.03324922808590369,0.02858424673616003,0.03572862907418972
504.jpg,1,0.05155759528506457,41,0.1532891416223805,0.11794094050599102,0.027766428136973303,0.0278591712256894,0.02884658917094607,0.0068984003971284125,0.010210244883686603,0.0061620165929861526,0.05277989905444633,0.05978063192376906,0.05578251587413338
505.jpg,4,0.22143430417604945,37,0.08227269298561524,0.08852470661980726,0.25042477723287637,0.2501535042019534,0.24362921851529126,0.32134899834627945,0.31857976191594906,0.3243711141444545,0.2792096552615369,0.2784482096493951,0.2755112281847627
506.jpg,7,0.0666195190511644,35,0.11290245502808105,0.09557632197647248,0.28716525197118326,0.28742929994211186,0.28344907050188173,0.20225071348129847,0.21830165932377055,0.19660730163758924,0.2557417229107102,0.24975974273565557,0.2556195904854097
507.jpg,0,0.24504950258415192,36,0.23292930815223378,0.17149729591511792,0.2280612998279291,0.22881896772120142,0.23297291254660626,0.26049519128229826,0.26247612578794716,0.25557412229302323,0.2595284072143356,0.2673679384795309,0.25899434473124733
510.jpg,6,0.19108910660392472,35,0.10563705417676461,0.09054829252349651,0.10124706591416888,0.09989840635451305,0.11248115893661098,0.14875743820287807,0.14620389980499413,0.13687205080404094,0.1836822752464541,0.18311238899997234,0.19672015167761875
512.jpg,4,0.5002750247432333,36,0.1561641408397325,0.09565929596907692,0.4594478374566492,0.4594198526935289,0.46211345544953,0.5017321937351756,0.4997306603144722,0.5027114613428899,0.44583934850622775,0.44010605610713416,0.4576218747602644
514.jpg,8,0.0915134351035314,35,0.15461977140022698,0.10915193457790513,0.04968565537869993,0.04899551025045698,0.04867803264950632,0.026692409230860137,0.026880635865726754,0.021802485834642005,0.046776516656121314,0.04911594752251469,0.05632923244317625
515.jpg,3,0.03564356475835666,40,0.02658403665737641,0.06041352350765454,0.0490126235713535,0.047604178986103696,0.0634570493281949,0.06035546496903227,0.05887358940246465,0.07005198073060842,0.0108146706258761,0.006999167018754526,0.015029309631488796
516.jpg,2,0.06675667576774051,33,-0.07959925036270521,0.04661900470356416,0.017700240386797683,0.01815839417297896,0.010712118614155053,0.013369953137749802,0.009451923149102592,0.012497122119998316,0.020041514063433852,0.015451811326729709,0.011757680272285409
517.jpg,2,0.06231799687478034,34,0.04785297320734405,0.07903165906461816,-0.039155041535700985,-0.03879922107959555,-0.045461680320027675,-0.0038716437103960555,-0.004774011185205207,-0.005531837568189535,-0.0010543306036891187,-0.0027679817880324475,-0.0018978697172963022
518.jpg,3,0.10973597336043087,36,0.3021911509581947,0.22325240042283023,0.28235332172237915,0.2832771785337177,0.28103967499610205,0.19249271108476318,0.1984167776927792,0.19394304516588323,0.27520710906459855,0.28720094762439996,0.2696274076591839
519.jpg,5,0.10717821741709485,40,0.09853609724230805,0.08836710733957115,-0.005275792610911656,-0.004417302506265486,0.0019955101930209107,0.01466774228643658,0.012824232536196134,0.01940870684644941,-0.017883421815800965,-0.008009392387639674,-0.011339462015134777
520.jpg,8,0.0994889804973237,31,0.1330411880665655,0.0935667783009412,0.06814120537749818,0.06881392932890981,0.06723438587032765,0.05896709498489516,0.06136270684168238,0.06860591150767795,0.01445233295417353,0.027553805770082235,0.01871863073580679
522.jpg,8,0.1213540292621867,37,0.017455869955461556,0.05981099625606741,0.0335585473239331,0.03378016554791902,0.03595206106706028,-0.004030092838536781,-0.0013915177003959167,-0.0037059521761346192,0.02293824350879653,0.02379354256976185,0.02114182480391774
524.jpg,1,0.0478547862989621,36,-0.05120000356384424,0.04603519450565084,-0.0006312095122675276,-0.0009173420656756748,0.0011762498206971395,-0.03188956697856099,-0.02881032217942059,-0.028403566814574788,-0.005909531618556729,-0.010177421903506012,-0.004983502449964372
525.jpg,8,0.809330923130002,33,0.7911176316830463,0.8275877684205324,0.7988547009607547,0.8005159050322788,0.8060145653884476,0.8042607342019386,0.8058648416049683,0.8074192044864026,0.7634283331280738,0.7722746059704545,0.7643297874401944
527.jpg,9,0.19832920675980859,32,0.0449361268991989,0.07113007138593846,0.09174677695778746,0.09137118531930444,0.0944686544617987,0.06209186338699946,0.0706043126557292,0.06429665206427593,0.1171280242481155,0.12660793268764606,0.11899069276766104
529.jpg,0,0.60279557569062,34,0.26486462219157514,0.19584764884943417,0.34484983920096157,0.34457656496863076,0.3463369362139324,0.3915584752740868,0.39374073741917465,0.3920120101273239,0.341041568830468,0.3331422070809811,0.3324723844842914
530.jpg,7,0.0657708637682455,35,0.06720904985081166,0.0799439468108444,0.0886491059207141,0.08875809294568082,0.09608539844947786,0.12234974321252046,0.11827786231965823,0.114963978014503,0.14444186367502435,0.13654779712088821,0.14136702382491678
532.jpg,8,0.4183837292917274,37,0.3629388699201519,0.30811616456077345,0.41676697305733235,0.4175420220079991,0.4159875499399228,0.4602630826947024,0.4585333700206409,0.455418181832285,0.4334240928954824,0.43189662394209305,0.42139824759471706
533.jpg,1,0.06562579180806494,39,0.1845640443004709,0.11794094050599102,0.14749037883047988,0.1463644578265476,0.14336239145143828,0.1478915894886412,0.1512778250174538,0.1463735768317736,0.16127484341794973,0.15908622273827752,0.16113253770949434
535.jpg,5,0.162517680414021,35,0.1398613727434893,0.09595744525442501,0.2387460629179718,0.23816435234846162,0.23036677589049653,0.27168061893029843,0.26981946154893466,0.2731353578189037,0.2613669590940526,0.24323114565145199,0.23893510564923076
537.jpg,7,0.04865974455890132,41,-0.13762498148985913,0.04629249556890541,-0.054309193141737266,-0.05432587364568847,-0.07584106099949317,0.008395629211419287,0.0003395350738085723,0.020616116509895477,-0.052217877965997694,-0.06141046740242406,-0.052322463862052804
538.jpg,2,0.06490649022938062,36,0.05103301953682848,0.07903165906461816,0.0658651312743187,0.06691161470035964,0.06996523039562241,0.07285929257190446,0.07236670501770512,0.0690790345070881,0.08847361079466723,0.08639897424272201,0.07884826994020075
539.jpg,1,0.08211997619775288,34,0.10369927017509406,0.08713729131204517,0.08853647555194691,0.08714293643012408,0.08964196279190104,0.09696795494215743,0.08666001352808705,0.08179099489127342,0.11306984055121343,0.10841401520064717,0.1183933278032112
541.jpg,5,0.4442417905053222,38,0.290917629463303,0.21302564852930203,0.25099135130392564,0.25185049874816007,0.251680779674119,0.25775575989623883,0.25686328962439536,0.25925717380166774,0.23680722476850952,0.24664635037552457,0.24522413523678147
542.jpg,9,0.04180418070043541,36,0.14965639728281832,0.09818172525071174,0.07263825169681273,0.07263910220950029,0.0786401817572206,0.0718200174595095,0.06437119315594153,0.06571900149720963,-0.00522555751974535,0.004572728117834546,-0.006999151501243112
543.jpg,4,0.1588172317935607,37,0.23846795143232236,0.17857279552028857,0.20683443901024365,0.206523401668575,0.20704245946232758,0.1318249919095361,0.1354639507000565,0.12938607859899248,0.19156210542706797,0.19383387509344094,0.18482307705412207
549.jpg,0,0.5374037401957644,36,0.30779490496950135,0.2224501819887895,0.37233320810279436,0.37274700730718463,0.3785242448013037,0.36069908169761206,0.36065208185432623,0.35021926650565305,0.40576531009793276,0.4047846239096855,0.4072572299845084
550.jpg,4,0.09888296591070218,39,0.1653558538638571,0.10907365830222603,0.10248462898590488,0.10225199782424421,0.10686586572496895,0.15426666750637497,0.1529397711810429,0.14898850730074803,0.1141278389193523,0.11839813145357211,0.11503046479851903
552.jpg,5,0.1897689749667835,36,0.3673242203974626,0.3436538515868324,0.16045188121024767,0.16092255254745097,0.15247773886717234,0.1813723799907914,0.17857498273764524,0.17844124256929778,0.1638017202859251,0.1693274932618035,0.1555784454624774
553.jpg,9,0.16122558298898307,37,0.27812112760853486,0.2315791175620743,0.20864539547844685,0.2086889255717691,0.20590929944390837,0.18199341190136176,0.18704606725508105,0.17816599473748906,0.11524138509584801,0.11912284154288956,0.11397175767063368
554.jpg,6,0.056435643934777804,35,-0.06692531975354865,0.046385986459107124,-0.04797667626485813,-0.04654217938444094,-0.043964107999924285,0.02580412812501287,0.02456328169694244,0.029377617649068655,0.012009449478979278,0.006759550132005132,0.00572930637801361
555.jpg,4,0.11706464860917014,34,0.12631714626030266,0.09174008314488633,0.1538942608299408,0.15354093753595033,0.1476283897178475,0.16862320814051673,0.16398548796028456,0.16383977627531776,0.17659507293395693,0.1669515814199248,0.1573067411265578
557.jpg,5,0.032253225475098145,33,0.05334897448534637,0.07922114937799923,0.04559869479607123,0.04559473209164569,0.04839226852313058,0.015019228004194696,0.017035936122855033,0.013938740433944996,0.006549692394233225,0.004044867380863876,0.008866707458842799
559.jpg,1,0.43116454591619824,42,0.3911551460396532,0.3334965741721911,0.2597258223778816,0.25913531556640435,0.2555530666135744,0.2005061558608312,0.19797813153374683,0.19101526732251672,0.2074759580225735,0.20141062287993766,0.20992423162204535
560.jpg,0,0.02691831700212788,32,-0.03580882016019593,0.045958962806771246,-0.0345996292424664,-0.03517915794530552,-0.0381597706325606,-0.03206400694575534,-0.03838179305929057,-0.038306513794755304,-0.07062269503747057,-0.07474209173331908,-0.06792256633115201
562.jpg,1,0.10802233972562811,39,-0.06891755893679208,0.04603519450565084,0.08365447620374161,0.08298400111594212,0.08211562242299919,0.09510995874277356,0.09529711097221141,0.09472644801147612,0.14355952137260475,0.14501858438808274,0.1441631674532658
564.jpg,9,0.044004400415966906,36,0.03948570582458799,0.07113007138593846,0.11465336966042095,0.11448400163311809,0.11741862507855566,0.09053251658084283,0.09650840922684154,0.09482887615631969,0.07960157724201114,0.0909083953199471,0.0797263484120071
566.jpg,5,0.24158415804849936,40,0.5137331731559566,0.5470051376915658,0.2781313132340843,0.27833061939695747,0.27005528220582875,0.22806764235480903,0.23024494991292277,0.21348463150248137,0.24314722200419492,0.25650813176291076,0.2507551317480533
567.jpg,9,0.1427826997211301,38,0.304190513325859,0.2315791175620743,0.23383548144655936,0.2345425978924528,0.22060164390924958,0.1898743383954103,0.19575766813618045,0.19827625422038497,0.21744523617039796,0.22448425179522685,0.22628028021355293
571.jpg,2,0.6399889958556741,36,0.7636531952703869,0.8300813649179389,0.7170460458616594,0.7165279426357125,0.70393343173156,0.711273235857204,0.7152357717296998,0.7103879054325084,0.6775381196048941,0.680835889793612,0.6691716022214685
572.jpg,3,0.03109926399655449,39,-0.07638549571740205,0.047392414272459195,-0.01998931847625507,-0.016388931188058398,-0.01653537122493076,-0.003898426412987488,0.007720347100826586,0.0012182815391394985,-0.002151826315418409,0.009198653737144347,-0.008180084568268575
574.jpg,1,0.1700495034805499,40,0.25092947741762983,0.1645869364403248,0.14926956231624958,0.1496396699837781,0.14965601938123127,0.14826219278115557,0.15192471691884513,0.15067444775077113,0.17593060950030545,0.1827510460810625,0.1751503694833229
575.jpg,6,0.029207921132910996,40,0.047868214463754666,0.07770648768843971,0.11300350043300614,0.10801535184659511,0.11762485249228888,0.018652764325683302,0.022505094076209597,0.021209734321784968,0.07865383310004909,0.07206417828913464,0.0870426822437788
576.jpg,1,0.7630834460657622,35,0.6320548695081085,0.7565805737477225,0.559831322673235,0.5587341645701368,0.5526452561662507,0.5219168857090966,0.5218525849758198,0.5145807579494979,0.5207066770313065,0.5266308124336174,0.5198089400160288
577.jpg,4,0.25351745713698237,38,0.24016481813663942,0.17857279552028857,0.2876020701795232,0.28715856353213487,0.2811601424274928,0.23171873128367862,0.23228199743045577,0.22490188734831573,0.27868780164019025,0.2805892092801854,0.277110502140801
578.jpg,7,0.02970297061579509,36,0.1300587704648778,0.09557632197647248,0.22636470882905257,0.22650937940801438,0.2168043980290293,0.2186732822982581,0.22954842250318447,0.20944771368889925,0.20811587843763443,0.20710803938596348,0.2054084106432098
579.jpg,7,0.09045904523439029,33,-0.06301184660427417,0.04629249556890541,-0.03553722827914746,-0.03589697037120837,-0.037855854382593146,0.06965440733561037,0.05044961849596677,0.06195516350111832,0.002735652437578784,-0.008940060111918113,0.0029468435761121625
580.jpg,0,0.06492220720808421,35,0.06304478983770356,0.07916884494607446,0.014728632271606312,0.01413061044349645,0.01721115332819456,0.030554859167682358,0.02509190155523794,0.027953842258128025,0.005269716382606093,-0.0014707743935618023,0.003027404620334101
581.jpg,2,0.03015301576956655,33,0.08055507914419457,0.08885837734905663,0.06171149316933042,0.0645801335267844,0.06971904696656098,0.07151984129650221,0.063002274876997,0.05851824011822887,0.01669198699630453,0.015760159401513207,0.010638147079065158
582.jpg,4,0.04080813511501293,37,0.17493196639469988,0.10907365830222603,0.08943223745090181,0.08947230185815333,0.09057586489409436,0.10215268726450119,0.10450090997591194,0.10292389021890747,0.060160110836099706,0.06221099719127088,0.06211833795801337
586.jpg,7,0.03086779299466049,34,0.11045532866726337,0.09557632197647248,0.014062665620733661,0.013859464073625788,0.02609331694321143,-0.007245744761762818,-0.012804984850801504,-0.00018063970899606652,0.020906729584516726,0.025610542686707732,0.022871359048376227
589.jpg,5,0.8457318592715908,37,0.6772736962101911,0.82277683446095,0.840285661930231,0.841273261462661,0.8508594249328209,0.8627422235877167,0.8608700276841454,0.8665738756161219,0.8336934162468836,0.8420666036023733,0.8481390902268011
590.jpg,6,0.09171443546533976,38,-0.003949006877489669,0.05638836705578609,0.06858343216915147,0.06675278704557111,0.06615979968977123,0.12503229810408972,0.12114234711116537,0.11288691343362608,0.10719994539002436,0.09131959935858433,0.09439522365042761
591.jpg,2,0.06105610588565469,39,-0.013815065251642444,0.05521594341675469,-0.03264366906319699,-0.03313350852418506,-0.045491639747270995,0.038626405780789574,0.03519457376021967,0.030756811526909345,0.023910996557301195,0.023180079013846527,0.01332875915986309
593.jpg,5,0.1987270153526749,35,0.005541909623109298,0.05910792812330966,0.03111468627664693,0.031523281912834045,0.033222997849988,0.06392262605201071,0.06518040664589728,0.06487542132849686,0.06416532872197053,0.054617161636338396,0.04869481390671726
594.jpg,2,0.21017101766880264,33,0.378743674282194,0.3341334270976989,0.2481749939721721,0.24943119760267846,0.247857070064218,0.25542808765360697,0.24676646006659636,0.2550873939651911,0.23935876149138308,0.23066093266745902,0.24235322302110102
598.jpg,0,0.0841584157016946,41,0.033418012244777584,0.07916884494607446,0.06735628424400703,0.06738982044820219,0.06651337051704259,0.11207228740814393,0.11203530664236344,0.11050441150848883,0.12033982407241806,0.10950719474621888,0.11319175925652084
601.jpg,8,0.054963189320495494,39,0.07783761404296208,0.09034360992937154,0.06737378278479622,0.06621703740928142,0.05916885123164756,0.07757380106569331,0.07887859227699803,0.08333339053000224,0.09153781659804434,0.0814978531417763,0.07832372527913867
602.jpg,1,0.427826991243484,38,0.24596206064977472,0.1645869364403248,0.33042213127591624,0.33004463341430373,0.33034085711345307,0.35391645396294197,0.3528300891772932,0.35086526208188645,0.3538044733523136,0.34222575472995825,0.3573510615211975
603.jpg,2,0.061881188175175336,40,0.019586299674411833,0.06152905419076686,-0.04482480075191192,-0.046963245804793996,-0.04509302597944054,-0.039640618405590966,-0.044404932590620005,-0.03888714790943115,-0.07847335245589326,-0.07583815675813654,-0.07998965378957787
604.jpg,8,0.07057991552033595,35,0.27326181638312,0.2254205136826473,0.1766272612341092,0.17648884010126356,0.17397237342456418,0.1693532445828187,0.17140425617818345,0.17339050561120423,0.1905163212177732,0.19224901585734946,0.19701998219430006
605.jpg,1,0.16336633733340672,35,0.21193891177756963,0.1645869364403248,0.2051942819503823,0.20440329221715103,0.21607566442824014,0.19060194649649037,0.190902237750865,0.1792867528208502,0.16844927825203723,0.16049667932595896,0.1781520067430151
609.jpg,8,0.036400699577129936,34,0.02804904394563623,0.05981099625606741,0.05965164976550552,0.05987842897968215,0.06569905932037376,0.03630292304475802,0.03730314262455953,0.03340458032561189,0.05914970553239167,0.05947274922287937,0.05511478590608965
610.jpg,1,0.20505471668500258,38,0.1376774351085832,0.08713729131204517,0.06675932157271339,0.06907232145186626,0.07844971562997619,0.05083588797589789,0.06038016279904271,0.05846135556655552,0.047316433929555396,0.04922645428694572,0.053364379185932426
614.jpg,3,0.9311173813683646,35,0.7944563694568649,0.8297322003738978,0.8578253559681791,0.8544652863237605,0.8486706919531877,0.9277673831824419,0.91244030410049,0.920876955774989,0.9356390218994602,0.922583052911882,0.9384089712553807
616.jpg,2,0.0521258013733827,34,-0.045181880845135636,0.04661900470356416,-0.11178357535563865,-0.11144658598742063,-0.11325167951097614,-0.11640173970772366,-0.12404018034793102,-0.11136491937033338,-0.11739045424126127,-0.11379031234289483,-0.11587858372238027
618.jpg,3,0.07979033224503784,34,0.3816486862220096,0.3288217448652499,0.11230594683946926,0.11319511322373035,0.10731458936830326,0.19784103978420084,0.17894596833022774,0.18885337191381213,0.06201302805840456,0.07070803844324325,0.061011652209516376
619.jpg,9,0.04642761596856085,37,0.18092375237958425,0.11040210808228136,0.14364789938579467,0.14427362745470312,0.1381627551344254,0.13935851686448966,0.13671766682859984,0.14058261408813919,0.15594774398666333,0.15610797442249139,0.15418774200486451
620.jpg,2,0.8756875544786453,36,0.7344024898976371,0.8300813649179389,0.7617322466454208,0.7621532892542867,0.7708651858901575,0.7590934375883414,0.7525365214153112,0.757532866350983,0.7464623762889988,0.7456792231566485,0.7488412223765414
623.jpg,6,0.04659289403763764,34,0.1063676955282753,0.09054829252349651,-0.03830695331505973,-0.03451376816006346,-0.041888047867425615,0.02909037823663868,0.025986817148051122,0.03498886119205763,-0.09771958725385022,-0.08455967217738819,-0.10980935725537999
624.jpg,3,0.04397204445729799,34,0.2256120353239628,0.16416994361775675,0.12094916790005017,0.1195486056324474,0.12165870448891411,0.07279034146939553,0.08151662955357925,0.07850876482316924,0.0844356402468686,0.07971700124932105,0.08378115359380328
625.jpg,0,0.08103178779741652,38,0.2377720848669556,0.1733651970079882,0.1414867877801319,0.14179822379888235,0.13300255886022458,0.10438412812160991,0.10908093544165717,0.11842674098076938,0.08318564543599634,0.10109346974724878,0.08104244718541252
628.jpg,1,0.6094460791429958,37,0.555803089869529,0.5501052111634465,0.5196668944008632,0.520872353292831,0.526210373294017,0.5419809985857168,0.54328487830177,0.5435953738908084,0.5472406709278557,0.5467872577632098,0.550378581812916
631.jpg,8,0.08624283513544422,38,0.1665628541792924,0.10915193457790513,0.05252151525415191,0.05405872858955091,0.0510134142547935,0.10659847069019485,0.10167763886040335,0.10472431422347817,0.04203425760739746,0.053145060130134314,0.04180382798421725
632.jpg,0,0.7805280471459414,39,0.5115859673200986,0.5153025559799514,0.5899303396612774,0.5904765681940038,0.5947267902907062,0.6194787708695456,0.6216969635034786,0.6199661691913877,0.5998387162394196,0.6050283217759308,0.6026435657696998
633.jpg,9,0.22167216582844654,36,0.03787453485301706,0.07113007138593846,0.09387739447229598,0.09426163206770327,0.09048868896489509,0.0850654620255199,0.07931326518013604,0.08368269515321616,0.12134026546110438,0.11062050663354288,0.1128525664222322
634.jpg,9,0.033488643150228786,34,0.11746599500541866,0.09317989772985301,0.10682657523455552,0.10641095848196494,0.09958345070400684,0.014118000038972012,0.019490203711840626,0.016701363718474083,0.04203069523618719,0.050006920123276455,0.04079897468595234
635.jpg,0,0.3131505466806583,39,0.44977415786766994,0.39442742792454766,0.27359108330482595,0.2739549214439218,0.2751542977641375,0.296592162469904,0.2987671355115101,0.29721320448494176,0.346500782882202,0.35166607529023136,0.347760837982961
637.jpg,1,0.14214992841173496,35,0.2896196126239663,0.22095142294459744,0.2684734531619051,0.26671338781221804,0.2665778677483368,0.2836712933850088,0.2749553077285491,0.2807538289670314,0.21974081496175407,0.22357744732660434,0.2150009914131104
640.jpg,8,0.05530410246657474,35,-0.009415430538934566,0.05593489762627118,0.029061133810425438,0.028452714127052692,0.025797803071723024,0.05353373009677337,0.05298717588040064,0.05880299688396573,0.07506362412224032,0.054822264927654046,0.06867713840800857
641.jpg,2,0.12715700091794133,35,0.2927470775926564,0.22356135775292937,0.1597523677863761,0.15929301036328275,0.15989680941228385,0.09822265978772415,0.10219253808370604,0.0990067073194679,0.1043931477474136,0.10549792483167951,0.11195511232190886
642.jpg,2,0.8168316751718521,40,0.6056483292519774,0.6377536191127178,0.8319192677918889,0.8307600194106344,0.8440684772820891,0.7480758124643492,0.7524955180912581,0.7546604086577644,0.808015064071745,0.8205618092978336,0.8080708865438387
643.jpg,8,0.08095515483771176,34,0.0391212481453177,0.0775268134687618,0.142171502820286,0.1414192852757656,0.1436293621921632,0.09822029219134662,0.10058398410315905,0.09625825350065634,0.08882349874755324,0.07784687220014885,0.08593224647846281
645.jpg,9,0.05748074809606704,36,0.031002171337297213,0.06432655384334124,0.034301743778794136,0.03397542462850778,0.03891840482791628,0.06190365404741327,0.06215613919117527,0.05824746970924671,0.08546371304378025,0.08617543423478036,0.08772691820419799
646.jpg,1,0.040311173702191026,42,-0.045168819513447644,0.04627043254569424,0.09448170056085067,0.09378597556039808,0.09716031918088933,0.08764133701751647,0.08851415302551946,0.09938750288574391,0.10969655286350209,0.11084743967903433,0.10939911350482767
647.jpg,9,0.0742574259106602,35,0.23398143696055684,0.17099702468299946,0.13053038607450662,0.13066336439356319,0.1375263270134183,0.11178931366879025,0.1167764553188339,0.11968823015995292,0.17373818183576206,0.1808070471774868,0.1745649529730506
648.jpg,1,0.08533710543997586,42,0.12158419471434001,0.08713729131204517,0.09309999361422211,0.09167885419340871,0.08962185219616475,0.10355647716821423,0.10446143524279414,0.11030874039699554,0.0325032290967483,0.03808263575990292,0.03792998339651632
650.jpg,0,0.13975628468996057,39,0.16189917716733904,0.11165926386459313,0.15263747051358784,0.15338510083566606,0.15805089283304294,0.19360180843484603,0.19348387008161158,0.20236351820426227,0.20258649997076272,0.19555888311390868,0.1922175390921326
651.jpg,3,0.04642761606924437,37,0.05481605243640297,0.07767486454581682,0.029072187734756866,0.027833338412496716,0.02877663068251174,-0.006581164487623081,0.015170089142573784,0.00018380251469862774,0.09197911452158834,0.08572979394079736,0.08841434736840854
652.jpg,2,0.074015937666068,41,0.14852798962018487,0.09892773938056937,0.18849150363694694,0.18970046289145512,0.19546918988577583,0.09404761670135087,0.09837806951615957,0.09160156105805534,0.15102141730794286,0.15450335958896672,0.14444852405707811
655.jpg,8,0.08822036121422663,39,0.17964178862420044,0.10915193457790513,0.20033427177596444,0.20075701361478873,0.20400854598978302,0.2286581547200054,0.22839226709024857,0.23007081227362197,0.21615221094785791,0.21655783796315542,0.2160844159374894
658.jpg,8,0.3144867111144489,38,0.3725332949472624,0.32311075327005484,0.4920144709643215,0.4903402977213541,0.4892228285512197,0.43919889987829547,0.4403887315469196,0.43867223447127024,0.47101775901374765,0.45833829707804324,0.4729776395933216
661.jpg,7,0.9202970176935196,40,0.531769580658877,0.5391744815558638,0.9424253281371167,0.9432689971609971,0.9539494081382758,0.9738550063251739,0.9655917664850036,0.9657083522942773,0.9530813250228909,0.9350610543319737,0.955073565488411
662.jpg,4,0.6181518122553825,45,0.4514369400866779,0.3713166900585143,0.5784080903373336,0.578070175206234,0.5795016447793,0.6086667751227357,0.6084738594185626,0.6037762252602004,0.5960250244536256,0.5968135977409046,0.5979120173337555
663.jpg,2,0.8059877352345557,42,0.8122249406190113,0.8451407902200793,0.7933675671550091,0.7942811394278104,0.8094921087432576,0.8297567506916834,0.8272954948000245,0.8253934733092423,0.7955741530547007,0.7920012791507471,0.7941712042734598
664.jpg,1,0.5442939019075742,38,0.11262493992371303,0.08713729131204517,0.2538185022886647,0.25002110613474476,0.2555333812212427,0.2836967857612029,0.2836378757006818,0.28313784764084604,0.30539735132341855,0.3014330755700009,0.3082368556551341
665.jpg,1,0.07318704837077372,37,0.11360997141240792,0.08713729131204517,0.01602943717164218,0.01658534653456284,0.022228570110256307,0.06801918695709766,0.07053898639765585,0.06779866676190899,0.04923292973762192,0.045742457786041135,0.04893504287251557
666.jpg,6,0.059264497964509895,35,0.07618084242371681,0.09054829252349651,0.007891101177579463,0.008822651237335055,0.008612759637115774,0.03839327903234668,0.035099130357538644,0.03417439163460023,0.06476201113113586,0.06335646134079201,0.06987433933135404
667.jpg,4,0.2955445589846931,40,0.4647678061349637,0.4318158795734544,0.341364137030944,0.3415607764835565,0.3387449534028036,0.3054323857719109,0.3037057545712382,0.3081130107657764,0.3364910971051692,0.337413420816832,0.33490210173874985
668.jpg,4,0.7919522684354049,39,0.5284010850090164,0.544297620549343,0.5189678743380364,0.5189180965817386,0.5189837253165677,0.5676996798638303,0.56662887487715,0.5594412280828072,0.4912374250406729,0.49376937041716074,0.48412504725481087
671.jpg,8,0.08443344350800747,36,0.2022012091162083,0.10915193457790513,0.037648144987363824,0.03803200745759622,0.03743433955706685,0.07946959076400692,0.07924784709108165,0.08121706184536412,0.07309091780720331,0.06957944355270854,0.07023641187713581
673.jpg,9,0.25544554364169014,40,0.19440439729933068,0.11040210808228136,0.06923304281912518,0.06950480660809316,0.07109984536623393,0.11777435439610498,0.1140875327664668,0.13762576510833938,0.09583470838627794,0.09893886735505146,0.1087905659893274
675.jpg,7,0.03902154943138799,34,0.16928025188546925,0.11147143411372933,0.15231775407784484,0.15245270401220012,0.1560884027563716,0.06774787540630242,0.0744195031858117,0.07403365088371089,0.06039262656227837,0.06570407555679222,0.058145674214537785
678.jpg,9,0.08542777366267565,39,0.026521704952618963,0.06070816368641168,-0.03806808407387802,-0.037943976007290714,-0.03773293369956021,0.02535652893688517,0.018345248708840523,0.02887174440251644,-0.045136515371284186,-0.05201325979164373,-0.05104021545452117
680.jpg,2,0.9576457457409965,36,0.6387384706399166,0.8086172981675376,0.8463102870014091,0.8479405842409596,0.8583958647006421,0.8220792273550503,0.8246317002671862,0.8238292450584681,0.818430064823823,0.8156814767693823,0.8038918567799488
685.jpg,5,0.12545968984652842,35,0.09709373122834408,0.08836710733957115,0.14461253093969376,0.14314217789796363,0.1448239185232145,0.10393972050100789,0.10876507352005363,0.1110146769727349,0.12971389677496095,0.11102985720850303,0.1164519123855357
686.jpg,0,0.0732992663829317,31,-0.08088129039305259,0.045958962806771246,0.0667847281467806,0.06676593547592236,0.06797235054701431,0.08144414223744148,0.08091603239822481,0.08507955137126091,0.05861442543345957,0.058592916341632356,0.0620425833119444
688.jpg,1,0.04533611250257021,38,-0.08397961621176653,0.04603519450565084,0.12538657824753838,0.12705657818359872,0.12575729123960416,0.13612924350883251,0.13084766124323668,0.13266839082205634,0.08188327761667893,0.07897765345544486,0.08404095548748508
689.jpg,2,0.024186704214662312,35,-0.10454622456262319,0.04661900470356416,0.06283678112711297,0.06535477334744122,0.0641680922757425,0.08449555571756356,0.07885185427715141,0.0977182702094612,0.061873953121590525,0.05919973525787178,0.07385859773795947
690.jpg,7,0.023229246206868153,39,0.2305965925937185,0.1657461179922955,0.13336448732275574,0.13290815915019522,0.132827673734161,0.06248276691620466,0.06813028597187004,0.06187766359665098,0.07096655177353287,0.08596532892387759,0.06996516165415054
691.jpg,1,0.04428686147455026,37,0.1497249568414688,0.11794094050599102,0.05619598785651733,0.053035941730041114,0.060748293247902235,0.051025860476772655,0.052257505648735686,0.037096413514450366,0.07997610758047183,0.076837497753523,0.08626774256126762
692.jpg,3,0.026576342539077525,38,-0.09270324446349876,0.047392414272459195,-0.16394586622716611,-0.16452644816029088,-0.17054745619477907,-0.09220542678085747,-0.10712723121334716,-0.09677455274071295,-0.04189136349801298,-0.04958160743276635,-0.04279209351106719
693.jpg,7,0.060348892296176584,42,0.23813985296556361,0.18364805572859988,0.15430698392542458,0.1543528175509205,0.1497168804944694,0.12079418333679454,0.1240336983189256,0.10340154262577239,0.16926240149768523,0.16591153870741368,0.17295723358279674
696.jpg,6,0.9752475023269653,36,0.668008439461706,0.8249341018159506,0.9528360872140395,0.9438990113747143,0.9279866877441403,0.9361111837530984,0.9379014746976407,0.9246141111075821,0.9524374474453594,0.9355518661482075,0.9319181551966105
698.jpg,8,0.017326732761123113,36,-0.02356824401669566,0.047776030938199085,0.06644181597252821,0.06722240696615733,0.0716342316332497,0.06430759781869283,0.06404002051631141,0.06125346009443888,0.06741282365551178,0.07755733459416034,0.07535317661313509
699.jpg,2,0.9690928346401936,37,0.8185572020744298,0.8567778024043737,1.0143348378395944,1.0171795581319314,1.0222730552264938,1.0067434350865503,1.0032436868306776,1.0021708891305035,1.008183828168904,1.0054890759619264,1.0135476147033815
700.jpg,1,0.09598459895803696,36,0.15210315592537949,0.11794094050599102,0.17043940788667544,0.1698363095778218,0.1662183395297474,0.16006403027728874,0.1675716908965727,0.16966820910725142,0.15941250845783722,0.16348142403915777,0.16096160021517045
701.jpg,1,0.8401123737991864,37,0.6369816394784342,0.7638793145681624,0.8142892769377763,0.8115474262447809,0.7942920356008731,0.7578032833619981,0.7615638906715465,0.7698656948473812,0.8089543094289418,0.8104080663789777,0.7937535876140605
702.jpg,1,0.14191419241898176,36,-0.001705771640156728,0.05700848701000388,0.10813525037601587,0.10608372052046164,0.10446603464020168,0.10425492726448499,0.10145425824295007,0.106978677256343,0.15114383123463643,0.1438811489969132,0.15228053338636544
703.jpg,3,0.654840477470619,36,0.663668707361711,0.8297322003738978,0.5471533446385013,0.5473519261284907,0.5546130209363599,0.5138980525432747,0.5327042901797794,0.5213804180146895,0.481531338336147,0.49274108865815114,0.48093094454728225
705.jpg,7,0.21177117831798065,36,0.37643583511196177,0.3312300477300731,0.26302336086804856,0.26280701963730474,0.25563800738189413,0.22781808105616444,0.2401259424367124,0.22660879670132092,0.2069327091986139,0.21311137229909624,0.20872614142008028
707.jpg,2,0.18345952253131306,34,0.25597454769527656,0.17758042989049563,0.10734900053859958,0.10942715757194049,0.11021208041092023,0.13524922962259098,0.13462336615524245,0.12272653460037641,0.08555341893868378,0.0736627805015603,0.07331748709419804
708.jpg,2,0.05267834434142479,39,0.013208149865520324,0.06152905419076686,0.060943447592332195,0.059587510130060056,0.06849960033682964,0.05961264113308912,0.06243157681487557,0.07043004514872786,0.0802299615219707,0.09066199221736408,0.0862025781820228
709.jpg,5,0.3102693988746682,43,0.32122940465036687,0.2894894654059686,0.3334809192189859,0.33341749638876067,0.32745854772126337,0.27380843830037116,0.2762188307985366,0.2751151846027722,0.2622738526802752,0.2698530254202237,0.2682012969117252
710.jpg,4,0.33489430296813716,37,0.4014131363804148,0.35245052404523175,0.06989415218045342,0.07049521787724933,0.06997367134412327,0.11375935349324098,0.11478919271809915,0.09762722460186518,0.11897774901931803,0.11301270807204122,0.10021611406961184
711.jpg,3,0.0378645980051039,37,-0.04307536949025059,0.047392414272459195,-0.00023152631142497881,-0.0013626908228264178,0.003625322550959209,0.009065352010206695,0.007715729598202881,0.01248775694553328,0.01814091744718102,0.005325290337149263,0.010867188337033845
713.jpg,9,0.45544554137526766,38,0.634084466890588,0.7955370442269751,0.4567349378455836,0.45615275835358043,0.4493689966196849,0.4062384237806844,0.40819444661278614,0.4043064708403067,0.438419083728532,0.43955801112093884,0.4442086573256587
714.jpg,5,0.02876639016274665,37,0.04143680496478552,0.07922114937799923,0.035121864094629585,0.03521632342534051,0.03894598981037156,0.017490185479947185,0.019046403751854013,0.02470529791155135,0.020964089435623112,0.014407253553033877,0.01650228028300124
718.jpg,7,0.025020069732154544,37,0.24789783568307544,0.18364805572859988,0.16724309775171237,0.1671184084023269,0.14704763768454834,0.17687200149412258,0.17993315291511525,0.184607924795563,0.11946595450164217,0.1194314554299203,0.11453479564519675
719.jpg,7,0.013835999123656597,39,-0.017214763690053148,0.05603379223244831,0.1368873759081314,0.1371294319015623,0.1436460958111657,0.08818214953658204,0.09638928459051296,0.09388850153452616,0.10233158704583849,0.10972901081904324,0.10121332331796257
720.jpg,4,0.4359889409483172,43,0.3483902723793932,0.2879262054147124,0.2539417755505371,0.25356642081611513,0.25529724699923617,0.248966582384809,0.24770966151758123,0.2577511393562728,0.2347721654209477,0.23682496383062654,0.24251482324218637
721.jpg,9,0.39337394946517473,39,0.42709700696217184,0.3924116782873867,0.3933533441079191,0.39352074414348537,0.39849278188881615,0.3550563477220528,0.354220666918565,0.35103499273125105,0.3817408309527361,0.38213464826828253,0.3826180049227288
722.jpg,5,0.03465346541119421,41,0.193941738811083,0.11313444613597116,0.19339992923093738,0.1942131542058858,0.1910241234230004,0.12711851797779833,0.1310817553198903,0.13366097604655441,0.13118478823899038,0.1341905591380843,0.13232626339745465
723.jpg,2,0.1075357542011059,36,0.31069384145194634,0.2665825055922645,0.14560971239539605,0.14577802465372597,0.14666140485673013,0.12795145288207896,0.13086589203274163,0.12016352567443672,0.19294458206645274,0.1876168216105861,0.18406321599461092
724.jpg,7,0.8927392562230428,36,0.6818094580148506,0.8285308876476952,0.7740453245105207,0.7742642869734446,0.7778698829411128,0.7712199990297546,0.7716263671569015,0.7929242314872251,0.7260780203737903,0.7367305400255704,0.7243764364977916
725.jpg,2,0.0675596989252988,34,0.2463856488799679,0.17758042989049563,0.19910570661926205,0.20067873673982078,0.19541963492111142,0.14336906078455913,0.14407372283161246,0.14104833891977178,0.14111575307521537,0.13896470018687784,0.13211313319138068
726.jpg,9,0.2915134364606014,35,0.25228611407633283,0.1726241879610755,0.22233330961241649,0.2216914164588092,0.24106429039084737,0.16070151231976998,0.16609993886668728,0.16469619470201102,0.29761075167472917,0.31542769813154825,0.3031284449538999
727.jpg,3,0.5186018596939517,33,0.36538429387142574,0.3288217448652499,0.44303074595442304,0.4413017996892452,0.4464871527271258,0.4664529896198571,0.4531624502678354,0.4596308716647841,0.44299783665691045,0.4364187705797332,0.4432826616850892
731.jpg,3,0.037856727126328385,34,0.05120754223187407,0.07767486454581682,0.04878288477502371,0.04886590739190491,0.04735338550434612,0.007040364169043023,0.012528221103166315,0.007150453142285018,0.01730824178588891,0.019827533332364256,0.02247231931818422
733.jpg,7,0.0487977372482419,35,0.1858645979830511,0.11147143411372933,0.19349108683260785,0.19348668798619678,0.19729066711359794,0.11425474853143977,0.11570991050430662,0.11933060446735383,0.1533534502446362,0.1570465080837274,0.14743840932976762
734.jpg,9,0.8349363407918385,35,0.5278875745720587,0.5452716727631266,0.6095603403208375,0.6093275758517889,0.6145953420161472,0.6333175245515777,0.6289568296658273,0.6377956755024341,0.6656215999373072,0.6579071659473165,0.6700719919100723
736.jpg,7,0.029977997557984457,36,0.1935045136531317,0.11147143411372933,-0.0009977076788093009,-0.00202798607779503,0.006853162574893545,-0.015848056866137217,-0.013947445323544638,-0.026269499306064037,0.04965515540852214,0.054681812806097935,0.052371548177012506
737.jpg,8,0.5280056556154574,35,0.28112758640491375,0.2254205136826473,0.4530120592840131,0.45127063105298865,0.45377300974850154,0.3906879628414796,0.389043751435055,0.38457201400852986,0.4080469232506617,0.38778360072898305,0.40252761698393535
738.jpg,7,0.04689942691230068,38,0.08403691421694548,0.09223972812526997,0.11916439649167798,0.11887485732487904,0.11381081910398788,0.09750126471734691,0.10169284027221401,0.09288866703166382,0.1279657498852392,0.1355851803634093,0.12455733951816396
739.jpg,1,0.17487289352543853,37,0.4614707138989449,0.41412219447863335,0.25758995927110995,0.25734130326699983,0.2574233069943596,0.2253168830384866,0.22937778919851443,0.22530035277264882,0.26347989849778997,0.2647765284888489,0.25780366162168006
741.jpg,4,0.13083451145461628,35,0.12417201708585712,0.09174008314488633,0.020823923482525764,0.020768937538445303,0.01927526092189133,0.016719357206781582,0.017196937460927597,0.020130561930169266,0.09473413696778801,0.08756495151128636,0.09187284431770072
748.jpg,1,0.025852585495967004,36,0.20032321361460803,0.12030519695991497,0.1260652950362388,0.12624165637148235,0.12296164746449903,0.06601947893177629,0.07365423959989065,0.06769710462665673,0.07575287448106516,0.07874450274079883,0.07722256359237653
751.jpg,8,0.4245049473480321,40,0.45645319591789696,0.38436736071907135,0.4801690368467231,0.47950651238258113,0.4682037240065169,0.48846877976255854,0.4868529894221505,0.49020386493836565,0.47394515136583787,0.4849866872769164,0.4842822634177726
752.jpg,8,0.20844189783460215,38,0.10162172654087931,0.09034360992937154,0.22340495584394,0.22174634262579862,0.2204184153616399,0.21622084087080204,0.21649817758818835,0.20920271937326096,0.1975364364426714,0.18509896345669355,0.1918276520696516
753.jpg,3,0.04080813458642444,37,0.06652936033483103,0.08141234264506916,0.026698683611867086,0.030519840961280686,0.028913092878979335,0.026077566291170085,0.03440018833022779,0.024389608809561814,0.019224329298446724,0.041577640693572754,0.025944741058836096
755.jpg,6,0.24455445745427692,35,0.442904155559365,0.3998715771573699,0.34917942888365244,0.34976547395118185,0.354812804114926,0.33968860685079894,0.34099776451425196,0.35103966503537865,0.29287494685518756,0.3053826309106586,0.3012583546154382
756.jpg,4,0.10005211007879361,38,0.29209634739249685,0.22222004531453723,0.16188453878159842,0.16177560462802407,0.1590991526803763,0.17839690691793075,0.17801257012967656,0.18376309263631718,0.11654742363594794,0.11637739664741362,0.1291932773499498
757.jpg,0,0.06311881203437224,40,0.27540321391563743,0.2121206585493216,0.08665728367301637,0.08654897950793258,0.08532870561696682,0.07578001835790771,0.07787524377093524,0.0719854227739608,0.06726688543235101,0.06432368351101617,0.06329032434522347
758.jpg,7,0.06675667636040034,33,0.006002911665092925,0.06010074934757324,0.024269319797703193,0.024253365988723102,0.021133367747732473,0.12040202115526696,0.11404002607061767,0.11722221840573899,0.07453934302710646,0.07320139501796871,0.07013116409819359
759.jpg,6,0.40046898941019254,38,0.2482073612529901,0.1755656630305975,0.28764507304403675,0.28564876238175385,0.2854600953896821,0.36726582234371036,0.3647432046167369,0.36673571680987616,0.33081282195204464,0.31963899179411365,0.32601513441739394
760.jpg,5,0.9046712196790255,39,0.6615034993177433,0.812692261710766,0.7292118436554363,0.7305733862544282,0.7342749327596545,0.7395755698871781,0.7409891164890191,0.7431070569973324,0.7593912674202986,0.77806181622774,0.7810742533887558
761.jpg,2,0.49796902400274307,39,0.4363042357298926,0.3676336096629217,0.38501030458859875,0.38493299436458595,0.384829851425203,0.3343510115531507,0.3341640838206397,0.34136521890081867,0.40167759136744463,0.4061034392181202,0.4018154286757459
762.jpg,8,0.9385870823989043,37,0.7630392192873712,0.8275877684205324,0.9121875416922823,0.9127782257322081,0.9180987306591624,0.9090659768330351,0.9084346122126542,0.905955172574046,0.8885407031721526,0.8940385427735495,0.8927466685000469
764.jpg,6,0.051155115071779646,39,0.1407373270639929,0.09278997743192813,0.059311615752603686,0.05798689658691433,0.0646672887184056,0.020908346409008294,0.02049517873304868,0.0078078039481077055,0.011832237566815756,0.006927908808883915,0.00019709613088178535
765.jpg,2,0.2527358002323461,38,0.13695683542025616,0.09144584813060634,0.20945469131305572,0.21208295042043873,0.1948202377090169,0.2562440553226866,0.25879314412093185,0.2505061260931477,0.25053015849159455,0.23507849715638351,0.2462290088433446
767.jpg,0,0.0739573951895264,33,0.21289030676111298,0.17149729591511792,0.1579799372380194,0.15712149628156535,0.15839276325960247,0.1637269094979516,0.16006585436087065,0.1568880252838158,0.16167350912323347,0.15207621130659338,0.16003925985559186
768.jpg,2,0.025273580214400824,38,-0.006052754831254448,0.06152905419076686,-0.030004572619312164,-0.030520036944228113,-0.026267063900409282,-0.002391144247183119,-0.002318082078549888,0.003816966834057467,0.021613661075047558,0.02857785983205316,0.027814954418924148
769.jpg,8,0.9554455234454229,39,0.8738942730192202,0.8733862235140857,0.9404412454787916,0.9409619807617549,0.9460292788948319,0.9292866078101691,0.9296164356971338,0.9327392108715531,0.8895098138205935,0.9108860918320283,0.9034284183072685
774.jpg,9,0.03197752221210583,37,0.16433740040468248,0.11040210808228136,0.13185538584847326,0.1316191932286841,0.14034602994929468,0.09237705309681532,0.09339453825178412,0.09802151637221362,0.100789097325865,0.09271946362292521,0.09658645666272593
776.jpg,2,0.026918316856608726,32,0.14963157414985684,0.09892773938056937,0.055534484737397416,0.05658924612676139,0.05578632050291196,0.06789069479799156,0.06645961264729963,0.07208565215333115,0.05401645834145799,0.057400983294073976,0.05919652705499347
777.jpg,2,0.0271608242135797,37,0.1252943462785171,0.09144584813060634,-0.1054837120133536,-0.10659158085427833,-0.10609357033188027,-0.05345574372221895,-0.05739800153535907,-0.04735495411115098,-0.031749739270443444,-0.035075392900650676,-0.030847523172286312
779.jpg,8,0.5675596968161271,34,0.595472738218093,0.6504604055235533,0.6636885918017628,0.6618052694092958,0.6523079102019063,0.684997772496406,0.6829225194969158,0.6843904116738292,0.5978161031973832,0.595746066874578,0.6087705112009136
781.jpg,9,0.08238131346372075,39,0.3075073317330882,0.24147419566132589,0.21220977069763752,0.21214492433916485,0.2066786155193364,0.19642968094973645,0.19674889071256602,0.1953469663406126,0.21892825579021136,0.21455471472217974,0.22091886342123546
782.jpg,6,0.06097561033533477,41,0.051483830892270044,0.07770648768843971,0.1393437218149149,0.13831405095267926,0.12797554764222654,0.08203217075846958,0.0820248791288086,0.09135494416368822,0.07945248823149796,0.08495026629558694,0.07688320994007089
783.jpg,3,0.11468646760719518,36,0.18464717786267415,0.11313635385456605,0.04927687825967683,0.05087518992265441,0.05041577109492948,0.0119025972825757,0.019277958205790147,0.012273465109829573,0.006434988279230086,0.02298455823551923,0.0156679356702622
786.jpg,6,0.1909476642696453,42,0.14626475896614277,0.09278997743192813,0.1376791272565855,0.13956508803174345,0.15350043006939207,0.15827301631487137,0.1584792626942234,0.15442274525680383,0.15175982724384904,0.15241561218254737,0.16737171078565194
788.jpg,6,0.03663366341165134,35,-0.11800644308261543,0.046385986459107124,-0.03963530051441233,-0.03828069832145814,-0.04918751093026896,0.015275761476188143,0.017055690026295756,0.016299039039147034,0.005214222321237166,0.00431394307241581,-0.014750700714330711
791.jpg,4,0.045596665090048,38,0.13250085817479118,0.09174008314488633,0.08755505235226355,0.08754970321214567,0.08648902240845818,0.09309748126997308,0.0936092806996591,0.08808281457237585,0.11445298605248427,0.11140143466445414,0.11855723340530741
792.jpg,5,0.3085003624352195,41,0.22963240876604274,0.14735355111284462,0.18767398118894155,0.1877209665179347,0.18906779565774204,0.256532211341599,0.25703614656825335,0.2493462362242157,0.22408110670747886,0.2316390271291729,0.2347286532688188
794.jpg,3,0.6969775867305303,38,0.6742203639742383,0.8297322003738978,0.7864989922105439,0.7864186647308564,0.7834907260684969,0.7153432919104596,0.7214812541435942,0.7154990629906433,0.7422488421838892,0.7507401029814661,0.7483503319058712
795.jpg,8,0.05995599477965799,36,0.10807506230731356,0.09034360992937154,0.10878539177664945,0.10960301809070136,0.10765171204950616,0.10762907099658678,0.11056705142572659,0.11559149279116854,0.11268535189587693,0.11100960803761709,0.10847241872205203
796.jpg,9,0.15886588623239237,33,0.417326299552263,0.34643529120438415,0.2811809556130016,0.2809253556546072,0.28384315366743795,0.2512980984357484,0.2492117727885175,0.25283127490423174,0.2521046695322349,0.2469108249398359,0.24721256782587578
797.jpg,0,0.034653465200618315,37,0.019427095948603257,0.06092413450809215,0.11275565508838187,0.11334541737381734,0.12056513541167246,0.07733853651631759,0.07818267513811725,0.0809198804352669,0.10936585821422976,0.11097928206307753,0.10852650624419953
798.jpg,5,0.8243243122423017,37,0.5362828889106154,0.5685263347557699,0.6926820381960541,0.6922711609362479,0.7047814958309577,0.6267366357879705,0.6222428933686901,0.6251302581979024,0.7412985511819097,0.7286911225525632,0.7392727424927932
800.jpg,2,0.25351745837466105,38,0.37675611771594525,0.3341334270976989,0.149344449950765,0.15047054465702564,0.14305574469465868,0.14698358827310953,0.14563726857140874,0.13758160763768573,0.1751223659725181,0.1647489645403158,0.16354443723902384
801.jpg,8,0.19336051099440632,34,0.3048306535148175,0.2254205136826473,0.3012055024929754,0.3007721771852897,0.29760487793857693,0.2541607390109668,0.2550312857150013,0.2544620862268661,0.27361185514932285,0.2776226645664196,0.28115378556638865
802.jpg,4,0.5979676859110201,38,0.8639845754916141,0.8947391614320889,0.7938516602544933,0.7948033092009317,0.8005680001667841,0.7469723282668033,0.7523508434742832,0.7565494807878839,0.8224299320367331,0.8178298484070221,0.8146926952860736
804.jpg,8,0.0676567661217772,39,0.11310529413224457,0.09034360992937154,0.0977714449097867,0.09933306450015245,0.10089080940173106,0.0821852786603321,0.08352613264922287,0.08015979289855649,0.1178111410071415,0.12948184881424585,0.12013053011653495
805.jpg,3,0.092282305435779,39,-0.007208291760998686,0.05368574600787071,-0.013484895426747856,-0.01366604095104118,-0.01808754265542295,-0.007846925814562478,-0.023255063019243905,-0.014778016859961496,0.04434765526574447,0.043489873828322895,0.046097324353624264
806.jpg,1,0.026315789841311544,38,0.12253986709346498,0.08713729131204517,0.12147816619484778,0.12171226592929285,0.12254102375070355,0.08759840012716955,0.09057737091540616,0.083567588359071,0.13188482514523958,0.13643677085930678,0.13295885604880298
808.jpg,7,0.12277227697195485,40,0.18584917073579266,0.11147143411372933,0.06373657669048649,0.06336165019390327,0.07240914630459008,0.025801342096757662,0.026404403483346328,0.018284625536261645,0.04072769932506584,0.04792186024652956,0.040755788435885815
810.jpg,8,0.08470847016562605,36,0.047987149213872926,0.0775268134687618,0.06279407028036135,0.06179992370636872,0.05413609920403428,0.04896210421068081,0.05126050914459096,0.054849105169616774,0.08803228154368721,0.09189098931435594,0.09679895403879582
812.jpg,6,0.15828204572804877,37,0.1606898548223038,0.11590555968676279,0.10597573743081679,0.10132074661587856,0.10587858748976808,0.12062838231573447,0.11895002263047247,0.1179636002830182,0.0748267270474256,0.0626659859622474,0.07265397055531539
813.jpg,7,0.03278030505454218,37,0.14198790323114008,0.09557632197647248,0.07159876691652331,0.07199803625528675,0.08888649713474536,0.03664855682143947,0.04064849474554044,0.03618404765070371,0.06314987351665607,0.07099549482354833,0.06952194534966252
814.jpg,3,0.04837983803273263,44,0.2454870987299841,0.18013752560086935,0.11128833679577751,0.1121564723395358,0.10788761606082392,0.11651997523205479,0.10670088458712226,0.10511700105704144,0.08101035768486865,0.08181338844387942,0.08325127708714239
816.jpg,0,0.5656846125791894,41,0.24053050205552917,0.1733651970079882,0.38334889183180343,0.38331250380161497,0.386153472805285,0.45871954875672016,0.4561709069219534,0.44314757914533914,0.38556161654901083,0.3725902178828283,0.3734534040188446
817.jpg,8,0.9015401382413175,36,0.7381398205290279,0.8275877684205324,0.8310040425938969,0.8323677237633194,0.8355252098683987,0.820009741661262,0.8221619161587134,0.8252286903978943,0.8707766213491221,0.8726666212917898,0.8642029919101819
818.jpg,3,0.026402640104707744,36,-0.06545779564034127,0.047392414272459195,0.01851944532428612,0.01886563176653941,0.0140751597860575,0.001238657863773085,0.008085560688198212,0.005510224704159905,0.04852672760305979,0.05135595899446743,0.04847527282391584
820.jpg,9,0.249381186964456,32,0.17397686600537776,0.11040210808228136,0.19325259527768157,0.19247907321682112,0.18255146290767096,0.21874174367703086,0.21776114340711186,0.20642014702781003,0.2123157253580254,0.20358933012009375,0.21146137102952794
824.jpg,4,0.4598608515854623,37,0.314627645147738,0.26659808850172445,0.4908186567683111,0.4915105192938306,0.4909167515458169,0.5082600238577338,0.5102674432797346,0.5077910149595072,0.5451161435552714,0.5343414347046356,0.5433938595118014
827.jpg,6,0.09860850908365604,37,0.07295308984482285,0.09054829252349651,0.011515905814860894,0.0137780207173544,0.008167655882278135,0.07439849894591108,0.07197606802824091,0.0889384875322792,0.08230049558960986,0.08717400930700692,0.10062452008684396
828.jpg,4,0.34455445480998603,40,0.1543933596968946,0.09565929596907692,0.12873401290315006,0.12858025300986062,0.12293969755002121,0.17503244417866232,0.1726646152825238,0.18314879918747023,0.13897847468856675,0.14543271526639417,0.13949746967892981
829.jpg,5,0.024752475297412813,39,-0.08230888737432873,0.046613689321107404,0.041483580689381655,0.0413709299207545,0.04710545445922171,0.048538509176982436,0.04727142023777553,0.04487255545269714,0.10116198036035758,0.09845422581905966,0.11099918845583984
830.jpg,7,0.09353830026903827,38,0.08022162879191719,0.09223972812526997,0.08100963427209429,0.08113287950154577,0.07965336170022441,0.16797516181024336,0.16139446237844873,0.17634557224842057,0.1417940925453074,0.130894563224647,0.14351089836987002
832.jpg,9,0.04483734121812241,35,0.2904299116026707,0.2315791175620743,0.28598301428912865,0.2859012138962481,0.2803375181754342,0.23883513368981002,0.2480533624877817,0.2369167735118764,0.2889264452588033,0.28497644064143085,0.2920298371563987
834.jpg,7,0.466336630564183,35,0.5079063385949787,0.5363834778808065,0.37849490190970614,0.37865378543505823,0.3624175740234093,0.3580235854663544,0.3724012032994194,0.36987599470614896,0.4110166478543181,0.41301533508317056,0.40764210521286537
835.jpg,2,0.11716171513156344,36,0.17776472417051747,0.11348760639671167,0.22612262778643538,0.22296068816808687,0.2010082957333454,0.29145234177216167,0.2798301499036783,0.3061413754689921,0.19278790421178482,0.20369219777508796,0.1975232885227748
836.jpg,6,0.7749428708965962,39,0.7065809123021454,0.8249341018159506,0.7833933565584285,0.7849874760623802,0.7870832967116503,0.7427856769286811,0.7429628224223894,0.7397813539880225,0.7555824544810641,0.7595202848954226,0.7576178454842364
837.jpg,6,0.6744714973720949,37,0.501267991756198,0.5311829243807672,0.550920831348193,0.5498126044473833,0.5556539406223684,0.5210959716659881,0.5223870233753236,0.5171041753917777,0.5649895713165636,0.5669312599006904,0.5641529505869111
838.jpg,1,0.7526021752960216,39,0.8691142212690732,0.8792757124935886,0.8354548511522852,0.833342593953956,0.828993337968309,0.8474050769606706,0.850554320596171,0.8421196308789882,0.9240688754189879,0.9167037551560206,0.9246793120485989
839.jpg,7,0.04887027196729413,39,0.06873076255529686,0.09223972812526997,0.132643232509485,0.1330091871316818,0.14136879479341855,0.08411127942264529,0.08383175265426354,0.0844987431772411,0.11592338110049574,0.11908346530543672,0.11651332579354112
841.jpg,0,0.27619157086104845,43,0.07081488682247328,0.08851544821962254,0.30053815524225896,0.3000055247893172,0.29823071670164175,0.2554863172935901,0.25174667643114346,0.24137751883176772,0.265270432004793,0.26635552699428555,0.27501960374448264
843.jpg,4,0.07773615260029564,37,0.23868808429054705,0.17857279552028857,0.10236342814794305,0.10188568727172234,0.10519194160090758,0.149866072609296,0.14798100482557727,0.13376143617695657,0.11919981005168923,0.10672346658266194,0.09468044720059077
844.jpg,4,0.921534639596939,40,0.8832851847604581,0.911817497182564,0.8649712443316112,0.8660412814822216,0.8732722348500291,0.8924853931024891,0.8973704804263518,0.9028542278551378,0.8900468117182434,0.8887617790783704,0.8778620370379708
845.jpg,6,0.48756029157159037,39,0.429196527904216,0.3998715771573699,0.387078560914031,0.39213764059680806,0.38247662126619175,0.35828645203939546,0.3615925619426328,0.3599677336781663,0.3881514310601954,0.39460444891449165,0.3816807256227176
847.jpg,6,0.10760812980956153,38,0.1335481490765461,0.09108544733760784,0.18147668448596216,0.18050210088992058,0.19622592433785863,0.15603469304973536,0.15526452551758688,0.15511302559181459,0.13649432272967443,0.14561976061142023,0.16858542104988378
848.jpg,5,0.8969825424608731,42,0.8823029747241251,0.9142727068961707,0.9317867346746069,0.9315830969019487,0.9326457253544991,0.8978646714744994,0.8988597773227351,0.9113953982500465,0.9125823962252333,0.9027337056235981,0.8958971289581918
849.jpg,7,0.03033764926621165,39,-0.21332233667738987,0.02811212207375057,-0.04126955898585266,-0.04104151054499605,-0.04182470200657251,-0.05846378690951637,-0.04858068708483493,-0.05642266968626186,-0.059281121963936145,-0.050194236435271766,-0.05882102795810196
850.jpg,4,0.17051705117854807,36,0.21196132303732018,0.16815865197508456,0.09432328627628456,0.09525528110065345,0.10054493141735074,0.12933785015189056,0.12894658758331062,0.13717784505415812,0.12750972815596395,0.12018085438401661,0.1181257961543434
851.jpg,5,0.04152915264583296,36,0.045959270691611875,0.07922114937799923,0.009397303770321885,0.010124076843075702,0.013215776668040413,0.018895481350014454,0.018799588590748595,0.005830694658036373,0.04349957958693146,0.05262026365364622,0.04730038961787028
852.jpg,2,0.1445544570684433,40,0.23785196131196984,0.17743316984726865,0.11205352906554858,0.11104933221912788,0.09870777435269557,0.2106549054417404,0.20550303627014765,0.19846830841876698,0.13396526796494143,0.12314710989861377,0.12947671833737043
854.jpg,2,0.06968773858478436,39,0.06378180914730436,0.07965414204991368,0.10801914237067078,0.1107773349728679,0.11739416740348974,0.1393291521983588,0.13693373099051523,0.13477296944486827,0.1348548110971338,0.13080652557588687,0.1510591382877661
855.jpg,6,0.1534653475361043,38,0.27621386503776435,0.220707720168041,0.22375810605424604,0.2204923877881541,0.23084447705641756,0.23673600214498158,0.2355195563161223,0.2263922108283043,0.2271936372768458,0.21648110757259478,0.24259556977531085
856.jpg,9,0.03080307983327657,36,0.03848008819867832,0.07113007138593846,0.09110461989101964,0.09171723529389142,0.09627949654717693,0.06976220484733014,0.0720802186790955,0.07438910038690646,0.14559733846815176,0.1472334326635817,0.1509065283696378
857.jpg,3,0.34666844793419177,37,0.3114197573438772,0.23575699266143368,0.17320016719547762,0.1732477904432841,0.1772092482154367,0.22283534780908648,0.2231185534893661,0.22110014787167284,0.26972315497005295,0.26154214262927195,0.27686228495999277
859.jpg,3,0.3610949307844481,34,0.5224874632089606,0.5160820207262972,0.2608992228851679,0.26136534582235155,0.2604474346185752,0.2671053286896992,0.26077998121222296,0.2594388138087379,0.28076063526703066,0.2852801797479103,0.2775090696685516
860.jpg,3,0.06363197399030734,41,0.19386941250849798,0.11313635385456605,0.06694336976939916,0.06835584742047471,0.06615013487410668,0.07051037906523433,0.06429087899537514,0.06356659042794294,0.0500741091229599,0.056584288972254565,0.05501127064020489
862.jpg,9,0.02631578980454881,38,0.15418432238137003,0.11040210808228136,0.04879991425378402,0.048446782843266534,0.04617922119667994,0.036425903188493924,0.03899343685318346,0.0325437462268971,0.05570395647265239,0.06597618169814537,0.057796696560422356
864.jpg,9,0.9310552823107417,41,0.5114870336592563,0.5064480127349631,0.743412830445459,0.7430077511343799,0.7400757721995463,0.8108033310028876,0.8122661908025273,0.816163104989465,0.8018237776829444,0.7846313976332641,0.788212127614965
865.jpg,4,0.013351334964461399,33,0.16864074256963546,0.10907365830222603,0.09060164165008222,0.09065040156267107,0.0898525469650236,0.07783839067954387,0.08231570051283321,0.07755868395346172,0.030178395539915942,0.036262809687120645,0.025684341260122173
867.jpg,3,0.8192319057627835,33,0.6169750462966351,0.665880047540317,0.6831951625201058,0.6859355893166036,0.6863261267729852,0.6779856339046375,0.6814664495615983,0.6763706713026547,0.709049218332204,0.7098987623094979,0.7010618521589661
869.jpg,2,0.6702970220474527,40,0.7863287788043557,0.8300813649179389,0.7775267344662072,0.7786879762736322,0.779120477834203,0.7442384451999331,0.741054331014937,0.736277892688666,0.7823597659629662,0.7782741556515904,0.8014975861128377
870.jpg,3,0.11760770678016785,37,0.2684377455593916,0.22325240042283023,0.20637700073520276,0.20469264116625252,0.20363394061795412,0.15021199423544426,0.1545846280473985,0.15037707768601247,0.1760115523186861,0.16628183779605404,0.17629639383750015
872.jpg,8,0.014026402392321162,36,-0.046393853828816,0.047776030938199085,-0.017510685482227728,-0.017143837823287933,-0.013397246584359479,0.06084949442879073,0.058196096317995605,0.058243637120647396,0.03981370389096345,0.050990271751118255,0.04446867290432757
873.jpg,4,0.017795022803585272,37,0.009284989363270824,0.06169898906432711,0.10463930438746599,0.10454631565844824,0.09864026770250817,0.09589306927592406,0.10051507095798667,0.10324792993226478,0.08313641843090086,0.08094188072741354,0.09953016152655687
874.jpg,1,0.014851484968162635,34,-0.05651672701033228,0.04603519450565084,0.06546720458564745,0.06557901238248559,0.06576762449868989,0.02442697130004573,0.03138767739529974,0.016618942392928826,0.036727574739066265,0.042399342284397595,0.04301781849525982
875.jpg,2,0.04757975869708591,36,-0.013060419958547786,0.05636875354462206,0.08474665623529729,0.08402404042952771,0.08783696869445656,0.11117409440446813,0.10647994604579142,0.11288530513441555,0.12183518749773758,0.11355296172585094,0.11819774759246002
876.jpg,2,0.5264997001846924,34,0.5098775684933384,0.5331842797538361,0.5581179667065519,0.5590740399865034,0.5434009262169546,0.46043859326994624,0.46738456867519573,0.4854750351187202,0.5274826275685766,0.5296209875354507,0.5223585945313706
880.jpg,6,0.049142718758070615,41,0.13014583847409789,0.09108544733760784,0.1908438036157255,0.19192332257308353,0.19251091131284345,0.1797808700962527,0.1817086616648143,0.17573202063105248,0.19628042723679853,0.20341651841442868,0.20271156255192244
881.jpg,0,0.025334886001313433,34,-0.2219832133798555,0.03033764926621165,-0.19701140699236763,-0.1968354058536097,-0.19726241057126775,-0.08843536289728055,-0.08827699211809559,-0.07859989723161492,-0.11662382217115089,-0.1198766203618622,-0.11805450001513523
884.jpg,3,0.13687449805690227,37,-0.0025342604327858176,0.05368574600787071,0.27796618495898895,0.2748900989993485,0.2652761843710613,0.2450945021167518,0.2520769568411838,0.2510345335924494,0.26622042910390126,0.26189357208259884,0.26967149210161134
885.jpg,5,0.10093509348937207,36,0.3017358174531223,0.21302564852930203,0.2489116571219111,0.24804347610518795,0.24790952827999171,0.19321331826271376,0.19595502543898158,0.19174763198933864,0.2050375257505229,0.19250841637559138,0.18489919545208217
887.jpg,9,0.21474444528890624,37,0.20797907771950475,0.17099702468299946,0.15554370770233705,0.15639113460670362,0.158913972982357,0.14922573004262932,0.14711743009076664,0.15107265339989792,0.1381697730053409,0.13332651102491377,0.13505437895264738
890.jpg,9,0.35416109116143873,37,0.4259686360774976,0.3924116782873867,0.39339007695724193,0.3946946699313816,0.40485342969431526,0.3547418887172517,0.3559230600558656,0.3570882477916123,0.33485553100636634,0.349920661305813,0.3372614119594474
891.jpg,4,0.2859245371199339,37,0.16740402239994234,0.10907365830222603,0.26932718773262104,0.2689720564471894,0.2655595194483399,0.2966948110041282,0.29503695670072655,0.3023094575229127,0.26489058304371677,0.2648569960527209,0.25752556196648774
895.jpg,3,0.034653465753086865,39,0.16546181374153768,0.11313635385456605,0.0309873504356247,0.03339414924954498,0.029407253716037224,0.0883960751855829,0.083372897941809,0.08161824375671828,0.08056419455604813,0.08553353191973354,0.08107282304680757
896.jpg,0,0.02117711763518552,36,0.2199576403329242,0.17149729591511792,0.1354485475814761,0.13597669012750213,0.13624213722886372,0.07559545021222369,0.07950396325117598,0.0839957807815159,0.086664976195585,0.09945986017548354,0.09043462224900742
897.jpg,4,0.07578065544844438,39,0.005404453574415435,0.06169898906432711,0.050498696121348385,0.05059029183640254,0.050798513751992486,0.10967674481368395,0.10682340049917907,0.1061794483209019,0.026853797796335066,0.04316506806282949,0.040691820332868556
898.jpg,0,0.037953795748762786,36,0.03607260012291158,0.07916884494607446,-0.034674137244506686,-0.0343511157620065,-0.02752212537448684,0.00533093300488402,0.00352212100809407,0.0020365822297054303,0.05292257579975418,0.051357265199661745,0.04954703255959417
899.jpg,0,0.07571345295154434,34,0.11114840965104755,0.08954125006450564,0.04957562518340808,0.04997526699482305,0.049913332856011655,0.06324636175869527,0.06146879364898769,0.052544303265247505,0.07150893673732472,0.06731095379600699,0.06931856336753808
902.jpg,7,0.1789994792351009,38,0.15048776352259263,0.09557632197647248,0.13976928954625806,0.1392882269502769,0.14699378952116846,0.11085475151913585,0.11409846798119067,0.12445686430921063,0.15891641857185493,0.15773034214401727,0.15871547964031202
903.jpg,4,0.03658536631931982,41,0.2682291752752417,0.22222004531453723,0.023539072559718988,0.023639451722025945,0.02633331341834222,-0.013185370694432652,-0.013355687308027497,-0.028885074453022574,0.07281774819472966,0.06140597888911578,0.05329465566404157
904.jpg,6,0.9093352045331683,35,0.5999148261180618,0.6231844430656872,0.8420250343263302,0.8410448587891236,0.8419815279377896,0.9063328919664153,0.9028469689688321,0.9060564626376215,0.8984192353679638,0.8948329854813958,0.9030481363918716
905.jpg,9,0.09240924279826383,36,0.2673221480647001,0.2315791175620743,0.05794537772205255,0.05789412057988272,0.054871922700965414,0.06582369178715702,0.06433563007597506,0.06759226925046963,0.03065613392991892,0.03300452443411356,0.030307732032964746
906.jpg,0,0.04251601596308105,34,0.18519503196083809,0.11165926386459313,0.0924088002746346,0.0922424687472754,0.09272071024592335,0.13599082322800854,0.1309666320991575,0.13490018379705107,0.06105696853626716,0.06749472588135377,0.06713034090410627
907.jpg,8,0.5750390804054117,38,0.16046261315586108,0.10915193457790513,0.22273424046793283,0.22273337554281164,0.22324999525607497,0.19249636025788536,0.1944740611967719,0.19692759563527906,0.22072802909704747,0.2228273818102118,0.22580672962966064
908.jpg,4,0.035956226963255754,38,0.16336477326375953,0.10907365830222603,0.03718870474721497,0.036781333598606636,0.035692008392217534,0.0631481472152998,0.05992646275734545,0.06424812119230186,0.08666044067266308,0.08758411929399572,0.09241600056507167
909.jpg,0,0.03162816296228104,36,0.2106325467341612,0.17149729591511792,0.11312619790514114,0.11393249601081895,0.11757380698526734,0.09584962350018361,0.09649156950419358,0.08918646551546372,0.0585223973941999,0.06910091281772396,0.06355367830526712
910.jpg,3,0.04749799348615311,37,0.12497101372574015,0.09066049970490521,0.10487749370512683,0.10788767030084892,0.1075280823682456,0.1104480334344404,0.11427495251272468,0.11347468893209434,0.17133306281664695,0.18289873170481397,0.17395414070951792
911.jpg,5,0.18545315862418368,39,0.2485071747725262,0.1750346488209941,0.2525979623031725,0.2534274102840412,0.26109632022403023,0.24469827587779086,0.24453914597853516,0.23633303219048526,0.27831736121841105,0.2895401007689698,0.29210046130484735
912.jpg,3,0.5480905213925455,35,0.5829489581350942,0.6505518735058203,0.7161767065127965,0.7122799507025301,0.7155794581815476,0.6617355389186275,0.6642261301323996,0.664301302838094,0.6950764008597954,0.6856213245188647,0.6940316914310592
915.jpg,2,0.8940086176571174,39,0.7120236620935887,0.8300813649179389,0.853409345366951,0.853539182862387,0.8459725892687713,0.9561290116502268,0.9475680298641057,0.9454358008623136,0.9342520361257074,0.9247607228042739,0.9259915365759013
917.jpg,5,0.10289001885197453,37,0.10916539474162124,0.08836710733957115,0.21168220314535335,0.21157405448395383,0.21155100512700004,0.15006142430604427,0.15014682992470113,0.14741624834385283,0.1716644514340766,0.16656991440811697,0.1549284236755304
919.jpg,5,0.2722772270655976,39,0.38411847833720847,0.3436869770642831,0.35697548534918144,0.3567573960474814,0.35847109962323653,0.3135751382412191,0.3126934017928215,0.317474799696348,0.3526842974533553,0.35343102121161657,0.3560488882891655
921.jpg,0,0.9146767469013438,34,0.6651731150306174,0.825304827377029,0.7805137798769997,0.7812698306169489,0.7919778274611031,0.8347838751000752,0.8329008745133739,0.8186952886657908,0.7751169692888767,0.7784954699193611,0.7669472611857097
922.jpg,9,0.9708181133395747,38,0.9178715358010305,0.9068891498083003,0.9132228510195131,0.9134703059865716,0.9220120834650329,0.9141479478325549,0.9112481662408585,0.9131318036362621,0.9226154573048503,0.9278423028563578,0.9329781005865019
923.jpg,3,0.9267085049210525,41,0.6704435290245713,0.8297322003738978,0.8119050106780559,0.8121747081124131,0.8158060541462027,0.8022022137820888,0.8069060257970839,0.8001030732558546,0.7823325173581231,0.7870557447965688,0.7793761551443837
925.jpg,2,0.19280171294923168,37,0.2209210916029113,0.16548528287852468,0.2888125252000696,0.2886817646015407,0.2971918177033951,0.3059446309036194,0.30532191998643643,0.30207230836806764,0.2789766874195454,0.2811515255157852,0.2779192669447714
928.jpg,9,0.03630363005989542,36,0.16068412672511423,0.11040210808228136,0.009161599846352786,0.008997088283614507,0.009556505247813096,-0.025513684975673134,-0.023197794012225548,-0.022917345850652304,-0.011138603004033326,-0.0033437967987038075,-0.009404735537408976
932.jpg,6,0.036176694688411094,39,-0.019544143063302877,0.046385986459107124,0.06087588512012526,0.06075360323199261,0.06508169513341666,0.06354627015714606,0.062374927490151444,0.06099884288928978,0.07336574598946574,0.07459610665295535,0.07932213632144137
933.jpg,4,0.055280527824329004,36,0.22422062409259313,0.16815865197508456,0.16156297866612335,0.16176563153243673,0.16318705052397028,0.10479214593185177,0.1090843680363919,0.10227580001026398,0.12615179320158698,0.12398091410949615,0.12824709731971462
934.jpg,1,0.22960867338059915,42,0.372669805467953,0.3304868187691307,0.22989207679020013,0.22740058644409403,0.2289824312559531,0.3028428053134636,0.2983459712778337,0.2912903690634729,0.26750372985305787,0.2718677503766556,0.2657495842793667
935.jpg,7,0.06355365265060116,37,0.06955294083302188,0.09223972812526997,0.09082848154233927,0.09034514799242366,0.09064311104036929,0.10996343966418953,0.11056128445454494,0.10933046633503321,0.15667226018296282,0.15558869620335514,0.15197784876181958
936.jpg,0,0.814958513626275,37,0.6380534543807841,0.825304827377029,0.6989336911565822,0.6998862911764119,0.7054284963776307,0.7736233173082872,0.7701252684285829,0.7719856271544134,0.7507320928952513,0.7590016152753822,0.7532353642999723
938.jpg,8,0.18391089437063785,40,0.17329680821963966,0.10915193457790513,0.16640639485158437,0.16673249153875375,0.1706125690715819,0.15373520716336117,0.15568343313704558,0.15904032713756544,0.14132242441476306,0.14260532401946036,0.13657685788794954
939.jpg,7,0.17299973405897617,37,0.20321190163501113,0.11372893903724188,0.24200052509383446,0.2416883321704332,0.2477920295371927,0.27808239421666414,0.2739627001305681,0.27941568178400206,0.27692450262856977,0.2817201824586508,0.2744601463960407
940.jpg,9,0.38026709381360996,43,0.4579345327316606,0.393255407417606,0.48008729988889376,0.4800144496574005,0.4839777035203897,0.5333243707360014,0.5275603372865418,0.5299646541377628,0.5310682425318175,0.5320846408462949,0.528257469092075
941.jpg,9,0.2730800107725569,37,0.3499374062724708,0.28521474252863543,0.31179256292950314,0.31202212222233794,0.30530333169333124,0.28699021029820265,0.2811277828055738,0.2816251786132535,0.2511939582569899,0.2501636607176665,0.25281634407700726
942.jpg,0,0.1170007257449736,41,0.06375715884997002,0.07916884494607446,0.16552575637919392,0.16443004684502333,0.16618700936255024,0.11258248627800518,0.11213380404042023,0.09583116859754534,0.13295767159319294,0.11553762605213885,0.12657939219575548
943.jpg,6,0.4135474484731875,41,0.29886633747046815,0.220707720168041,0.41678336450404707,0.4124535374344955,0.4152508874872245,0.47996224878566995,0.47876705415634147,0.4768038209066636,0.40547373874594245,0.40029270493844427,0.4036978775411295
944.jpg,4,0.21693323338881898,39,0.41673447216567,0.35245052404523175,0.38009418124848354,0.37997938338067805,0.3762897703140747,0.34514268774749196,0.3453899742799203,0.3498661595409734,0.39330669583060474,0.3989517834411984,0.39575742191802854
947.jpg,2,0.43701870064251125,36,0.319323060730544,0.2824463075834526,0.33570845070783606,0.33027296605328077,0.3319774083041689,0.3798582580992343,0.38143716808516215,0.3796916960865042,0.38634172969869324,0.39689055993756045,0.39286571069446163
950.jpg,0,0.04187851259484887,37,-0.01552856831246574,0.05785283903651772,0.007543510267269182,0.007588098329883053,0.01093655190416698,0.026031009016447615,0.023150401820755118,0.02719651869960421,0.018498775865738892,0.02164937166373776,0.020029889660202083
952.jpg,5,0.044554455721801195,37,0.01113421964332073,0.05910792812330966,0.02634682996756954,0.026148763125800722,0.026712914511341668,0.0652766105444858,0.06300184158527505,0.06412151857605433,0.056690296912495,0.05150784693684851,0.052444623410409785
953.jpg,4,0.13389362217208675,43,0.29170023042031806,0.22222004531453723,0.08436935040583973,0.08433676248179178,0.08193515735304382,0.08125410060028526,0.07667003969656846,0.09468852090908805,0.10175246760313139,0.11314356718982743,0.09329810255431302
954.jpg,0,0.09272143485125255,37,0.08447254989872377,0.08851544821962254,0.0673834670393478,0.06699586467654997,0.06517756461936602,0.0538313704828734,0.05582010011517169,0.0628707442056631,0.0740258467386922,0.06509128161492755,0.06969029969328233
956.jpg,4,0.31188118899604533,41,0.18845170021564517,0.10907365830222603,0.3323905827753553,0.33151167633632495,0.3144423975514838,0.3044354479444998,0.3054791852042001,0.3071035972861186,0.24752551367367073,0.24372692355154285,0.265630943007048
957.jpg,3,0.054455445777322795,37,0.08237709630508605,0.08929796283960076,0.11381218098041768,0.11313992882304602,0.1150364336736712,0.10371755451655623,0.1005983258678887,0.10038491112794876,0.05964586758066032,0.05489324482478308,0.06424552333327793
960.jpg,0,0.09983498359926873,36,0.2412235488217887,0.1733651970079882,0.27442318391424,0.27368086751875514,0.2686205334952325,0.3109307004866943,0.3100567925571101,0.31823785104017616,0.2600766167684878,0.2545852315445003,0.257894724452189
962.jpg,6,0.03682685399246288,41,0.188665327294397,0.11590555968676279,0.20220881561509219,0.20246703678354713,0.2014473553124665,0.10681736829489971,0.10930825193735255,0.09644052716987456,0.17737245172776786,0.171894915430005,0.17664709721495225
964.jpg,4,0.22089911789658503,37,0.3627222320288939,0.32374957186261594,0.3541932003678172,0.35440456739035325,0.3544719654410305,0.3552758946236273,0.3555094093093542,0.3518479833524003,0.3575460655155436,0.35231657379569803,0.35890648502601696
965.jpg,8,0.033446028181238145,41,-0.034302556394045225,0.047776030938199085,0.04336871438541054,0.04419225677887045,0.049138093963396356,0.05444544527581768,0.056139972689101536,0.060613446598119236,0.058880553449914455,0.06422889687969874,0.05744993214619168
966.jpg,0,0.15270373249092165,39,0.4204505951754444,0.39442742792454766,0.24305262510612627,0.2431212521499021,0.24951164503442844,0.24599325841010053,0.24477123484072302,0.24070466560262765,0.211572709930206,0.2056431348388825,0.21564052015242974
969.jpg,6,0.07073707453285655,45,0.08861910750152047,0.09054829252349651,0.07817897890031214,0.07677972391184046,0.08171746694980675,0.04935464558394648,0.050746659274248984,0.05087618493665946,0.009614095694989666,0.0025104962864155866,0.006995961998711359
970.jpg,1,0.0648394112429786,41,-0.009844472680929361,0.05696484209043388,0.15989342887552546,0.15878809379645234,0.1588574430819012,0.1255461434951663,0.12089143157524118,0.12407649439068172,0.12027083504690719,0.11963452705264302,0.11729614133916448
972.jpg,5,0.5273857152763199,47,0.4327890584019408,0.37722085246808795,0.5473106005812678,0.5468854147025366,0.5306900111177204,0.5922040163985918,0.5908588399562267,0.5907941600984967,0.5863683861487037,0.587627857119926,0.5875935170703632
973.jpg,9,0.5108910873881541,40,0.35605368247320474,0.28521474252863543,0.5425703707109368,0.5428749277700496,0.5447410644554032,0.5013348875772947,0.5074769470512034,0.4996464122645572,0.5042525260399444,0.5014795606543045,0.5084490903517704
975.jpg,5,0.37227722788229584,40,0.5640864397561322,0.6230224713324927,0.5579199981191296,0.5579819956228982,0.5587172019551397,0.5167351733153841,0.5147832310851798,0.5164776249545878,0.5289817130956527,0.537336359178193,0.5428100526340501
979.jpg,0,0.0674028953967186,39,0.037406723476515635,0.07916884494607446,0.008472311870582894,0.007946270748399986,0.0030077707836366208,0.01846472273654226,0.012658223870458618,0.004014295872425022,0.012708916058289915,0.009781496516372029,0.017821754220499364
980.jpg,8,0.04749799290722286,37,0.30983036893171073,0.270775189242373,0.16363817687655283,0.16390720744736115,0.16328538137258702,0.1903360740347357,0.18853199103703314,0.18946748250502238,0.12137916482732775,0.12755349692176965,0.13258752084603265
981.jpg,4,0.032581165313807336,43,-0.10024499085641414,0.04643846971764795,0.059048030438234755,0.058383859983139,0.051049829694670035,0.04573440916263308,0.04520902476439287,0.04380595372582988,0.05038606602756662,0.04287278450386994,0.059264582658040396
982.jpg,5,0.06875687576312986,36,0.3113206811910382,0.2894894654059686,0.14605193332587518,0.1462204048932089,0.14645542061431496,0.14537947920074842,0.14529858403645457,0.14750378106113546,0.16423518494112843,0.1609929112475197,0.1563224611724303
984.jpg,6,0.42224100220766736,41,0.5429999813583037,0.5517437437727577,0.47821140206141594,0.4766260814792604,0.475573581578854,0.4442996474072167,0.4460297498775889,0.44453455663290686,0.48583417141643226,0.4888783860637918,0.4739789628236299
985.jpg,7,0.9015401362105169,36,0.8792030220039393,0.9138169475212061,0.9190008437885576,0.9184659619748248,0.9140040221418214,0.9740606715517197,0.9686618531490314,0.9673341086697195,0.9410753706319749,0.9273622531643797,0.9411191999906239
986.jpg,7,0.04653465391602367,40,-0.04501305970070646,0.04629249556890541,-0.050001366182389095,-0.049881181784280026,-0.04765936242530305,-0.052172110750476564,-0.05870407555304713,-0.053000709406874125,-0.031368374499291696,-0.04101371208908028,-0.02952669293575169
988.jpg,8,0.11145303832568429,37,0.30601753171076695,0.22576152037216174,0.18098488742325142,0.18114847357267322,0.1841415387325915,0.14388164541595835,0.1430524051184072,0.13216826840707185,0.19164782035115543,0.18156438654268414,0.18990932418529893
989.jpg,2,0.024752475565210694,42,0.08678849565049573,0.08885837734905663,0.027088786407368504,0.0298866774131748,0.033810987630598116,0.022990249935186113,0.024467825323519155,0.012868724996547232,0.05138755731425773,0.04174151680083241,0.04028622500794932
991.jpg,0,0.3605374824388751,35,0.1500117760722336,0.09501768984125948,0.2942631378965391,0.2939660018982625,0.2931463179518959,0.32620564162319254,0.32471061994776557,0.31631570418259125,0.35114159132866574,0.3488240032167797,0.348127673686775
992.jpg,4,0.08576398209442158,37,0.12944687573149982,0.09174008314488633,0.041512342142255326,0.04126745844787791,0.037259309758573445,0.03427151550838914,0.03396934053072165,0.036245999140884944,-0.01994201068501278,-0.02124226004520141,-0.01575653422850684
994.jpg,9,0.01992272409587735,41,0.22238640777007734,0.17099702468299946,0.10703810057371524,0.10705761733836971,0.10366981716764043,0.11745293449909339,0.11699588544239714,0.1283258607604149,0.06112898402167746,0.06635853718312204,0.06141463834127023
995.jpg,2,0.45625143528504425,43,0.5481418840334047,0.5633521707648143,0.5182540799418233,0.5177830425907956,0.5097067348568411,0.5171696325515391,0.5179002452248695,0.5164471876508727,0.5430394563626042,0.5411481022413179,0.5476809962800515
998.jpg,2,0.020509193740075544,42,-0.0926063621362937,0.04661900470356416,0.06654963825276491,0.06572265762203122,0.06603013817149975,0.032346353439169084,0.035432945767151,0.03343396876889526,0.09942457001939761,0.1029966689440056,0.10119684619042076
999.jpg,8,0.06122980868492864,38,0.02699772051872429,0.05981099625606741,0.09727646679473068,0.09680952746089513,0.09145609162100751,0.07576565293097481,0.07518134409080288,0.07442366713854065,0.10862886529743095,0.11241176411707858,0.11390519434995093
1000.jpg,8,0.04552040548949707,41,0.11853743589636945,0.0935667783009412,0.006050097988406111,0.0061648610733616716,0.009085042822294054,0.05067563020237292,0.0501050906879954,0.0592085935050653,0.004791234210313078,0.01224398677421562,0.010864583985776666
1001.jpg,1,0.6207437775801958,41,0.5534882797721896,0.5501052111634465,0.5975225372156883,0.5982461857147232,0.5914404396436111,0.5675506096021431,0.5698434586240251,0.5673366169520686,0.6337496123592821,0.63700221202929,0.6324239559244574
1002.jpg,7,0.8768976754612393,45,0.7826044562261245,0.8285308876476952,0.9672645513720556,0.9678325883994807,0.9893135322335392,1.0052017861759075,0.9987962808332369,0.9986164095200711,0.9642537058840152,0.9588978898019311,0.9735749280244059
1004.jpg,2,0.2652423153999017,38,0.3094362465518338,0.2665825055922645,0.362863047441234,0.36033938232594187,0.36183624885548715,0.3279217140660051,0.3319510090822244,0.322618351542005,0.3377973256536557,0.3446902755041278,0.3399183111466051
